{
  "type": "FeatureCollection",
  "features": [
    {
      "type": "Feature",
      "geometry": {
        "type": "Polygon",
        "coordinates": [
          [
            [
              34.39869529346976,
              31.503207218186958
            ],
            [
              34.389245694481886,
              31.504693955456123
            ],
            [
              34.385218469542565,
              31.486093817900944
            ],
            [
              34.394668068530436,
              31.484607080631786
            ],
            [
              34.39869529346976,
              31.503207218186958
            ]
          ]
        ]
      },
      "properties": {
        "event_id": "oc-0002_0",
        "image_name": "oc-0002.jpg",
        "patch_name": "S1_20190101_034235_034350_VV_4",
        "start_time": "2019-01-01T03:42:35",
        "end_time": "2019-01-01T03:43:50",
        "sentinel_id": "S1B_IW_GRDH_1SDV_20190101T034325_20190101T034350_014295_01A97E_5586.SAFE",
        "class_name": "oil",
        "confidence": 0.862,
        "bbox_pixels": [
          256.03,
          305.41,
          301.73,
          408.69
        ],
        "centroid_lon": 34.391957,
        "centroid_lat": 31.494651,
        "estimated_area_km2": 2.8605,
        "status": "candidate_detection",
        "note": "AI-generated suspected oil-spill candidate; not verified."
      }
    },
    {
      "type": "Feature",
      "geometry": {
        "type": "Polygon",
        "coordinates": [
          [
            [
              34.37590658407539,
              31.470564577785595
            ],
            [
              34.36481398808942,
              31.47230981331202
            ],
            [
              34.36147867773509,
              31.45690535184923
            ],
            [
              34.37257127372106,
              31.4551601163228
            ],
            [
              34.37590658407539,
              31.470564577785595
            ]
          ]
        ]
      },
      "properties": {
        "event_id": "oc-0002_1",
        "image_name": "oc-0002.jpg",
        "patch_name": "S1_20190101_034235_034350_VV_4",
        "start_time": "2019-01-01T03:42:35",
        "end_time": "2019-01-01T03:43:50",
        "sentinel_id": "S1B_IW_GRDH_1SDV_20190101T034325_20190101T034350_014295_01A97E_5586.SAFE",
        "class_name": "oil",
        "confidence": 0.8009,
        "bbox_pixels": [
          329.56,
          499.94,
          383.21,
          585.47
        ],
        "centroid_lon": 34.368693,
        "centroid_lat": 31.463735,
        "estimated_area_km2": 2.6154,
        "status": "candidate_detection",
        "note": "AI-generated suspected oil-spill candidate; not verified."
      }
    },
    {
      "type": "Feature",
      "geometry": {
        "type": "Polygon",
        "coordinates": [
          [
            [
              34.44205506154075,
              31.552724805283447
            ],
            [
              34.41972720527094,
              31.556237722191288
            ],
            [
              34.412237635980915,
              31.52164640406972
            ],
            [
              34.43456549225071,
              31.518133487161883
            ],
            [
              34.44205506154075,
              31.552724805283447
            ]
          ]
        ]
      },
      "properties": {
        "event_id": "oc-0002_2",
        "image_name": "oc-0002.jpg",
        "patch_name": "S1_20190101_034235_034350_VV_4",
        "start_time": "2019-01-01T03:42:35",
        "end_time": "2019-01-01T03:43:50",
        "sentinel_id": "S1B_IW_GRDH_1SDV_20190101T034325_20190101T034350_014295_01A97E_5586.SAFE",
        "class_name": "oil",
        "confidence": 0.6205,
        "bbox_pixels": [
          103.38,
          2.89,
          211.36,
          194.96
        ],
        "centroid_lon": 34.427146,
        "centroid_lat": 31.537186,
        "estimated_area_km2": 12.0,
        "status": "candidate_detection",
        "note": "AI-generated suspected oil-spill candidate; not verified."
      }
    },
    {
      "type": "Feature",
      "geometry": {
        "type": "Polygon",
        "coordinates": [
          [
            [
              34.424726746465694,
              31.529052345162437
            ],
            [
              34.41449522527945,
              31.530662104887405
            ],
            [
              34.41248634188466,
              31.521383877810827
            ],
            [
              34.4227178630709,
              31.519774118085852
            ],
            [
              34.424726746465694,
              31.529052345162437
            ]
          ]
        ]
      },
      "properties": {
        "event_id": "oc-0002_3",
        "image_name": "oc-0002.jpg",
        "patch_name": "S1_20190101_034235_034350_VV_4",
        "start_time": "2019-01-01T03:42:35",
        "end_time": "2019-01-01T03:43:50",
        "sentinel_id": "S1B_IW_GRDH_1SDV_20190101T034325_20190101T034350_014295_01A97E_5586.SAFE",
        "class_name": "oil",
        "confidence": 0.4981,
        "bbox_pixels": [
          160.45,
          144.64,
          209.93,
          196.16
        ],
        "centroid_lon": 34.418607,
        "centroid_lat": 31.525218,
        "estimated_area_km2": 1.4078,
        "status": "candidate_detection",
        "note": "AI-generated suspected oil-spill candidate; not verified."
      }
    },
    {
      "type": "Feature",
      "geometry": {
        "type": "Polygon",
        "coordinates": [
          [
            [
              32.429993245114936,
              31.20039496031272
            ],
            [
              32.44227025334967,
              31.202180301084006
            ],
            [
              32.44072642777844,
              31.209890930092413
            ],
            [
              32.42844941954371,
              31.20810558932113
            ],
            [
              32.429993245114936,
              31.20039496031272
            ]
          ]
        ]
      },
      "properties": {
        "event_id": "oc-0007_0",
        "image_name": "oc-0007.jpg",
        "patch_name": "S1_20190110_155611_155635_VV_0",
        "start_time": "2019-01-10T15:56:11",
        "end_time": "2019-01-10T15:56:35",
        "sentinel_id": "S1B_IW_GRDH_1SDV_20190110T155611_20190110T155635_014434_01ADED_1E1A.SAFE",
        "class_name": "oil",
        "confidence": 0.8635,
        "bbox_pixels": [
          409.69,
          404.32,
          469.07,
          447.26
        ],
        "centroid_lon": 32.43536,
        "centroid_lat": 31.205143,
        "estimated_area_km2": 1.3911,
        "status": "candidate_detection",
        "note": "AI-generated suspected oil-spill candidate; not verified."
      }
    },
    {
      "type": "Feature",
      "geometry": {
        "type": "Polygon",
        "coordinates": [
          [
            [
              32.39511279341325,
              31.219375908452676
            ],
            [
              32.42513666147046,
              31.223742023936953
            ],
            [
              32.4214073083562,
              31.24236825920684
            ],
            [
              32.391383440298995,
              31.23800214372256
            ],
            [
              32.39511279341325,
              31.219375908452676
            ]
          ]
        ]
      },
      "properties": {
        "event_id": "oc-0007_1",
        "image_name": "oc-0007.jpg",
        "patch_name": "S1_20190110_155611_155635_VV_0",
        "start_time": "2019-01-10T15:56:11",
        "end_time": "2019-01-10T15:56:35",
        "sentinel_id": "S1B_IW_GRDH_1SDV_20190110T155611_20190110T155635_014434_01ADED_1E1A.SAFE",
        "class_name": "oil",
        "confidence": 0.6572,
        "bbox_pixels": [
          263.62,
          534.5,
          408.84,
          638.25
        ],
        "centroid_lon": 32.40826,
        "centroid_lat": 31.230872,
        "estimated_area_km2": 8.2235,
        "status": "candidate_detection",
        "note": "AI-generated suspected oil-spill candidate; not verified."
      }
    },
    {
      "type": "Feature",
      "geometry": {
        "type": "Polygon",
        "coordinates": [
          [
            [
              32.37161834857929,
              31.143906845723794
            ],
            [
              32.44463678155826,
              31.154525294694448
            ],
            [
              32.42985390162618,
              31.228358313758527
            ],
            [
              32.35683546864721,
              31.217739864787873
            ],
            [
              32.37161834857929,
              31.143906845723794
            ]
          ]
        ]
      },
      "properties": {
        "event_id": "oc-0007_2",
        "image_name": "oc-0007.jpg",
        "patch_name": "S1_20190110_155611_155635_VV_0",
        "start_time": "2019-01-10T15:56:11",
        "end_time": "2019-01-10T15:56:35",
        "sentinel_id": "S1B_IW_GRDH_1SDV_20190110T155611_20190110T155635_014434_01ADED_1E1A.SAFE",
        "class_name": "oil",
        "confidence": 0.6518,
        "bbox_pixels": [
          82.18,
          144.53,
          435.35,
          555.77
        ],
        "centroid_lon": 32.400736,
        "centroid_lat": 31.186133,
        "estimated_area_km2": 78.6085,
        "status": "candidate_detection",
        "note": "AI-generated suspected oil-spill candidate; not verified."
      }
    },
    {
      "type": "Feature",
      "geometry": {
        "type": "Polygon",
        "coordinates": [
          [
            [
              32.46192164489477,
              31.217780312353764
            ],
            [
              32.475129941795515,
              31.21970108250601
            ],
            [
              32.47201121865263,
              31.23527752947182
            ],
            [
              32.4588029217519,
              31.233356759319577
            ],
            [
              32.46192164489477,
              31.217780312353764
            ]
          ]
        ]
      },
      "properties": {
        "event_id": "oc-0007_3",
        "image_name": "oc-0007.jpg",
        "patch_name": "S1_20190110_155611_155635_VV_0",
        "start_time": "2019-01-10T15:56:11",
        "end_time": "2019-01-10T15:56:35",
        "sentinel_id": "S1B_IW_GRDH_1SDV_20190110T155611_20190110T155635_014434_01ADED_1E1A.SAFE",
        "class_name": "oil",
        "confidence": 0.6215,
        "bbox_pixels": [
          576.11,
          473.28,
          640.0,
          560.04
        ],
        "centroid_lon": 32.466966,
        "centroid_lat": 31.226529,
        "estimated_area_km2": 3.0273,
        "status": "candidate_detection",
        "note": "AI-generated suspected oil-spill candidate; not verified."
      }
    },
    {
      "type": "Feature",
      "geometry": {
        "type": "Polygon",
        "coordinates": [
          [
            [
              32.429394386235884,
              31.1885459786657
            ],
            [
              32.45263414625347,
              31.191925539083115
            ],
            [
              32.450167525931,
              31.204245061810074
            ],
            [
              32.426927765913405,
              31.200865501392663
            ],
            [
              32.429394386235884,
              31.1885459786657
            ]
          ]
        ]
      },
      "properties": {
        "event_id": "oc-0007_4",
        "image_name": "oc-0007.jpg",
        "patch_name": "S1_20190110_155611_155635_VV_0",
        "start_time": "2019-01-10T15:56:11",
        "end_time": "2019-01-10T15:56:35",
        "sentinel_id": "S1B_IW_GRDH_1SDV_20190110T155611_20190110T155635_014434_01ADED_1E1A.SAFE",
        "class_name": "oil",
        "confidence": 0.6123,
        "bbox_pixels": [
          395.73,
          340.66,
          508.13,
          409.28
        ],
        "centroid_lon": 32.439781,
        "centroid_lat": 31.196396,
        "estimated_area_km2": 4.2779,
        "status": "candidate_detection",
        "note": "AI-generated suspected oil-spill candidate; not verified."
      }
    },
    {
      "type": "Feature",
      "geometry": {
        "type": "Polygon",
        "coordinates": [
          [
            [
              32.41303367282086,
              31.229783049322744
            ],
            [
              32.42316803128101,
              31.23125680278155
            ],
            [
              32.4210681502998,
              31.24174464772308
            ],
            [
              32.41093379183966,
              31.240270894264278
            ],
            [
              32.41303367282086,
              31.229783049322744
            ]
          ]
        ]
      },
      "properties": {
        "event_id": "oc-0007_5",
        "image_name": "oc-0007.jpg",
        "patch_name": "S1_20190110_155611_155635_VV_0",
        "start_time": "2019-01-10T15:56:11",
        "end_time": "2019-01-10T15:56:35",
        "sentinel_id": "S1B_IW_GRDH_1SDV_20190110T155611_20190110T155635_014434_01ADED_1E1A.SAFE",
        "class_name": "oil",
        "confidence": 0.4107,
        "bbox_pixels": [
          357.64,
          576.72,
          406.66,
          635.14
        ],
        "centroid_lon": 32.417051,
        "centroid_lat": 31.235764,
        "estimated_area_km2": 1.5506,
        "status": "candidate_detection",
        "note": "AI-generated suspected oil-spill candidate; not verified."
      }
    },
    {
      "type": "Feature",
      "geometry": {
        "type": "Polygon",
        "coordinates": [
          [
            [
              33.10929200626818,
              34.614178673537424
            ],
            [
              33.07104894045903,
              34.61991287178891
            ],
            [
              33.06016896547972,
              34.5697477253771
            ],
            [
              33.09841203128886,
              34.56401352712562
            ],
            [
              33.10929200626818,
              34.614178673537424
            ]
          ]
        ]
      },
      "properties": {
        "event_id": "oc-0014_0",
        "image_name": "oc-0014.jpg",
        "patch_name": "S1_20190118_035040_035219_VV_0",
        "start_time": "2019-01-18T03:50:40",
        "end_time": "2019-01-18T03:52:19",
        "sentinel_id": "S1B_IW_GRDH_1SDV_20190118T035040_20190118T035105_014543_01B170_CD8E.SAFE",
        "class_name": "oil",
        "confidence": 0.8876,
        "bbox_pixels": [
          0.0,
          353.36,
          177.9,
          631.89
        ],
        "centroid_lon": 33.08473,
        "centroid_lat": 34.591963,
        "estimated_area_km2": 28.0125,
        "status": "candidate_detection",
        "note": "AI-generated suspected oil-spill candidate; not verified."
      }
    },
    {
      "type": "Feature",
      "geometry": {
        "type": "Polygon",
        "coordinates": [
          [
            [
              33.04641604733232,
              34.63534191112085
            ],
            [
              33.037939410570715,
              34.63661290534342
            ],
            [
              33.03497603020178,
              34.62294941711258
            ],
            [
              33.04345266696338,
              34.62167842289
            ],
            [
              33.04641604733232,
              34.63534191112085
            ]
          ]
        ]
      },
      "properties": {
        "event_id": "oc-0014_1",
        "image_name": "oc-0014.jpg",
        "patch_name": "S1_20190118_035040_035219_VV_0",
        "start_time": "2019-01-18T03:50:40",
        "end_time": "2019-01-18T03:52:19",
        "sentinel_id": "S1B_IW_GRDH_1SDV_20190118T035040_20190118T035105_014543_01B170_CD8E.SAFE",
        "class_name": "oil",
        "confidence": 0.86,
        "bbox_pixels": [
          303.96,
          290.25,
          343.39,
          366.12
        ],
        "centroid_lon": 33.040696,
        "centroid_lat": 34.629146,
        "estimated_area_km2": 1.7421,
        "status": "candidate_detection",
        "note": "AI-generated suspected oil-spill candidate; not verified."
      }
    },
    {
      "type": "Feature",
      "geometry": {
        "type": "Polygon",
        "coordinates": [
          [
            [
              35.60372137019979,
              33.97796371537625
            ],
            [
              35.58689554380364,
              33.98060733774886
            ],
            [
              35.58554722102052,
              33.97488756449752
            ],
            [
              35.60237304741667,
              33.97224394212491
            ],
            [
              35.60372137019979,
              33.97796371537625
            ]
          ]
        ]
      },
      "properties": {
        "event_id": "oc-0015_0",
        "image_name": "oc-0015.jpg",
        "patch_name": "S1_20190119_034258_034438_VV_1",
        "start_time": "2019-01-19T03:42:58",
        "end_time": "2019-01-19T03:44:38",
        "sentinel_id": "S1A_IW_GRDH_1SDV_20190119T034323_20190119T034348_025541_02D53C_8F34.SAFE",
        "class_name": "oil",
        "confidence": 0.8521,
        "bbox_pixels": [
          358.19,
          432.43,
          437.19,
          464.21
        ],
        "centroid_lon": 35.594634,
        "centroid_lat": 33.976426,
        "estimated_area_km2": 1.562,
        "status": "candidate_detection",
        "note": "AI-generated suspected oil-spill candidate; not verified."
      }
    },
    {
      "type": "Feature",
      "geometry": {
        "type": "Polygon",
        "coordinates": [
          [
            [
              35.62414519702376,
              34.03075652356364
            ],
            [
              35.59891733762536,
              34.03472024765946
            ],
            [
              35.59476426608134,
              34.01710233908015
            ],
            [
              35.619992125479726,
              34.01313861498432
            ],
            [
              35.62414519702376,
              34.03075652356364
            ]
          ]
        ]
      },
      "properties": {
        "event_id": "oc-0015_1",
        "image_name": "oc-0015.jpg",
        "patch_name": "S1_20190119_034258_034438_VV_1",
        "start_time": "2019-01-19T03:42:58",
        "end_time": "2019-01-19T03:44:38",
        "sentinel_id": "S1A_IW_GRDH_1SDV_20190119T034323_20190119T034348_025541_02D53C_8F34.SAFE",
        "class_name": "oil",
        "confidence": 0.7783,
        "bbox_pixels": [
          322.06,
          132.41,
          440.51,
          230.29
        ],
        "centroid_lon": 35.609455,
        "centroid_lat": 34.023929,
        "estimated_area_km2": 6.5125,
        "status": "candidate_detection",
        "note": "AI-generated suspected oil-spill candidate; not verified."
      }
    },
    {
      "type": "Feature",
      "geometry": {
        "type": "Polygon",
        "coordinates": [
          [
            [
              35.643103479832455,
              34.007903824692534
            ],
            [
              35.63514414536019,
              34.00915437097695
            ],
            [
              35.633463413702366,
              34.00202447292922
            ],
            [
              35.641422748174634,
              34.0007739266448
            ],
            [
              35.643103479832455,
              34.007903824692534
            ]
          ]
        ]
      },
      "properties": {
        "event_id": "oc-0015_2",
        "image_name": "oc-0015.jpg",
        "patch_name": "S1_20190119_034258_034438_VV_1",
        "start_time": "2019-01-19T03:42:58",
        "end_time": "2019-01-19T03:44:38",
        "sentinel_id": "S1A_IW_GRDH_1SDV_20190119T034323_20190119T034348_025541_02D53C_8F34.SAFE",
        "class_name": "oil",
        "confidence": 0.582,
        "bbox_pixels": [
          211.83,
          238.88,
          249.2,
          278.49
        ],
        "centroid_lon": 35.638283,
        "centroid_lat": 34.004964,
        "estimated_area_km2": 0.8299,
        "status": "candidate_detection",
        "note": "AI-generated suspected oil-spill candidate; not verified."
      }
    },
    {
      "type": "Feature",
      "geometry": {
        "type": "Polygon",
        "coordinates": [
          [
            [
              35.642820292516106,
              34.003443153890764
            ],
            [
              35.59450847601262,
              34.011033758712365
            ],
            [
              35.58744993445647,
              33.9810904412132
            ],
            [
              35.63576175095996,
              33.97349983639159
            ],
            [
              35.642820292516106,
              34.003443153890764
            ]
          ]
        ]
      },
      "properties": {
        "event_id": "oc-0015_3",
        "image_name": "oc-0015.jpg",
        "patch_name": "S1_20190119_034258_034438_VV_1",
        "start_time": "2019-01-19T03:42:58",
        "end_time": "2019-01-19T03:44:38",
        "sentinel_id": "S1A_IW_GRDH_1SDV_20190119T034323_20190119T034348_025541_02D53C_8F34.SAFE",
        "class_name": "oil",
        "confidence": 0.5814,
        "bbox_pixels": [
          208.35,
          263.01,
          435.19,
          429.37
        ],
        "centroid_lon": 35.615135,
        "centroid_lat": 33.992267,
        "estimated_area_km2": 21.3531,
        "status": "candidate_detection",
        "note": "AI-generated suspected oil-spill candidate; not verified."
      }
    },
    {
      "type": "Feature",
      "geometry": {
        "type": "Polygon",
        "coordinates": [
          [
            [
              35.61078850462355,
              33.98494923762239
            ],
            [
              35.59273686882749,
              33.98778545541813
            ],
            [
              35.59091237249376,
              33.98004568756916
            ],
            [
              35.608964008289824,
              33.97720946977342
            ],
            [
              35.61078850462355,
              33.98494923762239
            ]
          ]
        ]
      },
      "properties": {
        "event_id": "oc-0015_4",
        "image_name": "oc-0015.jpg",
        "patch_name": "S1_20190119_034258_034438_VV_1",
        "start_time": "2019-01-19T03:42:58",
        "end_time": "2019-01-19T03:44:38",
        "sentinel_id": "S1A_IW_GRDH_1SDV_20190119T034323_20190119T034348_025541_02D53C_8F34.SAFE",
        "class_name": "oil",
        "confidence": 0.454,
        "bbox_pixels": [
          333.64,
          389.05,
          418.4,
          432.06
        ],
        "centroid_lon": 35.60085,
        "centroid_lat": 33.982497,
        "estimated_area_km2": 2.16,
        "status": "candidate_detection",
        "note": "AI-generated suspected oil-spill candidate; not verified."
      }
    },
    {
      "type": "Feature",
      "geometry": {
        "type": "Polygon",
        "coordinates": [
          [
            [
              30.9580721426772,
              31.600028394127374
            ],
            [
              30.951020428542492,
              31.60117605200336
            ],
            [
              30.949924950546823,
              31.59628048733675
            ],
            [
              30.956976664681534,
              31.59513282946076
            ],
            [
              30.9580721426772,
              31.600028394127374
            ]
          ]
        ]
      },
      "properties": {
        "event_id": "oc-0024_0",
        "image_name": "oc-0024.jpg",
        "patch_name": "S1_20190123_035850_040029_VV_5",
        "start_time": "2019-01-23T03:58:50",
        "end_time": "2019-01-23T04:00:29",
        "sentinel_id": "S1B_IW_GRDH_1SDV_20190123T035940_20190123T040005_014616_01B3CB_32E6.SAFE",
        "class_name": "oil",
        "confidence": 0.7869,
        "bbox_pixels": [
          303.57,
          307.83,
          337.73,
          335.0
        ],
        "centroid_lon": 30.953999,
        "centroid_lat": 31.598154,
        "estimated_area_km2": 0.5197,
        "status": "candidate_detection",
        "note": "AI-generated suspected oil-spill candidate; not verified."
      }
    },
    {
      "type": "Feature",
      "geometry": {
        "type": "Polygon",
        "coordinates": [
          [
            [
              31.01670375608513,
              31.572558444479903
            ],
            [
              30.969837268669213,
              31.58018590815402
            ],
            [
              30.960317164645797,
              31.537641662570046
            ],
            [
              31.007183652061716,
              31.530014198895923
            ],
            [
              31.01670375608513,
              31.572558444479903
            ]
          ]
        ]
      },
      "properties": {
        "event_id": "oc-0024_1",
        "image_name": "oc-0024.jpg",
        "patch_name": "S1_20190123_035850_040029_VV_5",
        "start_time": "2019-01-23T03:58:50",
        "end_time": "2019-01-23T04:00:29",
        "sentinel_id": "S1B_IW_GRDH_1SDV_20190123T035940_20190123T040005_014616_01B3CB_32E6.SAFE",
        "class_name": "oil",
        "confidence": 0.4896,
        "bbox_pixels": [
          0.8,
          403.85,
          227.83,
          640.0
        ],
        "centroid_lon": 30.98851,
        "centroid_lat": 31.5551,
        "estimated_area_km2": 29.8738,
        "status": "candidate_detection",
        "note": "AI-generated suspected oil-spill candidate; not verified."
      }
    },
    {
      "type": "Feature",
      "geometry": {
        "type": "Polygon",
        "coordinates": [
          [
            [
              31.00968786620754,
              31.58681563248692
            ],
            [
              30.902151309351616,
              31.604317075976365
            ],
            [
              30.88979951300523,
              31.549118324379563
            ],
            [
              30.997336069861152,
              31.531616880890123
            ],
            [
              31.00968786620754,
              31.58681563248692
            ]
          ]
        ]
      },
      "properties": {
        "event_id": "oc-0024_2",
        "image_name": "oc-0024.jpg",
        "patch_name": "S1_20190123_035850_040029_VV_5",
        "start_time": "2019-01-23T03:58:50",
        "end_time": "2019-01-23T04:00:29",
        "sentinel_id": "S1B_IW_GRDH_1SDV_20190123T035940_20190123T040005_014616_01B3CB_32E6.SAFE",
        "class_name": "oil",
        "confidence": 0.4007,
        "bbox_pixels": [
          48.5,
          333.6,
          569.42,
          640.0
        ],
        "centroid_lon": 30.949744,
        "centroid_lat": 31.567967,
        "estimated_area_km2": 92.0256,
        "status": "candidate_detection",
        "note": "AI-generated suspected oil-spill candidate; not verified."
      }
    },
    {
      "type": "Feature",
      "geometry": {
        "type": "Polygon",
        "coordinates": [
          [
            [
              34.44764648566611,
              31.554240552902815
            ],
            [
              34.46325988102535,
              31.556727025693185
            ],
            [
              34.462368385094535,
              31.560677468601604
            ],
            [
              34.4467549897353,
              31.55819099581123
            ],
            [
              34.44764648566611,
              31.554240552902815
            ]
          ]
        ]
      },
      "properties": {
        "event_id": "oc-0040_0",
        "image_name": "oc-0040.jpg",
        "patch_name": "S1_20190205_153942_154057_VV_2",
        "start_time": "2019-02-05T15:39:42",
        "end_time": "2019-02-05T15:40:57",
        "sentinel_id": "S1B_IW_GRDH_1SDV_20190205T153942_20190205T154007_014813_01BA3E_6C80.SAFE",
        "class_name": "oil",
        "confidence": 0.791,
        "bbox_pixels": [
          143.61,
          358.07,
          219.07,
          380.03
        ],
        "centroid_lon": 34.455007,
        "centroid_lat": 31.557459,
        "estimated_area_km2": 1.1219,
        "status": "candidate_detection",
        "note": "AI-generated suspected oil-spill candidate; not verified."
      }
    },
    {
      "type": "Feature",
      "geometry": {
        "type": "Polygon",
        "coordinates": [
          [
            [
              34.42540929588728,
              31.534197917484526
            ],
            [
              34.4475976855482,
              31.53773147478482
            ],
            [
              34.446675687371766,
              31.54181708082266
            ],
            [
              34.42448729771085,
              31.538283523522367
            ],
            [
              34.42540929588728,
              31.534197917484526
            ]
          ]
        ]
      },
      "properties": {
        "event_id": "oc-0040_1",
        "image_name": "oc-0040.jpg",
        "patch_name": "S1_20190205_153942_154057_VV_2",
        "start_time": "2019-02-05T15:39:42",
        "end_time": "2019-02-05T15:40:57",
        "sentinel_id": "S1B_IW_GRDH_1SDV_20190205T153942_20190205T154007_014813_01BA3E_6C80.SAFE",
        "class_name": "oil",
        "confidence": 0.7519,
        "bbox_pixels": [
          18.76,
          269.53,
          126.0,
          292.24
        ],
        "centroid_lon": 34.436042,
        "centroid_lat": 31.538007,
        "estimated_area_km2": 1.8597,
        "status": "candidate_detection",
        "note": "AI-generated suspected oil-spill candidate; not verified."
      }
    },
    {
      "type": "Feature",
      "geometry": {
        "type": "Polygon",
        "coordinates": [
          [
            [
              34.41788057913012,
              31.59020887640173
            ],
            [
              34.492946327504065,
              31.602163287119332
            ],
            [
              34.490372586699806,
              31.613568180576323
            ],
            [
              34.415306838325854,
              31.60161376985872
            ],
            [
              34.41788057913012,
              31.59020887640173
            ]
          ]
        ]
      },
      "properties": {
        "event_id": "oc-0040_2",
        "image_name": "oc-0040.jpg",
        "patch_name": "S1_20190205_153942_154057_VV_2",
        "start_time": "2019-02-05T15:39:42",
        "end_time": "2019-02-05T15:40:57",
        "sentinel_id": "S1B_IW_GRDH_1SDV_20190205T153942_20190205T154007_014813_01BA3E_6C80.SAFE",
        "class_name": "oil",
        "confidence": 0.5407,
        "bbox_pixels": [
          42.61,
          576.5,
          405.41,
          639.9
        ],
        "centroid_lon": 34.454127,
        "centroid_lat": 31.601889,
        "estimated_area_km2": 19.1417,
        "status": "candidate_detection",
        "note": "AI-generated suspected oil-spill candidate; not verified."
      }
    },
    {
      "type": "Feature",
      "geometry": {
        "type": "Polygon",
        "coordinates": [
          [
            [
              34.460997247118016,
              31.5586697995319
            ],
            [
              34.465388529460505,
              31.55936912237669
            ],
            [
              34.464882331443725,
              31.561612213227143
            ],
            [
              34.460491049101236,
              31.560912890382358
            ],
            [
              34.460997247118016,
              31.5586697995319
            ]
          ]
        ]
      },
      "properties": {
        "event_id": "oc-0040_3",
        "image_name": "oc-0040.jpg",
        "patch_name": "S1_20190205_153942_154057_VV_2",
        "start_time": "2019-02-05T15:39:42",
        "end_time": "2019-02-05T15:40:57",
        "sentinel_id": "S1B_IW_GRDH_1SDV_20190205T153942_20190205T154007_014813_01BA3E_6C80.SAFE",
        "class_name": "oil",
        "confidence": 0.4615,
        "bbox_pixels": [
          210.56,
          370.43,
          231.79,
          382.9
        ],
        "centroid_lon": 34.46294,
        "centroid_lat": 31.560141,
        "estimated_area_km2": 0.1522,
        "status": "candidate_detection",
        "note": "AI-generated suspected oil-spill candidate; not verified."
      }
    },
    {
      "type": "Feature",
      "geometry": {
        "type": "Polygon",
        "coordinates": [
          [
            [
              35.44562406836433,
              33.80326345781817
            ],
            [
              35.430017629930596,
              33.805456028800606
            ],
            [
              35.426938127022275,
              33.78990866705437
            ],
            [
              35.44254456545602,
              33.787716096071925
            ],
            [
              35.44562406836433,
              33.80326345781817
            ]
          ]
        ]
      },
      "properties": {
        "event_id": "oc-0044_0",
        "image_name": "oc-0044.jpg",
        "patch_name": "S1_20190207_033454_033634_VV_1",
        "start_time": "2019-02-07T03:34:54",
        "end_time": "2019-02-07T03:36:34",
        "sentinel_id": "S1A_IW_GRDH_1SDV_20190207T033519_20190207T033544_025818_02DF3B_4DF4.SAFE",
        "class_name": "oil",
        "confidence": 0.4879,
        "bbox_pixels": [
          301.6,
          281.16,
          374.89,
          367.48
        ],
        "centroid_lon": 35.436281,
        "centroid_lat": 33.796586,
        "estimated_area_km2": 3.4137,
        "status": "candidate_detection",
        "note": "AI-generated suspected oil-spill candidate; not verified."
      }
    },
    {
      "type": "Feature",
      "geometry": {
        "type": "Polygon",
        "coordinates": [
          [
            [
              35.48846924864404,
              33.876540092206305
            ],
            [
              35.39802277021212,
              33.89075278109989
            ],
            [
              35.38306702247738,
              33.827313534214035
            ],
            [
              35.4735135009093,
              33.813100845320434
            ],
            [
              35.48846924864404,
              33.876540092206305
            ]
          ]
        ]
      },
      "properties": {
        "event_id": "oc-0052_0",
        "image_name": "oc-0052.jpg",
        "patch_name": "S1_20190212_034257_034437_VV_3",
        "start_time": "2019-02-12T03:42:57",
        "end_time": "2019-02-12T03:44:37",
        "sentinel_id": "S1A_IW_GRDH_1SDV_20190212T034322_20190212T034347_025891_02E1DC_948A.SAFE",
        "class_name": "oil",
        "confidence": 0.5234,
        "bbox_pixels": [
          218.4,
          0.0,
          643.08,
          352.45
        ],
        "centroid_lon": 35.435768,
        "centroid_lat": 33.851927,
        "estimated_area_km2": 84.2321,
        "status": "candidate_detection",
        "note": "AI-generated suspected oil-spill candidate; not verified."
      }
    },
    {
      "type": "Feature",
      "geometry": {
        "type": "Polygon",
        "coordinates": [
          [
            [
              35.48434386872189,
              33.83162741133421
            ],
            [
              35.44607999950963,
              33.8376401658207
            ],
            [
              35.435600886452306,
              33.79318989478253
            ],
            [
              35.47386475566458,
              33.78717714029602
            ],
            [
              35.48434386872189,
              33.83162741133421
            ]
          ]
        ]
      },
      "properties": {
        "event_id": "oc-0052_1",
        "image_name": "oc-0052.jpg",
        "patch_name": "S1_20190212_034257_034437_VV_3",
        "start_time": "2019-02-12T03:42:57",
        "end_time": "2019-02-12T03:44:37",
        "sentinel_id": "S1A_IW_GRDH_1SDV_20190212T034322_20190212T034347_025891_02E1DC_948A.SAFE",
        "class_name": "oil",
        "confidence": 0.4237,
        "bbox_pixels": [
          189.14,
          244.08,
          368.8,
          491.04
        ],
        "centroid_lon": 35.459972,
        "centroid_lat": 33.812409,
        "estimated_area_km2": 25.3257,
        "status": "candidate_detection",
        "note": "AI-generated suspected oil-spill candidate; not verified."
      }
    },
    {
      "type": "Feature",
      "geometry": {
        "type": "Polygon",
        "coordinates": [
          [
            [
              35.45439880337412,
              33.79421765220489
            ],
            [
              35.45043057565134,
              33.79484121640618
            ],
            [
              35.44570480002163,
              33.774795435197646
            ],
            [
              35.44967302774441,
              33.774171870996355
            ],
            [
              35.45439880337412,
              33.79421765220489
            ]
          ]
        ]
      },
      "properties": {
        "event_id": "oc-0052_2",
        "image_name": "oc-0052.jpg",
        "patch_name": "S1_20190212_034257_034437_VV_3",
        "start_time": "2019-02-12T03:42:57",
        "end_time": "2019-02-12T03:44:37",
        "sentinel_id": "S1A_IW_GRDH_1SDV_20190212T034322_20190212T034347_025891_02E1DC_948A.SAFE",
        "class_name": "oil",
        "confidence": 0.4101,
        "bbox_pixels": [
          284.79,
          469.71,
          303.42,
          581.08
        ],
        "centroid_lon": 35.450052,
        "centroid_lat": 33.784507,
        "estimated_area_km2": 1.8508,
        "status": "candidate_detection",
        "note": "AI-generated suspected oil-spill candidate; not verified."
      }
    },
    {
      "type": "Feature",
      "geometry": {
        "type": "Polygon",
        "coordinates": [
          [
            [
              35.916831171308445,
              34.507844219211044
            ],
            [
              35.90622423079829,
              34.50934048687719
            ],
            [
              35.90452040833021,
              34.50145852233243
            ],
            [
              35.91512734884037,
              34.49996225466628
            ],
            [
              35.916831171308445,
              34.507844219211044
            ]
          ]
        ]
      },
      "properties": {
        "event_id": "oc-0055_0",
        "image_name": "oc-0055.jpg",
        "patch_name": "S1_20190213_033408_033548_VV_0",
        "start_time": "2019-02-13T03:34:08",
        "end_time": "2019-02-13T03:35:48",
        "sentinel_id": "S1B_IW_GRDH_1SDV_20190213T033433_20190213T033458_014922_01BDB4_07BD.SAFE;S1B_IW_GRDH_1SDV_20190213T033408_20190213T033433_014922_01BDB4_3D7D.SAFE",
        "class_name": "oil",
        "confidence": 0.8208,
        "bbox_pixels": [
          467.57,
          448.46,
          516.94,
          492.34
        ],
        "centroid_lon": 35.910676,
        "centroid_lat": 34.504651,
        "estimated_area_km2": 1.179,
        "status": "candidate_detection",
        "note": "AI-generated suspected oil-spill candidate; not verified."
      }
    },
    {
      "type": "Feature",
      "geometry": {
        "type": "Polygon",
        "coordinates": [
          [
            [
              35.94974179342635,
              34.55800974590404
            ],
            [
              35.94325314461738,
              34.558925066905466
            ],
            [
              35.93880740662806,
              34.538358869508826
            ],
            [
              35.945296055437026,
              34.537443548507405
            ],
            [
              35.94974179342635,
              34.55800974590404
            ]
          ]
        ]
      },
      "properties": {
        "event_id": "oc-0055_1",
        "image_name": "oc-0055.jpg",
        "patch_name": "S1_20190213_033408_033548_VV_0",
        "start_time": "2019-02-13T03:34:08",
        "end_time": "2019-02-13T03:35:48",
        "sentinel_id": "S1B_IW_GRDH_1SDV_20190213T033433_20190213T033458_014922_01BDB4_07BD.SAFE;S1B_IW_GRDH_1SDV_20190213T033408_20190213T033433_014922_01BDB4_3D7D.SAFE",
        "class_name": "oil",
        "confidence": 0.693,
        "bbox_pixels": [
          367.92,
          152.39,
          398.12,
          266.88
        ],
        "centroid_lon": 35.944275,
        "centroid_lat": 34.548184,
        "estimated_area_km2": 2.3974,
        "status": "candidate_detection",
        "note": "AI-generated suspected oil-spill candidate; not verified."
      }
    },
    {
      "type": "Feature",
      "geometry": {
        "type": "Polygon",
        "coordinates": [
          [
            [
              35.92493474948123,
              34.54810516846817
            ],
            [
              35.915573060563304,
              34.549425774765055
            ],
            [
              35.9142038401394,
              34.54309169534217
            ],
            [
              35.923565529057306,
              34.541771089045284
            ],
            [
              35.92493474948123,
              34.54810516846817
            ]
          ]
        ]
      },
      "properties": {
        "event_id": "oc-0055_2",
        "image_name": "oc-0055.jpg",
        "patch_name": "S1_20190213_033408_033548_VV_0",
        "start_time": "2019-02-13T03:34:08",
        "end_time": "2019-02-13T03:35:48",
        "sentinel_id": "S1B_IW_GRDH_1SDV_20190213T033433_20190213T033458_014922_01BDB4_07BD.SAFE;S1B_IW_GRDH_1SDV_20190213T033408_20190213T033433_014922_01BDB4_3D7D.SAFE",
        "class_name": "oil",
        "confidence": 0.5765,
        "bbox_pixels": [
          470.28,
          224.8,
          513.85,
          260.06
        ],
        "centroid_lon": 35.919569,
        "centroid_lat": 34.545598,
        "estimated_area_km2": 0.8384,
        "status": "candidate_detection",
        "note": "AI-generated suspected oil-spill candidate; not verified."
      }
    },
    {
      "type": "Feature",
      "geometry": {
        "type": "Polygon",
        "coordinates": [
          [
            [
              34.403632896091636,
              31.50533398108529
            ],
            [
              34.39444756132261,
              31.506778947808396
            ],
            [
              34.3905917987138,
              31.488967609106645
            ],
            [
              34.39977713348283,
              31.487522642383546
            ],
            [
              34.403632896091636,
              31.50533398108529
            ]
          ]
        ]
      },
      "properties": {
        "event_id": "oc-0062_0",
        "image_name": "oc-0062.jpg",
        "patch_name": "S1_20190218_034234_034349_VV_11",
        "start_time": "2019-02-18T03:42:34",
        "end_time": "2019-02-18T03:43:49",
        "sentinel_id": "S1B_IW_GRDH_1SDV_20190218T034324_20190218T034349_014995_01C035_0338.SAFE",
        "class_name": "oil",
        "confidence": 0.8398,
        "bbox_pixels": [
          498.35,
          192.26,
          542.77,
          291.15
        ],
        "centroid_lon": 34.397112,
        "centroid_lat": 31.497151,
        "estimated_area_km2": 2.6535,
        "status": "candidate_detection",
        "note": "AI-generated suspected oil-spill candidate; not verified."
      }
    },
    {
      "type": "Feature",
      "geometry": {
        "type": "Polygon",
        "coordinates": [
          [
            [
              34.3781276801612,
              31.47681817981976
            ],
            [
              34.3712445174442,
              31.477900986415918
            ],
            [
              34.36822404045645,
              31.46394817237421
            ],
            [
              34.37510720317345,
              31.462865365778057
            ],
            [
              34.3781276801612,
              31.47681817981976
            ]
          ]
        ]
      },
      "properties": {
        "event_id": "oc-0062_1",
        "image_name": "oc-0062.jpg",
        "patch_name": "S1_20190218_034234_034349_VV_11",
        "start_time": "2019-02-18T03:42:34",
        "end_time": "2019-02-18T03:43:49",
        "sentinel_id": "S1B_IW_GRDH_1SDV_20190218T034324_20190218T034349_014995_01C035_0338.SAFE",
        "class_name": "oil",
        "confidence": 0.8299,
        "bbox_pixels": [
          588.77,
          366.92,
          622.06,
          444.39
        ],
        "centroid_lon": 34.373176,
        "centroid_lat": 31.470383,
        "estimated_area_km2": 1.5739,
        "status": "candidate_detection",
        "note": "AI-generated suspected oil-spill candidate; not verified."
      }
    },
    {
      "type": "Feature",
      "geometry": {
        "type": "Polygon",
        "coordinates": [
          [
            [
              34.46986033021459,
              31.529524075099555
            ],
            [
              34.465863367981996,
              31.530152846675637
            ],
            [
              34.46525920575385,
              31.527361975149542
            ],
            [
              34.46925616798644,
              31.526733203573457
            ],
            [
              34.46986033021459,
              31.529524075099555
            ]
          ]
        ]
      },
      "properties": {
        "event_id": "oc-0062_2",
        "image_name": "oc-0062.jpg",
        "patch_name": "S1_20190218_034234_034349_VV_11",
        "start_time": "2019-02-18T03:42:34",
        "end_time": "2019-02-18T03:43:49",
        "sentinel_id": "S1B_IW_GRDH_1SDV_20190218T034324_20190218T034349_014995_01C035_0338.SAFE",
        "class_name": "oil",
        "confidence": 0.4654,
        "bbox_pixels": [
          213.09,
          6.42,
          232.42,
          21.92
        ],
        "centroid_lon": 34.46756,
        "centroid_lat": 31.528443,
        "estimated_area_km2": 0.1662,
        "status": "candidate_detection",
        "note": "AI-generated suspected oil-spill candidate; not verified."
      }
    },
    {
      "type": "Feature",
      "geometry": {
        "type": "Polygon",
        "coordinates": [
          [
            [
              30.159564298149412,
              31.34764476756128
            ],
            [
              30.16966638335136,
              31.34913190815594
            ],
            [
              30.168522249809087,
              31.35471031579862
            ],
            [
              30.158420164607147,
              31.353223175203965
            ],
            [
              30.159564298149412,
              31.34764476756128
            ]
          ]
        ]
      },
      "properties": {
        "event_id": "oc-0065_0",
        "image_name": "oc-0065.jpg",
        "patch_name": "S1_20190220_160404_160544_VV_0",
        "start_time": "2019-02-20T16:04:04",
        "end_time": "2019-02-20T16:05:44",
        "sentinel_id": "S1B_IW_GRDH_1SDV_20190220T160429_20190220T160454_015032_01C169_6D4F.SAFE",
        "class_name": "oil",
        "confidence": 0.7644,
        "bbox_pixels": [
          516.58,
          399.42,
          565.24,
          430.42
        ],
        "centroid_lon": 30.164043,
        "centroid_lat": 31.351178,
        "estimated_area_km2": 0.8409,
        "status": "candidate_detection",
        "note": "AI-generated suspected oil-spill candidate; not verified."
      }
    },
    {
      "type": "Feature",
      "geometry": {
        "type": "Polygon",
        "coordinates": [
          [
            [
              30.076581343943758,
              31.302096642281754
            ],
            [
              30.107055571173905,
              31.306582791378567
            ],
            [
              30.10393308390632,
              31.321806981732387
            ],
            [
              30.073458856676176,
              31.31732083263557
            ],
            [
              30.076581343943758,
              31.302096642281754
            ]
          ]
        ]
      },
      "properties": {
        "event_id": "oc-0065_1",
        "image_name": "oc-0065.jpg",
        "patch_name": "S1_20190220_160404_160544_VV_0",
        "start_time": "2019-02-20T16:04:04",
        "end_time": "2019-02-20T16:05:44",
        "sentinel_id": "S1B_IW_GRDH_1SDV_20190220T160429_20190220T160454_015032_01C169_6D4F.SAFE",
        "class_name": "oil",
        "confidence": 0.7499,
        "bbox_pixels": [
          84.97,
          219.63,
          231.74,
          304.23
        ],
        "centroid_lon": 30.090257,
        "centroid_lat": 31.311952,
        "estimated_area_km2": 7.0109,
        "status": "candidate_detection",
        "note": "AI-generated suspected oil-spill candidate; not verified."
      }
    },
    {
      "type": "Feature",
      "geometry": {
        "type": "Polygon",
        "coordinates": [
          [
            [
              32.40922115199307,
              31.250757783458205
            ],
            [
              32.43880398903596,
              31.255092057874382
            ],
            [
              32.434547667983075,
              31.276185201965653
            ],
            [
              32.40496483094019,
              31.271850927549472
            ],
            [
              32.40922115199307,
              31.250757783458205
            ]
          ]
        ]
      },
      "properties": {
        "event_id": "oc-0066_0",
        "image_name": "oc-0066.jpg",
        "patch_name": "S1_20190221_155637_155817_VV_0",
        "start_time": "2019-02-21T15:56:37",
        "end_time": "2019-02-21T15:58:17",
        "sentinel_id": "S1A_IW_GRDH_1SDV_20190221T155637_20190221T155702_026030_02E6CF_CB00.SAFE",
        "class_name": "oil",
        "confidence": 0.7895,
        "bbox_pixels": [
          337.76,
          472.08,
          480.65,
          589.07
        ],
        "centroid_lon": 32.421884,
        "centroid_lat": 31.263471,
        "estimated_area_km2": 9.1144,
        "status": "candidate_detection",
        "note": "AI-generated suspected oil-spill candidate; not verified."
      }
    },
    {
      "type": "Feature",
      "geometry": {
        "type": "Polygon",
        "coordinates": [
          [
            [
              32.42786214683357,
              31.201681267278712
            ],
            [
              32.47509333998128,
              31.208601257805945
            ],
            [
              32.4693467371809,
              31.23707982401312
            ],
            [
              32.42211554403319,
              31.230159833485885
            ],
            [
              32.42786214683357,
              31.201681267278712
            ]
          ]
        ]
      },
      "properties": {
        "event_id": "oc-0066_1",
        "image_name": "oc-0066.jpg",
        "patch_name": "S1_20190221_155637_155817_VV_0",
        "start_time": "2019-02-21T15:56:37",
        "end_time": "2019-02-21T15:58:17",
        "sentinel_id": "S1A_IW_GRDH_1SDV_20190221T155637_20190221T155702_026030_02E6CF_CB00.SAFE",
        "class_name": "oil",
        "confidence": 0.505,
        "bbox_pixels": [
          378.75,
          193.0,
          606.89,
          350.95
        ],
        "centroid_lon": 32.448604,
        "centroid_lat": 31.219381,
        "estimated_area_km2": 19.8741,
        "status": "candidate_detection",
        "note": "AI-generated suspected oil-spill candidate; not verified."
      }
    },
    {
      "type": "Feature",
      "geometry": {
        "type": "Polygon",
        "coordinates": [
          [
            [
              34.37718912959154,
              31.477474016118673
            ],
            [
              34.36355310580526,
              31.4796381904952
            ],
            [
              34.35822420330085,
              31.45546067264628
            ],
            [
              34.37186022708713,
              31.453296498269744
            ],
            [
              34.37718912959154,
              31.477474016118673
            ]
          ]
        ]
      },
      "properties": {
        "event_id": "oc-0089_0",
        "image_name": "oc-0089.jpg",
        "patch_name": "S1_20190308_034257_034437_VV_3",
        "start_time": "2019-03-08T03:42:57",
        "end_time": "2019-03-08T03:44:37",
        "sentinel_id": "S1A_IW_GRDH_1SDV_20190308T034412_20190308T034437_026241_02EE61_2777.SAFE",
        "class_name": "oil",
        "confidence": 0.8611,
        "bbox_pixels": [
          323.27,
          317.27,
          389.37,
          451.45
        ],
        "centroid_lon": 34.367707,
        "centroid_lat": 31.466467,
        "estimated_area_km2": 5.2803,
        "status": "candidate_detection",
        "note": "AI-generated suspected oil-spill candidate; not verified."
      }
    },
    {
      "type": "Feature",
      "geometry": {
        "type": "Polygon",
        "coordinates": [
          [
            [
              34.39842377063506,
              31.496170171767016
            ],
            [
              34.38049884977972,
              31.49901503732493
            ],
            [
              34.37632266535941,
              31.480067463546092
            ],
            [
              34.39424758621475,
              31.47722259798818
            ],
            [
              34.39842377063506,
              31.496170171767016
            ]
          ]
        ]
      },
      "properties": {
        "event_id": "oc-0089_1",
        "image_name": "oc-0089.jpg",
        "patch_name": "S1_20190308_034257_034437_VV_3",
        "start_time": "2019-03-08T03:42:57",
        "end_time": "2019-03-08T03:44:37",
        "sentinel_id": "S1A_IW_GRDH_1SDV_20190308T034412_20190308T034437_026241_02EE61_2777.SAFE",
        "class_name": "oil",
        "confidence": 0.7663,
        "bbox_pixels": [
          243.13,
          198.95,
          330.01,
          304.1
        ],
        "centroid_lon": 34.387373,
        "centroid_lat": 31.488119,
        "estimated_area_km2": 5.0896,
        "status": "candidate_detection",
        "note": "AI-generated suspected oil-spill candidate; not verified."
      }
    },
    {
      "type": "Feature",
      "geometry": {
        "type": "Polygon",
        "coordinates": [
          [
            [
              34.41613234184685,
              31.51148069118333
            ],
            [
              34.4090330069404,
              31.512607427168522
            ],
            [
              34.40728540732633,
              31.504678473537467
            ],
            [
              34.414384742232784,
              31.503551737552268
            ],
            [
              34.41613234184685,
              31.51148069118333
            ]
          ]
        ]
      },
      "properties": {
        "event_id": "oc-0089_2",
        "image_name": "oc-0089.jpg",
        "patch_name": "S1_20190308_034257_034437_VV_3",
        "start_time": "2019-03-08T03:42:57",
        "end_time": "2019-03-08T03:44:37",
        "sentinel_id": "S1A_IW_GRDH_1SDV_20190308T034412_20190308T034437_026241_02EE61_2777.SAFE",
        "class_name": "oil",
        "confidence": 0.7392,
        "bbox_pixels": [
          176.0,
          101.78,
          210.41,
          145.78
        ],
        "centroid_lon": 34.411709,
        "centroid_lat": 31.50808,
        "estimated_area_km2": 0.8464,
        "status": "candidate_detection",
        "note": "AI-generated suspected oil-spill candidate; not verified."
      }
    },
    {
      "type": "Feature",
      "geometry": {
        "type": "Polygon",
        "coordinates": [
          [
            [
              30.07436296192423,
              31.30955238021403
            ],
            [
              30.091175955802523,
              31.31228092246031
            ],
            [
              30.087197520417583,
              31.330021433532337
            ],
            [
              30.070384526539286,
              31.327292891286056
            ],
            [
              30.07436296192423,
              31.30955238021403
            ]
          ]
        ]
      },
      "properties": {
        "event_id": "oc-0097_0",
        "image_name": "oc-0097.jpg",
        "patch_name": "S1_20190317_155637_155817_VV_0",
        "start_time": "2019-03-17T15:56:37",
        "end_time": "2019-03-17T15:58:17",
        "sentinel_id": "S1A_IW_GRDH_1SDV_20190317T155702_20190317T155727_026380_02F38B_5C28.SAFE",
        "class_name": "oil",
        "confidence": 0.5218,
        "bbox_pixels": [
          278.29,
          291.44,
          359.52,
          389.73
        ],
        "centroid_lon": 30.08078,
        "centroid_lat": 31.319787,
        "estimated_area_km2": 4.5053,
        "status": "candidate_detection",
        "note": "AI-generated suspected oil-spill candidate; not verified."
      }
    },
    {
      "type": "Feature",
      "geometry": {
        "type": "Polygon",
        "coordinates": [
          [
            [
              30.077011228662226,
              31.320978884519295
            ],
            [
              30.08313933366196,
              31.32197340063596
            ],
            [
              30.081500384759778,
              31.329281748851383
            ],
            [
              30.075372279760042,
              31.328287232734713
            ],
            [
              30.077011228662226,
              31.320978884519295
            ]
          ]
        ]
      },
      "properties": {
        "event_id": "oc-0097_1",
        "image_name": "oc-0097.jpg",
        "patch_name": "S1_20190317_155637_155817_VV_0",
        "start_time": "2019-03-17T15:56:37",
        "end_time": "2019-03-17T15:58:17",
        "sentinel_id": "S1A_IW_GRDH_1SDV_20190317T155702_20190317T155727_026380_02F38B_5C28.SAFE",
        "class_name": "oil",
        "confidence": 0.4842,
        "bbox_pixels": [
          302.58,
          350.23,
          332.19,
          390.71
        ],
        "centroid_lon": 30.079256,
        "centroid_lat": 31.32513,
        "estimated_area_km2": 0.6827,
        "status": "candidate_detection",
        "note": "AI-generated suspected oil-spill candidate; not verified."
      }
    },
    {
      "type": "Feature",
      "geometry": {
        "type": "Polygon",
        "coordinates": [
          [
            [
              30.079358839749755,
              31.304231302328738
            ],
            [
              30.086545337137245,
              31.3053975825205
            ],
            [
              30.084594708222266,
              31.31409576422145
            ],
            [
              30.077408210834772,
              31.31292948402968
            ],
            [
              30.079358839749755,
              31.304231302328738
            ]
          ]
        ]
      },
      "properties": {
        "event_id": "oc-0097_2",
        "image_name": "oc-0097.jpg",
        "patch_name": "S1_20190317_155637_155817_VV_0",
        "start_time": "2019-03-17T15:56:37",
        "end_time": "2019-03-17T15:58:17",
        "sentinel_id": "S1A_IW_GRDH_1SDV_20190317T155702_20190317T155727_026380_02F38B_5C28.SAFE",
        "class_name": "oil",
        "confidence": 0.4679,
        "bbox_pixels": [
          296.02,
          258.67,
          330.74,
          306.85
        ],
        "centroid_lon": 30.081977,
        "centroid_lat": 31.309164,
        "estimated_area_km2": 0.9543,
        "status": "candidate_detection",
        "note": "AI-generated suspected oil-spill candidate; not verified."
      }
    },
    {
      "type": "Feature",
      "geometry": {
        "type": "Polygon",
        "coordinates": [
          [
            [
              30.075333808959158,
              31.29543494992418
            ],
            [
              30.1085104156132,
              31.300819105387443
            ],
            [
              30.101457373025344,
              31.332269805980694
            ],
            [
              30.06828076637129,
              31.326885650517433
            ],
            [
              30.075333808959158,
              31.29543494992418
            ]
          ]
        ]
      },
      "properties": {
        "event_id": "oc-0097_3",
        "image_name": "oc-0097.jpg",
        "patch_name": "S1_20190317_155637_155817_VV_0",
        "start_time": "2019-03-17T15:56:37",
        "end_time": "2019-03-17T15:58:17",
        "sentinel_id": "S1A_IW_GRDH_1SDV_20190317T155702_20190317T155727_026380_02F38B_5C28.SAFE",
        "class_name": "oil",
        "confidence": 0.4501,
        "bbox_pixels": [
          268.06,
          215.14,
          428.35,
          389.37
        ],
        "centroid_lon": 30.088396,
        "centroid_lat": 31.313852,
        "estimated_area_km2": 15.6884,
        "status": "candidate_detection",
        "note": "AI-generated suspected oil-spill candidate; not verified."
      }
    },
    {
      "type": "Feature",
      "geometry": {
        "type": "Polygon",
        "coordinates": [
          [
            [
              33.05870814138262,
              31.262011795026392
            ],
            [
              33.06518293534645,
              31.263033400989894
            ],
            [
              33.063813782218425,
              31.26932547378825
            ],
            [
              33.05733898825459,
              31.268303867824745
            ],
            [
              33.05870814138262,
              31.262011795026392
            ]
          ]
        ]
      },
      "properties": {
        "event_id": "oc-0115_0",
        "image_name": "oc-0115.jpg",
        "patch_name": "S1_20190405_154836_155016_VV_0",
        "start_time": "2019-04-05T15:48:36",
        "end_time": "2019-04-05T15:50:16",
        "sentinel_id": "S1A_IW_GRDH_1SDV_20190405T154836_20190405T154901_026657_02FDC3_95CA.SAFE",
        "class_name": "oil",
        "confidence": 0.8595,
        "bbox_pixels": [
          566.85,
          250.17,
          598.22,
          285.13
        ],
        "centroid_lon": 33.061261,
        "centroid_lat": 31.265669,
        "estimated_area_km2": 0.6077,
        "status": "candidate_detection",
        "note": "AI-generated suspected oil-spill candidate; not verified."
      }
    },
    {
      "type": "Feature",
      "geometry": {
        "type": "Polygon",
        "coordinates": [
          [
            [
              32.95166722716751,
              31.314059232868075
            ],
            [
              32.954679155871034,
              31.314534461013146
            ],
            [
              32.954013650370776,
              31.31759285453362
            ],
            [
              32.95100172166726,
              31.31711762638855
            ],
            [
              32.95166722716751,
              31.314059232868075
            ]
          ]
        ]
      },
      "properties": {
        "event_id": "oc-0115_1",
        "image_name": "oc-0115.jpg",
        "patch_name": "S1_20190405_154836_155016_VV_0",
        "start_time": "2019-04-05T15:48:36",
        "end_time": "2019-04-05T15:50:16",
        "sentinel_id": "S1A_IW_GRDH_1SDV_20190405T154836_20190405T154901_026657_02FDC3_95CA.SAFE",
        "class_name": "oil",
        "confidence": 0.5162,
        "bbox_pixels": [
          118.45,
          620.4,
          133.04,
          637.39
        ],
        "centroid_lon": 32.95284,
        "centroid_lat": 31.315826,
        "estimated_area_km2": 0.1376,
        "status": "candidate_detection",
        "note": "AI-generated suspected oil-spill candidate; not verified."
      }
    },
    {
      "type": "Feature",
      "geometry": {
        "type": "Polygon",
        "coordinates": [
          [
            [
              32.94498435460253,
              31.31448871880621
            ],
            [
              32.94748495053634,
              31.314883267842454
            ],
            [
              32.94703502489313,
              31.316950943723977
            ],
            [
              32.94453442895932,
              31.316556394687737
            ],
            [
              32.94498435460253,
              31.31448871880621
            ]
          ]
        ]
      },
      "properties": {
        "event_id": "oc-0115_2",
        "image_name": "oc-0115.jpg",
        "patch_name": "S1_20190405_154836_155016_VV_0",
        "start_time": "2019-04-05T15:48:36",
        "end_time": "2019-04-05T15:50:16",
        "sentinel_id": "S1A_IW_GRDH_1SDV_20190405T154836_20190405T154901_026657_02FDC3_95CA.SAFE",
        "class_name": "oil",
        "confidence": 0.4664,
        "bbox_pixels": [
          87.58,
          628.37,
          99.69,
          639.86
        ],
        "centroid_lon": 32.94601,
        "centroid_lat": 31.31572,
        "estimated_area_km2": 0.0769,
        "status": "candidate_detection",
        "note": "AI-generated suspected oil-spill candidate; not verified."
      }
    },
    {
      "type": "Feature",
      "geometry": {
        "type": "Polygon",
        "coordinates": [
          [
            [
              33.06037304628368,
              31.313852373506435
            ],
            [
              33.06294338465737,
              31.31425792664457
            ],
            [
              33.06220764977729,
              31.31763906592769
            ],
            [
              33.0596373114036,
              31.317233512789556
            ],
            [
              33.06037304628368,
              31.313852373506435
            ]
          ]
        ]
      },
      "properties": {
        "event_id": "oc-0115_3",
        "image_name": "oc-0115.jpg",
        "patch_name": "S1_20190405_154836_155016_VV_0",
        "start_time": "2019-04-05T15:48:36",
        "end_time": "2019-04-05T15:50:16",
        "sentinel_id": "S1A_IW_GRDH_1SDV_20190405T154836_20190405T154901_026657_02FDC3_95CA.SAFE",
        "class_name": "oil",
        "confidence": 0.4258,
        "bbox_pixels": [
          627.5,
          527.18,
          639.95,
          545.96
        ],
        "centroid_lon": 33.06129,
        "centroid_lat": 31.315746,
        "estimated_area_km2": 0.1325,
        "status": "candidate_detection",
        "note": "AI-generated suspected oil-spill candidate; not verified."
      }
    },
    {
      "type": "Feature",
      "geometry": {
        "type": "Polygon",
        "coordinates": [
          [
            [
              34.44021820087859,
              31.539848781543782
            ],
            [
              34.42835746732418,
              31.541714490514607
            ],
            [
              34.42684027075435,
              31.534705150673982
            ],
            [
              34.438701004308754,
              31.53283944170316
            ],
            [
              34.44021820087859,
              31.539848781543782
            ]
          ]
        ]
      },
      "properties": {
        "event_id": "oc-0119_0",
        "image_name": "oc-0119.jpg",
        "patch_name": "S1_20190407_034234_034349_VV_4",
        "start_time": "2019-04-07T03:42:34",
        "end_time": "2019-04-07T03:43:49",
        "sentinel_id": "S1B_IW_GRDH_1SDV_20190407T034324_20190407T034349_015695_01D728_35B4.SAFE",
        "class_name": "oil",
        "confidence": 0.8836,
        "bbox_pixels": [
          165.54,
          80.84,
          222.9,
          119.76
        ],
        "centroid_lon": 34.433529,
        "centroid_lat": 31.537277,
        "estimated_area_km2": 1.254,
        "status": "candidate_detection",
        "note": "AI-generated suspected oil-spill candidate; not verified."
      }
    },
    {
      "type": "Feature",
      "geometry": {
        "type": "Polygon",
        "coordinates": [
          [
            [
              34.39612502522275,
              31.492003920788004
            ],
            [
              34.3847173290325,
              31.493798366386244
            ],
            [
              34.38372198896516,
              31.489199966332066
            ],
            [
              34.395129685155425,
              31.48740552073383
            ],
            [
              34.39612502522275,
              31.492003920788004
            ]
          ]
        ]
      },
      "properties": {
        "event_id": "oc-0119_1",
        "image_name": "oc-0119.jpg",
        "patch_name": "S1_20190407_034234_034349_VV_4",
        "start_time": "2019-04-07T03:42:34",
        "end_time": "2019-04-07T03:43:49",
        "sentinel_id": "S1B_IW_GRDH_1SDV_20190407T034324_20190407T034349_015695_01D728_35B4.SAFE",
        "class_name": "oil",
        "confidence": 0.8597,
        "bbox_pixels": [
          323.33,
          374.99,
          378.5,
          400.52
        ],
        "centroid_lon": 34.389924,
        "centroid_lat": 31.490602,
        "estimated_area_km2": 0.8379,
        "status": "candidate_detection",
        "note": "AI-generated suspected oil-spill candidate; not verified."
      }
    },
    {
      "type": "Feature",
      "geometry": {
        "type": "Polygon",
        "coordinates": [
          [
            [
              34.37352360150901,
              31.467020540766008
            ],
            [
              34.35799312743105,
              31.469463504742517
            ],
            [
              34.35664415056109,
              31.46323132790616
            ],
            [
              34.372174624639044,
              31.460788363929645
            ],
            [
              34.37352360150901,
              31.467020540766008
            ]
          ]
        ]
      },
      "properties": {
        "event_id": "oc-0119_2",
        "image_name": "oc-0119.jpg",
        "patch_name": "S1_20190407_034234_034349_VV_4",
        "start_time": "2019-04-07T03:42:34",
        "end_time": "2019-04-07T03:43:49",
        "sentinel_id": "S1B_IW_GRDH_1SDV_20190407T034324_20190407T034349_015695_01D728_35B4.SAFE",
        "class_name": "oil",
        "confidence": 0.8549,
        "bbox_pixels": [
          403.74,
          528.23,
          478.86,
          562.83
        ],
        "centroid_lon": 34.365084,
        "centroid_lat": 31.465126,
        "estimated_area_km2": 1.5478,
        "status": "candidate_detection",
        "note": "AI-generated suspected oil-spill candidate; not verified."
      }
    },
    {
      "type": "Feature",
      "geometry": {
        "type": "Polygon",
        "coordinates": [
          [
            [
              30.075726261475616,
              31.304331033966037
            ],
            [
              30.092662108231732,
              31.306824408551073
            ],
            [
              30.08989043935677,
              31.320338211134477
            ],
            [
              30.072954592600652,
              31.317844836549448
            ],
            [
              30.075726261475616,
              31.304331033966037
            ]
          ]
        ]
      },
      "properties": {
        "event_id": "oc-0121_0",
        "image_name": "oc-0121.jpg",
        "patch_name": "S1_20190409_160405_160545_VV_0",
        "start_time": "2019-04-09T16:04:05",
        "end_time": "2019-04-09T16:05:45",
        "sentinel_id": "S1B_IW_GRDH_1SDV_20190409T160430_20190409T160455_015732_01D85B_FCAC.SAFE",
        "class_name": "oil",
        "confidence": 0.8152,
        "bbox_pixels": [
          275.12,
          281.01,
          356.68,
          356.11
        ],
        "centroid_lon": 30.082808,
        "centroid_lat": 31.312335,
        "estimated_area_km2": 3.3399,
        "status": "candidate_detection",
        "note": "AI-generated suspected oil-spill candidate; not verified."
      }
    },
    {
      "type": "Feature",
      "geometry": {
        "type": "Polygon",
        "coordinates": [
          [
            [
              33.3680200557624,
              34.65855321318317
            ],
            [
              33.354152772555146,
              34.660440573315775
            ],
            [
              33.352054610184375,
              34.65046847523324
            ],
            [
              33.36592189339163,
              34.64858111510063
            ],
            [
              33.3680200557624,
              34.65855321318317
            ]
          ]
        ]
      },
      "properties": {
        "event_id": "oc-0131_0",
        "image_name": "oc-0131.jpg",
        "patch_name": "S1_20190419_034234_034349_VV_0",
        "start_time": "2019-04-19T03:42:34",
        "end_time": "2019-04-19T03:43:49",
        "sentinel_id": "S1B_IW_GRDH_1SDV_20190419T034234_20190419T034259_015870_01DCF1_643E.SAFE",
        "class_name": "oil",
        "confidence": 0.7927,
        "bbox_pixels": [
          286.3,
          299.79,
          350.71,
          355.32
        ],
        "centroid_lon": 33.360037,
        "centroid_lat": 34.654511,
        "estimated_area_km2": 1.9301,
        "status": "candidate_detection",
        "note": "AI-generated suspected oil-spill candidate; not verified."
      }
    },
    {
      "type": "Feature",
      "geometry": {
        "type": "Polygon",
        "coordinates": [
          [
            [
              34.2174900652014,
              31.327083279292882
            ],
            [
              34.199551996868614,
              31.329910792788844
            ],
            [
              34.19639052253289,
              31.315474856650305
            ],
            [
              34.21432859086568,
              31.31264734315434
            ],
            [
              34.2174900652014,
              31.327083279292882
            ]
          ]
        ]
      },
      "properties": {
        "event_id": "oc-0136_0",
        "image_name": "oc-0136.jpg",
        "patch_name": "S1_20190425_034258_034438_VV_6",
        "start_time": "2019-04-25T03:42:58",
        "end_time": "2019-04-25T03:44:38",
        "sentinel_id": "S1A_IW_GRDH_1SDV_20190425T034413_20190425T034438_026941_030806_CB88.SAFE",
        "class_name": "oil",
        "confidence": 0.881,
        "bbox_pixels": [
          283.11,
          281.55,
          370.02,
          361.67
        ],
        "centroid_lon": 34.20694,
        "centroid_lat": 31.321279,
        "estimated_area_km2": 3.856,
        "status": "candidate_detection",
        "note": "AI-generated suspected oil-spill candidate; not verified."
      }
    },
    {
      "type": "Feature",
      "geometry": {
        "type": "Polygon",
        "coordinates": [
          [
            [
              32.34741010519982,
              31.294400860373912
            ],
            [
              32.335963842586004,
              31.29621342862078
            ],
            [
              32.33160904743914,
              31.276272706242572
            ],
            [
              32.343055310052954,
              31.274460137995707
            ],
            [
              32.34741010519982,
              31.294400860373912
            ]
          ]
        ]
      },
      "properties": {
        "event_id": "oc-0139_0",
        "image_name": "oc-0139.jpg",
        "patch_name": "S1_20190430_035118_035259_VV_9",
        "start_time": "2019-04-30T03:51:18",
        "end_time": "2019-04-30T03:52:59",
        "sentinel_id": "S1A_IW_GRDH_1SDV_20190430T035233_20190430T035259_027014_030AB6_B4D3.SAFE",
        "class_name": "oil",
        "confidence": 0.8288,
        "bbox_pixels": [
          292.82,
          239.17,
          348.18,
          349.84
        ],
        "centroid_lon": 32.33951,
        "centroid_lat": 31.285337,
        "estimated_area_km2": 3.6401,
        "status": "candidate_detection",
        "note": "AI-generated suspected oil-spill candidate; not verified."
      }
    },
    {
      "type": "Feature",
      "geometry": {
        "type": "Polygon",
        "coordinates": [
          [
            [
              32.33531135947591,
              31.27176978712621
            ],
            [
              32.332594975799694,
              31.272199938955154
            ],
            [
              32.331215498376594,
              31.26588327527904
            ],
            [
              32.333931882052816,
              31.265453123450108
            ],
            [
              32.33531135947591,
              31.27176978712621
            ]
          ]
        ]
      },
      "properties": {
        "event_id": "oc-0139_1",
        "image_name": "oc-0139.jpg",
        "patch_name": "S1_20190430_035118_035259_VV_9",
        "start_time": "2019-04-30T03:51:18",
        "end_time": "2019-04-30T03:52:59",
        "sentinel_id": "S1A_IW_GRDH_1SDV_20190430T035233_20190430T035259_027014_030AB6_B4D3.SAFE",
        "class_name": "oil",
        "confidence": 0.6436,
        "bbox_pixels": [
          326.27,
          370.84,
          339.41,
          405.9
        ],
        "centroid_lon": 32.333263,
        "centroid_lat": 31.268827,
        "estimated_area_km2": 0.2927,
        "status": "candidate_detection",
        "note": "AI-generated suspected oil-spill candidate; not verified."
      }
    },
    {
      "type": "Feature",
      "geometry": {
        "type": "Polygon",
        "coordinates": [
          [
            [
              32.34994232833185,
              31.252629873813376
            ],
            [
              32.33755824507861,
              31.254596388752578
            ],
            [
              32.333529198454535,
              31.236219849105684
            ],
            [
              32.345913281707766,
              31.234253334166482
            ],
            [
              32.34994232833185,
              31.252629873813376
            ]
          ]
        ]
      },
      "properties": {
        "event_id": "oc-0142_0",
        "image_name": "oc-0142.jpg",
        "patch_name": "S1_20190506_035041_035220_VV_4",
        "start_time": "2019-05-06T03:50:41",
        "end_time": "2019-05-06T03:52:20",
        "sentinel_id": "S1B_IW_GRDH_1SDV_20190506T035131_20190506T035156_016118_01E530_855F.SAFE",
        "class_name": "oil",
        "confidence": 0.6456,
        "bbox_pixels": [
          290.18,
          271.51,
          350.2,
          373.55
        ],
        "centroid_lon": 32.341736,
        "centroid_lat": 31.244425,
        "estimated_area_km2": 3.5375,
        "status": "candidate_detection",
        "note": "AI-generated suspected oil-spill candidate; not verified."
      }
    },
    {
      "type": "Feature",
      "geometry": {
        "type": "Polygon",
        "coordinates": [
          [
            [
              32.283452309951016,
              31.277493554240706
            ],
            [
              32.30120545460406,
              31.280241265618358
            ],
            [
              32.29806715001412,
              31.294988311695
            ],
            [
              32.280314005361085,
              31.29224060031735
            ],
            [
              32.283452309951016,
              31.277493554240706
            ]
          ]
        ]
      },
      "properties": {
        "event_id": "oc-0143_0",
        "image_name": "oc-0143.jpg",
        "patch_name": "S1_20190510_155611_155636_VV_0",
        "start_time": "2019-05-10T15:56:11",
        "end_time": "2019-05-10T15:56:36",
        "sentinel_id": "S1B_IW_GRDH_1SDV_20190510T155611_20190510T155636_016184_01E73C_075F.SAFE",
        "class_name": "oil",
        "confidence": 0.9054,
        "bbox_pixels": [
          196.13,
          310.65,
          282.08,
          392.73
        ],
        "centroid_lon": 32.29076,
        "centroid_lat": 31.286241,
        "estimated_area_km2": 3.8706,
        "status": "candidate_detection",
        "note": "AI-generated suspected oil-spill candidate; not verified."
      }
    },
    {
      "type": "Feature",
      "geometry": {
        "type": "Polygon",
        "coordinates": [
          [
            [
              32.32306690461009,
              31.268556999122847
            ],
            [
              32.33910790941161,
              31.271039717101175
            ],
            [
              32.335295190908255,
              31.28895586699512
            ],
            [
              32.31925418610675,
              31.286473149016786
            ],
            [
              32.32306690461009,
              31.268556999122847
            ]
          ]
        ]
      },
      "properties": {
        "event_id": "oc-0143_1",
        "image_name": "oc-0143.jpg",
        "patch_name": "S1_20190510_155611_155636_VV_0",
        "start_time": "2019-05-10T15:56:11",
        "end_time": "2019-05-10T15:56:36",
        "sentinel_id": "S1B_IW_GRDH_1SDV_20190510T155611_20190510T155636_016184_01E73C_075F.SAFE",
        "class_name": "oil",
        "confidence": 0.8159,
        "bbox_pixels": [
          372.9,
          229.46,
          450.56,
          329.18
        ],
        "centroid_lon": 32.329181,
        "centroid_lat": 31.278756,
        "estimated_area_km2": 4.2893,
        "status": "candidate_detection",
        "note": "AI-generated suspected oil-spill candidate; not verified."
      }
    },
    {
      "type": "Feature",
      "geometry": {
        "type": "Polygon",
        "coordinates": [
          [
            [
              34.39759701241478,
              31.49668043365472
            ],
            [
              34.37917217764856,
              31.499566609032094
            ],
            [
              34.3764483477729,
              31.48707505622247
            ],
            [
              34.394873182539115,
              31.484188880845103
            ],
            [
              34.39759701241478,
              31.49668043365472
            ]
          ]
        ]
      },
      "properties": {
        "event_id": "oc-0146_0",
        "image_name": "oc-0146.jpg",
        "patch_name": "S1_20190513_034219_034359_VV_3",
        "start_time": "2019-05-13T03:42:19",
        "end_time": "2019-05-13T03:43:59",
        "sentinel_id": "S1B_IW_GRDH_1SDV_20190513T034334_20190513T034359_016220_01E86A_D898.SAFE",
        "class_name": "oil",
        "confidence": 0.9214,
        "bbox_pixels": [
          281.28,
          359.74,
          370.1,
          429.1
        ],
        "centroid_lon": 34.387023,
        "centroid_lat": 31.491878,
        "estimated_area_km2": 3.4366,
        "status": "candidate_detection",
        "note": "AI-generated suspected oil-spill candidate; not verified."
      }
    },
    {
      "type": "Feature",
      "geometry": {
        "type": "Polygon",
        "coordinates": [
          [
            [
              34.44505044265148,
              31.546666885798842
            ],
            [
              34.434475679680226,
              31.548323379379184
            ],
            [
              34.432501067422145,
              31.53926775754296
            ],
            [
              34.443075830393404,
              31.537611263962617
            ],
            [
              34.44505044265148,
              31.546666885798842
            ]
          ]
        ]
      },
      "properties": {
        "event_id": "oc-0146_1",
        "image_name": "oc-0146.jpg",
        "patch_name": "S1_20190513_034219_034359_VV_3",
        "start_time": "2019-05-13T03:42:19",
        "end_time": "2019-05-13T03:43:59",
        "sentinel_id": "S1B_IW_GRDH_1SDV_20190513T034334_20190513T034359_016220_01E86A_D898.SAFE",
        "class_name": "oil",
        "confidence": 0.8254,
        "bbox_pixels": [
          110.89,
          51.45,
          161.86,
          101.73
        ],
        "centroid_lon": 34.438776,
        "centroid_lat": 31.542967,
        "estimated_area_km2": 1.4197,
        "status": "candidate_detection",
        "note": "AI-generated suspected oil-spill candidate; not verified."
      }
    },
    {
      "type": "Feature",
      "geometry": {
        "type": "Polygon",
        "coordinates": [
          [
            [
              34.44075564642002,
              31.54317899642944
            ],
            [
              34.39684583311026,
              31.550057289972237
            ],
            [
              34.39346285754112,
              31.534542878314898
            ],
            [
              34.43737267085088,
              31.527664584772104
            ],
            [
              34.44075564642002,
              31.54317899642944
            ]
          ]
        ]
      },
      "properties": {
        "event_id": "oc-0146_2",
        "image_name": "oc-0146.jpg",
        "patch_name": "S1_20190513_034219_034359_VV_3",
        "start_time": "2019-05-13T03:42:19",
        "end_time": "2019-05-13T03:43:59",
        "sentinel_id": "S1B_IW_GRDH_1SDV_20190513T034334_20190513T034359_016220_01E86A_D898.SAFE",
        "class_name": "oil",
        "confidence": 0.7292,
        "bbox_pixels": [
          127.36,
          73.79,
          339.04,
          159.93
        ],
        "centroid_lon": 34.417109,
        "centroid_lat": 31.538861,
        "estimated_area_km2": 11.1849,
        "status": "candidate_detection",
        "note": "AI-generated suspected oil-spill candidate; not verified."
      }
    },
    {
      "type": "Feature",
      "geometry": {
        "type": "Polygon",
        "coordinates": [
          [
            [
              34.37512199602013,
              31.475702285349115
            ],
            [
              34.337160105965026,
              31.48164886092202
            ],
            [
              34.33405851452353,
              31.46742488400205
            ],
            [
              34.37202040457862,
              31.461478308429143
            ],
            [
              34.37512199602013,
              31.475702285349115
            ]
          ]
        ]
      },
      "properties": {
        "event_id": "oc-0146_3",
        "image_name": "oc-0146.jpg",
        "patch_name": "S1_20190513_034219_034359_VV_3",
        "start_time": "2019-05-13T03:42:19",
        "end_time": "2019-05-13T03:43:59",
        "sentinel_id": "S1B_IW_GRDH_1SDV_20190513T034334_20190513T034359_016220_01E86A_D898.SAFE",
        "class_name": "oil",
        "confidence": 0.6715,
        "bbox_pixels": [
          364.73,
          491.28,
          547.73,
          570.25
        ],
        "centroid_lon": 34.35459,
        "centroid_lat": 31.471564,
        "estimated_area_km2": 8.7542,
        "status": "candidate_detection",
        "note": "AI-generated suspected oil-spill candidate; not verified."
      }
    },
    {
      "type": "Feature",
      "geometry": {
        "type": "Polygon",
        "coordinates": [
          [
            [
              34.45466439507428,
              31.554744018109673
            ],
            [
              34.43911279296552,
              31.55718011328526
            ],
            [
              34.43782597881272,
              31.55127875098303
            ],
            [
              34.453377580921476,
              31.54884265580744
            ],
            [
              34.45466439507428,
              31.554744018109673
            ]
          ]
        ]
      },
      "properties": {
        "event_id": "oc-0146_4",
        "image_name": "oc-0146.jpg",
        "patch_name": "S1_20190513_034219_034359_VV_3",
        "start_time": "2019-05-13T03:42:19",
        "end_time": "2019-05-13T03:43:59",
        "sentinel_id": "S1B_IW_GRDH_1SDV_20190513T034334_20190513T034359_016220_01E86A_D898.SAFE",
        "class_name": "oil",
        "confidence": 0.482,
        "bbox_pixels": [
          74.28,
          0.0,
          149.25,
          32.77
        ],
        "centroid_lon": 34.446245,
        "centroid_lat": 31.553011,
        "estimated_area_km2": 1.4825,
        "status": "candidate_detection",
        "note": "AI-generated suspected oil-spill candidate; not verified."
      }
    },
    {
      "type": "Feature",
      "geometry": {
        "type": "Polygon",
        "coordinates": [
          [
            [
              34.21945933293455,
              31.334831695011495
            ],
            [
              34.20142896908587,
              31.33765956080546
            ],
            [
              34.19899936913283,
              31.326567733623314
            ],
            [
              34.2170297329815,
              31.323739867829357
            ],
            [
              34.21945933293455,
              31.334831695011495
            ]
          ]
        ]
      },
      "properties": {
        "event_id": "oc-0147_0",
        "image_name": "oc-0147.jpg",
        "patch_name": "S1_20190513_034219_034359_VV_4",
        "start_time": "2019-05-13T03:42:19",
        "end_time": "2019-05-13T03:43:59",
        "sentinel_id": "S1B_IW_GRDH_1SDV_20190513T034334_20190513T034359_016220_01E86A_D898.SAFE",
        "class_name": "oil",
        "confidence": 0.8697,
        "bbox_pixels": [
          401.68,
          382.92,
          489.12,
          444.53
        ],
        "centroid_lon": 34.209229,
        "centroid_lat": 31.3307,
        "estimated_area_km2": 3.0146,
        "status": "candidate_detection",
        "note": "AI-generated suspected oil-spill candidate; not verified."
      }
    },
    {
      "type": "Feature",
      "geometry": {
        "type": "Polygon",
        "coordinates": [
          [
            [
              34.2854546586792,
              31.386865686987328
            ],
            [
              34.26351611465653,
              31.390306508189365
            ],
            [
              34.26184288595136,
              31.382667734731765
            ],
            [
              34.28378142997403,
              31.379226913529724
            ],
            [
              34.2854546586792,
              31.386865686987328
            ]
          ]
        ]
      },
      "properties": {
        "event_id": "oc-0147_1",
        "image_name": "oc-0147.jpg",
        "patch_name": "S1_20190513_034219_034359_VV_4",
        "start_time": "2019-05-13T03:42:19",
        "end_time": "2019-05-13T03:43:59",
        "sentinel_id": "S1B_IW_GRDH_1SDV_20190513T034334_20190513T034359_016220_01E86A_D898.SAFE",
        "class_name": "oil",
        "confidence": 0.8277,
        "bbox_pixels": [
          145.68,
          47.89,
          252.08,
          90.32
        ],
        "centroid_lon": 34.273649,
        "centroid_lat": 31.384767,
        "estimated_area_km2": 2.7676,
        "status": "candidate_detection",
        "note": "AI-generated suspected oil-spill candidate; not verified."
      }
    },
    {
      "type": "Feature",
      "geometry": {
        "type": "Polygon",
        "coordinates": [
          [
            [
              33.36281058420156,
              31.260910791118945
            ],
            [
              33.36551619594575,
              31.26132426156642
            ],
            [
              33.36396011060441,
              31.26869575499512
            ],
            [
              33.361254498860205,
              31.268282284547645
            ],
            [
              33.36281058420156,
              31.260910791118945
            ]
          ]
        ]
      },
      "properties": {
        "event_id": "oc-0162_0",
        "image_name": "oc-0162.jpg",
        "patch_name": "S1_20190529_154748_154928_VV_0",
        "start_time": "2019-05-29T15:47:48",
        "end_time": "2019-05-29T15:49:28",
        "sentinel_id": "S1B_IW_GRDH_1SDV_20190529T154748_20190529T154813_016461_01EFC4_EB6A.SAFE",
        "class_name": "oil",
        "confidence": 0.697,
        "bbox_pixels": [
          313.13,
          294.38,
          326.21,
          335.24
        ],
        "centroid_lon": 33.363385,
        "centroid_lat": 31.264803,
        "estimated_area_km2": 0.3514,
        "status": "candidate_detection",
        "note": "AI-generated suspected oil-spill candidate; not verified."
      }
    },
    {
      "type": "Feature",
      "geometry": {
        "type": "Polygon",
        "coordinates": [
          [
            [
              34.65738121433429,
              31.859302850847683
            ],
            [
              34.648713999405594,
              31.86067724414798
            ],
            [
              34.64642040296574,
              31.850339426617488
            ],
            [
              34.65508761789444,
              31.848965033317192
            ],
            [
              34.65738121433429,
              31.859302850847683
            ]
          ]
        ]
      },
      "properties": {
        "event_id": "oc-0164_0",
        "image_name": "oc-0164.jpg",
        "patch_name": "S1_20190531_034300_034440_VV_10",
        "start_time": "2019-05-31T03:43:00",
        "end_time": "2019-05-31T03:44:40",
        "sentinel_id": "S1A_IW_GRDH_1SDV_20190531T034350_20190531T034415_027466_031954_419E.SAFE",
        "class_name": "oil",
        "confidence": 0.7172,
        "bbox_pixels": [
          224.41,
          370.65,
          266.17,
          428.02
        ],
        "centroid_lon": 34.651901,
        "centroid_lat": 31.854821,
        "estimated_area_km2": 1.3512,
        "status": "candidate_detection",
        "note": "AI-generated suspected oil-spill candidate; not verified."
      }
    },
    {
      "type": "Feature",
      "geometry": {
        "type": "Polygon",
        "coordinates": [
          [
            [
              34.64417939281745,
              31.883309823087792
            ],
            [
              34.64077278591969,
              31.883850021725475
            ],
            [
              34.63610038003604,
              31.862790310167604
            ],
            [
              34.6395069869338,
              31.862250111529924
            ],
            [
              34.64417939281745,
              31.883309823087792
            ]
          ]
        ]
      },
      "properties": {
        "event_id": "oc-0164_1",
        "image_name": "oc-0164.jpg",
        "patch_name": "S1_20190531_034300_034440_VV_10",
        "start_time": "2019-05-31T03:43:00",
        "end_time": "2019-05-31T03:44:40",
        "sentinel_id": "S1A_IW_GRDH_1SDV_20190531T034350_20190531T034415_027466_031954_419E.SAFE",
        "class_name": "oil",
        "confidence": 0.5646,
        "bbox_pixels": [
          310.64,
          253.18,
          327.06,
          370.05
        ],
        "centroid_lon": 34.64014,
        "centroid_lat": 31.87305,
        "estimated_area_km2": 1.8364,
        "status": "candidate_detection",
        "note": "AI-generated suspected oil-spill candidate; not verified."
      }
    },
    {
      "type": "Feature",
      "geometry": {
        "type": "Polygon",
        "coordinates": [
          [
            [
              32.1919134732856,
              31.356297814716996
            ],
            [
              32.19545233085899,
              31.356819327457586
            ],
            [
              32.19435223179234,
              31.36224027173006
            ],
            [
              32.190813374218955,
              31.361718758989465
            ],
            [
              32.1919134732856,
              31.356297814716996
            ]
          ]
        ]
      },
      "properties": {
        "event_id": "oc-0176_0",
        "image_name": "oc-0176.jpg",
        "patch_name": "S1_20190615_155613_155638_VV_1",
        "start_time": "2019-06-15T15:56:13",
        "end_time": "2019-06-15T15:56:38",
        "sentinel_id": "S1B_IW_GRDH_1SDV_20190615T155613_20190615T155638_016709_01F729_3F2F.SAFE",
        "class_name": "oil",
        "confidence": 0.7188,
        "bbox_pixels": [
          176.42,
          458.07,
          193.51,
          488.25
        ],
        "centroid_lon": 32.193133,
        "centroid_lat": 31.359269,
        "estimated_area_km2": 0.2917,
        "status": "candidate_detection",
        "note": "AI-generated suspected oil-spill candidate; not verified."
      }
    },
    {
      "type": "Feature",
      "geometry": {
        "type": "Polygon",
        "coordinates": [
          [
            [
              32.2547234184041,
              31.309792884998217
            ],
            [
              32.262450292280974,
              31.31093157540555
            ],
            [
              32.26040400180514,
              31.321015055131184
            ],
            [
              32.25267712792826,
              31.31987636472385
            ],
            [
              32.2547234184041,
              31.309792884998217
            ]
          ]
        ]
      },
      "properties": {
        "event_id": "oc-0176_1",
        "image_name": "oc-0176.jpg",
        "patch_name": "S1_20190615_155613_155638_VV_1",
        "start_time": "2019-06-15T15:56:13",
        "end_time": "2019-06-15T15:56:38",
        "sentinel_id": "S1B_IW_GRDH_1SDV_20190615T155613_20190615T155638_016709_01F729_3F2F.SAFE",
        "class_name": "oil",
        "confidence": 0.6996,
        "bbox_pixels": [
          426.77,
          156.58,
          464.1,
          212.73
        ],
        "centroid_lon": 32.257564,
        "centroid_lat": 31.315404,
        "estimated_area_km2": 1.1611,
        "status": "candidate_detection",
        "note": "AI-generated suspected oil-spill candidate; not verified."
      }
    },
    {
      "type": "Feature",
      "geometry": {
        "type": "Polygon",
        "coordinates": [
          [
            [
              32.44163821695151,
              31.21612687636141
            ],
            [
              32.44601678613669,
              31.21683204091466
            ],
            [
              32.442960210422264,
              31.23061617957564
            ],
            [
              32.438581641237086,
              31.229911015022402
            ],
            [
              32.44163821695151,
              31.21612687636141
            ]
          ]
        ]
      },
      "properties": {
        "event_id": "oc-0179_0",
        "image_name": "oc-0179.jpg",
        "patch_name": "S1_20190616_154839_155019_VV_0",
        "start_time": "2019-06-16T15:48:39",
        "end_time": "2019-06-16T15:50:19",
        "sentinel_id": "S1A_IW_GRDH_1SDV_20190616T154839_20190616T154904_027707_0320A3_5FB2.SAFE",
        "class_name": "oil",
        "confidence": 0.7462,
        "bbox_pixels": [
          103.07,
          145.41,
          124.31,
          221.94
        ],
        "centroid_lon": 32.442299,
        "centroid_lat": 31.223372,
        "estimated_area_km2": 1.1416,
        "status": "candidate_detection",
        "note": "AI-generated suspected oil-spill candidate; not verified."
      }
    },
    {
      "type": "Feature",
      "geometry": {
        "type": "Polygon",
        "coordinates": [
          [
            [
              32.51579505261908,
              31.281860581952255
            ],
            [
              32.52021539940687,
              31.282572474750104
            ],
            [
              32.518520791051465,
              31.29021459414431
            ],
            [
              32.514100444263676,
              31.289502701346457
            ],
            [
              32.51579505261908,
              31.281860581952255
            ]
          ]
        ]
      },
      "properties": {
        "event_id": "oc-0179_1",
        "image_name": "oc-0179.jpg",
        "patch_name": "S1_20190616_154839_155019_VV_0",
        "start_time": "2019-06-16T15:48:39",
        "end_time": "2019-06-16T15:50:19",
        "sentinel_id": "S1A_IW_GRDH_1SDV_20190616T154839_20190616T154904_027707_0320A3_5FB2.SAFE",
        "class_name": "oil",
        "confidence": 0.6648,
        "bbox_pixels": [
          518.76,
          433.75,
          540.21,
          476.18
        ],
        "centroid_lon": 32.517158,
        "centroid_lat": 31.286038,
        "estimated_area_km2": 0.541,
        "status": "candidate_detection",
        "note": "AI-generated suspected oil-spill candidate; not verified."
      }
    },
    {
      "type": "Feature",
      "geometry": {
        "type": "Polygon",
        "coordinates": [
          [
            [
              32.398732749685564,
              31.221637139075096
            ],
            [
              32.405077076747205,
              31.222566687535533
            ],
            [
              32.40380668007376,
              31.2288628076914
            ],
            [
              32.397462353012116,
              31.227933259230966
            ],
            [
              32.398732749685564,
              31.221637139075096
            ]
          ]
        ]
      },
      "properties": {
        "event_id": "oc-0187_0",
        "image_name": "oc-0187.jpg",
        "patch_name": "S1_20190621_155641_155821_VV_0",
        "start_time": "2019-06-21T15:56:41",
        "end_time": "2019-06-21T15:58:21",
        "sentinel_id": "S1A_IW_GRDH_1SDV_20190621T155641_20190621T155706_027780_0322C6_F246.SAFE",
        "class_name": "oil",
        "confidence": 0.7666,
        "bbox_pixels": [
          306.57,
          303.48,
          337.22,
          338.4
        ],
        "centroid_lon": 32.40127,
        "centroid_lat": 31.22525,
        "estimated_area_km2": 0.5831,
        "status": "candidate_detection",
        "note": "AI-generated suspected oil-spill candidate; not verified."
      }
    },
    {
      "type": "Feature",
      "geometry": {
        "type": "Polygon",
        "coordinates": [
          [
            [
              32.420501526836475,
              31.194796886883637
            ],
            [
              32.43521811829564,
              31.197179652806245
            ],
            [
              32.4308864633896,
              31.21663302186718
            ],
            [
              32.41616987193044,
              31.214250255944577
            ],
            [
              32.420501526836475,
              31.194796886883637
            ]
          ]
        ]
      },
      "properties": {
        "event_id": "oc-0190_0",
        "image_name": "oc-0190.jpg",
        "patch_name": "S1_20190622_154749_154929_VV_1",
        "start_time": "2019-06-22T15:47:49",
        "end_time": "2019-06-22T15:49:29",
        "sentinel_id": "S1B_IW_GRDH_1SDV_20190622T154814_20190622T154839_016811_01FA2F_42DF.SAFE;S1B_IW_GRDH_1SDV_20190622T154749_20190622T154814_016811_01FA2F_09AC.SAFE",
        "class_name": "oil",
        "confidence": 0.4948,
        "bbox_pixels": [
          297.49,
          263.7,
          368.87,
          371.46
        ],
        "centroid_lon": 32.425694,
        "centroid_lat": 31.205715,
        "estimated_area_km2": 4.4086,
        "status": "candidate_detection",
        "note": "AI-generated suspected oil-spill candidate; not verified."
      }
    },
    {
      "type": "Feature",
      "geometry": {
        "type": "Polygon",
        "coordinates": [
          [
            [
              34.88284587763435,
              32.466628488377765
            ],
            [
              34.86479965600774,
              32.46946759134632
            ],
            [
              34.86118439921901,
              32.45339984562563
            ],
            [
              34.87923062084562,
              32.450560742657075
            ],
            [
              34.88284587763435,
              32.466628488377765
            ]
          ]
        ]
      },
      "properties": {
        "event_id": "oc-0192_0",
        "image_name": "oc-0192.jpg",
        "patch_name": "S1_20190624_034301_034441_VV_2",
        "start_time": "2019-06-24T03:43:01",
        "end_time": "2019-06-24T03:44:41",
        "sentinel_id": "S1A_IW_GRDH_1SDV_20190624T034351_20190624T034416_027816_0323DB_253E.SAFE",
        "class_name": "oil",
        "confidence": 0.8829,
        "bbox_pixels": [
          274.15,
          283.36,
          360.52,
          372.57
        ],
        "centroid_lon": 34.872015,
        "centroid_lat": 32.460014,
        "estimated_area_km2": 4.2823,
        "status": "candidate_detection",
        "note": "AI-generated suspected oil-spill candidate; not verified."
      }
    },
    {
      "type": "Feature",
      "geometry": {
        "type": "Polygon",
        "coordinates": [
          [
            [
              34.83764767472485,
              32.42356724224211
            ],
            [
              34.82441895609665,
              32.42564843658321
            ],
            [
              34.82233298457274,
              32.41637748793819
            ],
            [
              34.83556170320093,
              32.41429629359709
            ],
            [
              34.83764767472485,
              32.42356724224211
            ]
          ]
        ]
      },
      "properties": {
        "event_id": "oc-0192_1",
        "image_name": "oc-0192.jpg",
        "patch_name": "S1_20190624_034301_034441_VV_2",
        "start_time": "2019-06-24T03:43:01",
        "end_time": "2019-06-24T03:44:41",
        "sentinel_id": "S1A_IW_GRDH_1SDV_20190624T034351_20190624T034416_027816_0323DB_253E.SAFE",
        "class_name": "oil",
        "confidence": 0.4842,
        "bbox_pixels": [
          438.3,
          552.39,
          501.62,
          603.86
        ],
        "centroid_lon": 34.82999,
        "centroid_lat": 32.419972,
        "estimated_area_km2": 1.8186,
        "status": "candidate_detection",
        "note": "AI-generated suspected oil-spill candidate; not verified."
      }
    },
    {
      "type": "Feature",
      "geometry": {
        "type": "Polygon",
        "coordinates": [
          [
            [
              30.09629394201889,
              31.308270656315536
            ],
            [
              30.082260264276993,
              31.31047725826345
            ],
            [
              30.080696183364893,
              31.30326017733359
            ],
            [
              30.094729861106792,
              31.30105357538568
            ],
            [
              30.09629394201889,
              31.308270656315536
            ]
          ]
        ]
      },
      "properties": {
        "event_id": "oc-0199_0",
        "image_name": "oc-0199.jpg",
        "patch_name": "S1_20190628_035854_040033_VV_3",
        "start_time": "2019-06-28T03:58:54",
        "end_time": "2019-06-28T04:00:33",
        "sentinel_id": "S1B_IW_GRDH_1SDV_20190628T040009_20190628T040033_016891_01FC8F_8CA8.SAFE",
        "class_name": "oil",
        "confidence": 0.8168,
        "bbox_pixels": [
          282.79,
          294.06,
          350.61,
          334.1
        ],
        "centroid_lon": 30.088495,
        "centroid_lat": 31.305765,
        "estimated_area_km2": 1.5563,
        "status": "candidate_detection",
        "note": "AI-generated suspected oil-spill candidate; not verified."
      }
    },
    {
      "type": "Feature",
      "geometry": {
        "type": "Polygon",
        "coordinates": [
          [
            [
              32.34881930465714,
              31.238106154614478
            ],
            [
              32.343457419184446,
              31.238955262577697
            ],
            [
              32.34251271131094,
              31.23462946100764
            ],
            [
              32.34787459678363,
              31.233780353044423
            ],
            [
              32.34881930465714,
              31.238106154614478
            ]
          ]
        ]
      },
      "properties": {
        "event_id": "oc-0207_0",
        "image_name": "oc-0207.jpg",
        "patch_name": "S1_20190711_035121_035303_VV_13",
        "start_time": "2019-07-11T03:51:21",
        "end_time": "2019-07-11T03:53:03",
        "sentinel_id": "S1A_IW_GRDH_1SDV_20190711T035236_20190711T035303_028064_032B5E_B97C.SAFE",
        "class_name": "oil",
        "confidence": 0.7078,
        "bbox_pixels": [
          323.72,
          315.38,
          349.65,
          339.37
        ],
        "centroid_lon": 32.345666,
        "centroid_lat": 31.236368,
        "estimated_area_km2": 0.3458,
        "status": "candidate_detection",
        "note": "AI-generated suspected oil-spill candidate; not verified."
      }
    },
    {
      "type": "Feature",
      "geometry": {
        "type": "Polygon",
        "coordinates": [
          [
            [
              34.40354442142801,
              31.50784715705708
            ],
            [
              34.39255790638057,
              31.509568093381695
            ],
            [
              34.388458520136176,
              31.4907666601165
            ],
            [
              34.39944503518361,
              31.489045723791875
            ],
            [
              34.40354442142801,
              31.50784715705708
            ]
          ]
        ]
      },
      "properties": {
        "event_id": "oc-0210_0",
        "image_name": "oc-0210.jpg",
        "patch_name": "S1_20190712_034223_034403_VV_4",
        "start_time": "2019-07-12T03:42:23",
        "end_time": "2019-07-12T03:44:03",
        "sentinel_id": "S1B_IW_GRDH_1SDV_20190712T034338_20190712T034403_017095_02029D_4A64.SAFE",
        "class_name": "oil",
        "confidence": 0.8925,
        "bbox_pixels": [
          334.03,
          334.53,
          387.0,
          438.85
        ],
        "centroid_lon": 34.396001,
        "centroid_lat": 31.499307,
        "estimated_area_km2": 3.2713,
        "status": "candidate_detection",
        "note": "AI-generated suspected oil-spill candidate; not verified."
      }
    },
    {
      "type": "Feature",
      "geometry": {
        "type": "Polygon",
        "coordinates": [
          [
            [
              34.380751771697696,
              31.48093002158582
            ],
            [
              34.37099345895486,
              31.482458571339194
            ],
            [
              34.367282035571336,
              31.465436491714527
            ],
            [
              34.37704034831417,
              31.463907941961153
            ],
            [
              34.380751771697696,
              31.48093002158582
            ]
          ]
        ]
      },
      "properties": {
        "event_id": "oc-0210_1",
        "image_name": "oc-0210.jpg",
        "patch_name": "S1_20190712_034223_034403_VV_4",
        "start_time": "2019-07-12T03:42:23",
        "end_time": "2019-07-12T03:44:03",
        "sentinel_id": "S1B_IW_GRDH_1SDV_20190712T034338_20190712T034403_017095_02029D_4A64.SAFE",
        "class_name": "oil",
        "confidence": 0.7738,
        "bbox_pixels": [
          412.92,
          498.1,
          459.97,
          592.54
        ],
        "centroid_lon": 34.374017,
        "centroid_lat": 31.473183,
        "estimated_area_km2": 2.6409,
        "status": "candidate_detection",
        "note": "AI-generated suspected oil-spill candidate; not verified."
      }
    },
    {
      "type": "Feature",
      "geometry": {
        "type": "Polygon",
        "coordinates": [
          [
            [
              34.43998789260865,
              31.54232479656619
            ],
            [
              34.435792605641296,
              31.542981949603632
            ],
            [
              34.43343319990231,
              31.532160766406328
            ],
            [
              34.437628486869656,
              31.531503613368884
            ],
            [
              34.43998789260865,
              31.54232479656619
            ]
          ]
        ]
      },
      "properties": {
        "event_id": "oc-0210_2",
        "image_name": "oc-0210.jpg",
        "patch_name": "S1_20190712_034223_034403_VV_4",
        "start_time": "2019-07-12T03:42:23",
        "end_time": "2019-07-12T03:44:03",
        "sentinel_id": "S1B_IW_GRDH_1SDV_20190712T034338_20190712T034403_017095_02029D_4A64.SAFE",
        "class_name": "oil",
        "confidence": 0.7048,
        "bbox_pixels": [
          199.19,
          118.92,
          219.42,
          178.96
        ],
        "centroid_lon": 34.436711,
        "centroid_lat": 31.537243,
        "estimated_area_km2": 0.7946,
        "status": "candidate_detection",
        "note": "AI-generated suspected oil-spill candidate; not verified."
      }
    },
    {
      "type": "Feature",
      "geometry": {
        "type": "Polygon",
        "coordinates": [
          [
            [
              32.395070940048484,
              31.28186540992246
            ],
            [
              32.38738894621156,
              31.283081948931073
            ],
            [
              32.38613778055611,
              31.277353022482963
            ],
            [
              32.39381977439304,
              31.276136483474353
            ],
            [
              32.395070940048484,
              31.28186540992246
            ]
          ]
        ]
      },
      "properties": {
        "event_id": "oc-0218_0",
        "image_name": "oc-0218.jpg",
        "patch_name": "S1_20190723_035122_035304_VV_8",
        "start_time": "2019-07-23T03:51:22",
        "end_time": "2019-07-23T03:53:04",
        "sentinel_id": "S1A_IW_GRDH_1SDV_20190723T035237_20190723T035304_028239_0330A7_2013.SAFE",
        "class_name": "oil",
        "confidence": 0.8293,
        "bbox_pixels": [
          229.96,
          260.79,
          267.11,
          292.56
        ],
        "centroid_lon": 32.390604,
        "centroid_lat": 31.279609,
        "estimated_area_km2": 0.6571,
        "status": "candidate_detection",
        "note": "AI-generated suspected oil-spill candidate; not verified."
      }
    },
    {
      "type": "Feature",
      "geometry": {
        "type": "Polygon",
        "coordinates": [
          [
            [
              32.44625533820297,
              31.322413380597446
            ],
            [
              32.39345093885623,
              31.33077561219975
            ],
            [
              32.38773884814786,
              31.30462068428064
            ],
            [
              32.4405432474946,
              31.29625845267834
            ],
            [
              32.44625533820297,
              31.322413380597446
            ]
          ]
        ]
      },
      "properties": {
        "event_id": "oc-0218_1",
        "image_name": "oc-0218.jpg",
        "patch_name": "S1_20190723_035122_035304_VV_8",
        "start_time": "2019-07-23T03:51:22",
        "end_time": "2019-07-23T03:53:04",
        "sentinel_id": "S1A_IW_GRDH_1SDV_20190723T035237_20190723T035304_028239_0330A7_2013.SAFE",
        "class_name": "oil",
        "confidence": 0.7251,
        "bbox_pixels": [
          32.07,
          0.0,
          287.47,
          145.04
        ],
        "centroid_lon": 32.416997,
        "centroid_lat": 31.313517,
        "estimated_area_km2": 21.384,
        "status": "candidate_detection",
        "note": "AI-generated suspected oil-spill candidate; not verified."
      }
    },
    {
      "type": "Feature",
      "geometry": {
        "type": "Polygon",
        "coordinates": [
          [
            [
              30.091671694795576,
              31.285544465524367
            ],
            [
              30.112792825761847,
              31.2889722863475
            ],
            [
              30.108207374440383,
              31.30941975950101
            ],
            [
              30.08708624347411,
              31.30599193867787
            ],
            [
              30.091671694795576,
              31.285544465524367
            ]
          ]
        ]
      },
      "properties": {
        "event_id": "oc-0225_0",
        "image_name": "oc-0225.jpg",
        "patch_name": "S1_20190727_155643_155823_VV_1",
        "start_time": "2019-07-27T15:56:43",
        "end_time": "2019-07-27T15:58:23",
        "sentinel_id": "S1A_IW_GRDH_1SDV_20190727T155708_20190727T155733_028305_0332B2_BDB8.SAFE",
        "class_name": "oil",
        "confidence": 0.9151,
        "bbox_pixels": [
          294.02,
          236.36,
          396.07,
          349.57
        ],
        "centroid_lon": 30.09994,
        "centroid_lat": 31.297482,
        "estimated_area_km2": 6.4989,
        "status": "candidate_detection",
        "note": "AI-generated suspected oil-spill candidate; not verified."
      }
    },
    {
      "type": "Feature",
      "geometry": {
        "type": "Polygon",
        "coordinates": [
          [
            [
              34.52789129771364,
              31.654003321036356
            ],
            [
              34.51711428272422,
              31.655700040606167
            ],
            [
              34.51456287784362,
              31.64412368753863
            ],
            [
              34.52533989283303,
              31.642426967968817
            ],
            [
              34.52789129771364,
              31.654003321036356
            ]
          ]
        ]
      },
      "properties": {
        "event_id": "oc-0229_0",
        "image_name": "oc-0229.jpg",
        "patch_name": "S1_20190730_034303_034443_VV_7",
        "start_time": "2019-07-30T03:43:03",
        "end_time": "2019-07-30T03:44:43",
        "sentinel_id": "S1A_IW_GRDH_1SDV_20190730T034418_20190730T034443_028341_0333D2_9F38.SAFE",
        "class_name": "oil",
        "confidence": 0.7588,
        "bbox_pixels": [
          272.5,
          267.25,
          324.4,
          331.45
        ],
        "centroid_lon": 34.521227,
        "centroid_lat": 31.649064,
        "estimated_area_km2": 1.8662,
        "status": "candidate_detection",
        "note": "AI-generated suspected oil-spill candidate; not verified."
      }
    },
    {
      "type": "Feature",
      "geometry": {
        "type": "Polygon",
        "coordinates": [
          [
            [
              34.51746430231189,
              31.647214725435052
            ],
            [
              34.51084223501621,
              31.64825729531031
            ],
            [
              34.50772495290565,
              31.634113417716684
            ],
            [
              34.51434702020132,
              31.63307084784142
            ],
            [
              34.51746430231189,
              31.647214725435052
            ]
          ]
        ]
      },
      "properties": {
        "event_id": "oc-0229_1",
        "image_name": "oc-0229.jpg",
        "patch_name": "S1_20190730_034303_034443_VV_7",
        "start_time": "2019-07-30T03:43:03",
        "end_time": "2019-07-30T03:44:43",
        "sentinel_id": "S1A_IW_GRDH_1SDV_20190730T034418_20190730T034443_028341_0333D2_9F38.SAFE",
        "class_name": "oil",
        "confidence": 0.5488,
        "bbox_pixels": [
          314.07,
          312.43,
          345.96,
          390.87
        ],
        "centroid_lon": 34.512595,
        "centroid_lat": 31.640664,
        "estimated_area_km2": 1.5604,
        "status": "candidate_detection",
        "note": "AI-generated suspected oil-spill candidate; not verified."
      }
    },
    {
      "type": "Feature",
      "geometry": {
        "type": "Polygon",
        "coordinates": [
          [
            [
              34.40241233009005,
              31.503230284743537
            ],
            [
              34.38732681654593,
              31.505624613255552
            ],
            [
              34.38377352512195,
              31.489501491709476
            ],
            [
              34.398859038666075,
              31.487107163197457
            ],
            [
              34.40241233009005,
              31.503230284743537
            ]
          ]
        ]
      },
      "properties": {
        "event_id": "oc-0230_0",
        "image_name": "oc-0230.jpg",
        "patch_name": "S1_20190730_034303_034443_VV_8",
        "start_time": "2019-07-30T03:43:03",
        "end_time": "2019-07-30T03:44:43",
        "sentinel_id": "S1A_IW_GRDH_1SDV_20190730T034418_20190730T034443_028341_0333D2_9F38.SAFE",
        "class_name": "oil",
        "confidence": 0.8833,
        "bbox_pixels": [
          163.28,
          176.58,
          236.4,
          265.99
        ],
        "centroid_lon": 34.393093,
        "centroid_lat": 31.496366,
        "estimated_area_km2": 3.6469,
        "status": "candidate_detection",
        "note": "AI-generated suspected oil-spill candidate; not verified."
      }
    },
    {
      "type": "Feature",
      "geometry": {
        "type": "Polygon",
        "coordinates": [
          [
            [
              34.382218839999325,
              31.480855840261043
            ],
            [
              34.36142021294579,
              31.484156937410923
            ],
            [
              34.35744315661182,
              31.466110975226258
            ],
            [
              34.37824178366536,
              31.46280987807638
            ],
            [
              34.382218839999325,
              31.480855840261043
            ]
          ]
        ]
      },
      "properties": {
        "event_id": "oc-0230_1",
        "image_name": "oc-0230.jpg",
        "patch_name": "S1_20190730_034303_034443_VV_8",
        "start_time": "2019-07-30T03:43:03",
        "end_time": "2019-07-30T03:44:43",
        "sentinel_id": "S1A_IW_GRDH_1SDV_20190730T034418_20190730T034443_028341_0333D2_9F38.SAFE",
        "class_name": "oil",
        "confidence": 0.6751,
        "bbox_pixels": [
          234.76,
          313.64,
          335.57,
          413.72
        ],
        "centroid_lon": 34.369831,
        "centroid_lat": 31.473483,
        "estimated_area_km2": 5.5898,
        "status": "candidate_detection",
        "note": "AI-generated suspected oil-spill candidate; not verified."
      }
    },
    {
      "type": "Feature",
      "geometry": {
        "type": "Polygon",
        "coordinates": [
          [
            [
              34.32952354171325,
              31.46515148166354
            ],
            [
              34.326585124767654,
              31.465617858592132
            ],
            [
              34.32591897494435,
              31.462595192199895
            ],
            [
              34.32885739188994,
              31.4621288152713
            ],
            [
              34.32952354171325,
              31.46515148166354
            ]
          ]
        ]
      },
      "properties": {
        "event_id": "oc-0230_2",
        "image_name": "oc-0230.jpg",
        "patch_name": "S1_20190730_034303_034443_VV_8",
        "start_time": "2019-07-30T03:43:03",
        "end_time": "2019-07-30T03:44:43",
        "sentinel_id": "S1A_IW_GRDH_1SDV_20190730T034418_20190730T034443_028341_0333D2_9F38.SAFE",
        "class_name": "oil",
        "confidence": 0.5569,
        "bbox_pixels": [
          465.34,
          442.61,
          479.58,
          459.37
        ],
        "centroid_lon": 34.327721,
        "centroid_lat": 31.463873,
        "estimated_area_km2": 0.1329,
        "status": "candidate_detection",
        "note": "AI-generated suspected oil-spill candidate; not verified."
      }
    },
    {
      "type": "Feature",
      "geometry": {
        "type": "Polygon",
        "coordinates": [
          [
            [
              32.378461748300566,
              31.220996437543107
            ],
            [
              32.3855590437332,
              31.222036392227952
            ],
            [
              32.38224781288953,
              31.23844317758111
            ],
            [
              32.375150517456895,
              31.237403222896262
            ],
            [
              32.378461748300566,
              31.220996437543107
            ]
          ]
        ]
      },
      "properties": {
        "event_id": "oc-0235_0",
        "image_name": "oc-0235.jpg",
        "patch_name": "S1_20190808_155644_155824_VV_0",
        "start_time": "2019-08-08T15:56:44",
        "end_time": "2019-08-08T15:58:24",
        "sentinel_id": "S1A_IW_GRDH_1SDV_20190808T155709_20190808T155734_028480_033813_EBA6.SAFE;S1A_IW_GRDH_1SDV_20190808T155644_20190808T155709_028480_033813_9B9B.SAFE",
        "class_name": "oil",
        "confidence": 0.8082,
        "bbox_pixels": [
          295.37,
          283.55,
          329.66,
          374.5
        ],
        "centroid_lon": 32.380355,
        "centroid_lat": 31.22972,
        "estimated_area_km2": 1.9243,
        "status": "candidate_detection",
        "note": "AI-generated suspected oil-spill candidate; not verified."
      }
    },
    {
      "type": "Feature",
      "geometry": {
        "type": "Polygon",
        "coordinates": [
          [
            [
              34.40060950751517,
              31.500884769319825
            ],
            [
              34.38777627285479,
              31.50290911792404
            ],
            [
              34.38495005902192,
              31.490030590794333
            ],
            [
              34.3977832936823,
              31.48800624219012
            ],
            [
              34.40060950751517,
              31.500884769319825
            ]
          ]
        ]
      },
      "properties": {
        "event_id": "oc-0248_0",
        "image_name": "oc-0248.jpg",
        "patch_name": "S1_20190817_034225_034405_VV_7",
        "start_time": "2019-08-17T03:42:25",
        "end_time": "2019-08-17T03:44:05",
        "sentinel_id": "S1B_IW_GRDH_1SDV_20190817T034340_20190817T034405_017620_021260_79A2.SAFE",
        "class_name": "oil",
        "confidence": 0.8937,
        "bbox_pixels": [
          226.35,
          163.44,
          288.24,
          234.89
        ],
        "centroid_lon": 34.39278,
        "centroid_lat": 31.495458,
        "estimated_area_km2": 2.4659,
        "status": "candidate_detection",
        "note": "AI-generated suspected oil-spill candidate; not verified."
      }
    },
    {
      "type": "Feature",
      "geometry": {
        "type": "Polygon",
        "coordinates": [
          [
            [
              34.33928060151469,
              31.456892250446195
            ],
            [
              34.317606807280676,
              31.460311132455807
            ],
            [
              34.310312826043855,
              31.42707382601086
            ],
            [
              34.33198662027786,
              31.423654944001253
            ],
            [
              34.33928060151469,
              31.456892250446195
            ]
          ]
        ]
      },
      "properties": {
        "event_id": "oc-0248_1",
        "image_name": "oc-0248.jpg",
        "patch_name": "S1_20190817_034225_034405_VV_7",
        "start_time": "2019-08-17T03:42:25",
        "end_time": "2019-08-17T03:44:05",
        "sentinel_id": "S1B_IW_GRDH_1SDV_20190817T034340_20190817T034405_017620_021260_79A2.SAFE",
        "class_name": "oil",
        "confidence": 0.7293,
        "bbox_pixels": [
          467.24,
          451.23,
          571.77,
          635.63
        ],
        "centroid_lon": 34.324797,
        "centroid_lat": 31.441983,
        "estimated_area_km2": 11.2265,
        "status": "candidate_detection",
        "note": "AI-generated suspected oil-spill candidate; not verified."
      }
    },
    {
      "type": "Feature",
      "geometry": {
        "type": "Polygon",
        "coordinates": [
          [
            [
              32.54495974656679,
              31.13276176225389
            ],
            [
              32.552250641904585,
              31.133927987318938
            ],
            [
              32.549034616291465,
              31.148522149992047
            ],
            [
              32.541743720953676,
              31.147355924927002
            ],
            [
              32.54495974656679,
              31.13276176225389
            ]
          ]
        ]
      },
      "properties": {
        "event_id": "oc-0256_0",
        "image_name": "oc-0256.jpg",
        "patch_name": "S1_20190827_154843_155023_VV_0",
        "start_time": "2019-08-27T15:48:43",
        "end_time": "2019-08-27T15:50:23",
        "sentinel_id": "S1A_IW_GRDH_1SDV_20190827T154843_20190827T154908_028757_0341B2_CC65.SAFE",
        "class_name": "oil",
        "confidence": 0.8919,
        "bbox_pixels": [
          272.72,
          78.26,
          308.08,
          159.22
        ],
        "centroid_lon": 32.546997,
        "centroid_lat": 31.140642,
        "estimated_area_km2": 1.7564,
        "status": "candidate_detection",
        "note": "AI-generated suspected oil-spill candidate; not verified."
      }
    },
    {
      "type": "Feature",
      "geometry": {
        "type": "Polygon",
        "coordinates": [
          [
            [
              32.54128487178125,
              31.14495325484303
            ],
            [
              32.54576471830891,
              31.145669834778147
            ],
            [
              32.54259434496643,
              31.16005682974044
            ],
            [
              32.53811449843877,
              31.159340249805325
            ],
            [
              32.54128487178125,
              31.14495325484303
            ]
          ]
        ]
      },
      "properties": {
        "event_id": "oc-0256_1",
        "image_name": "oc-0256.jpg",
        "patch_name": "S1_20190827_154843_155023_VV_0",
        "start_time": "2019-08-27T15:48:43",
        "end_time": "2019-08-27T15:50:23",
        "sentinel_id": "S1A_IW_GRDH_1SDV_20190827T154843_20190827T154908_028757_0341B2_CC65.SAFE",
        "class_name": "oil",
        "confidence": 0.712,
        "bbox_pixels": [
          268.09,
          146.74,
          289.82,
          226.56
        ],
        "centroid_lon": 32.54194,
        "centroid_lat": 31.152505,
        "estimated_area_km2": 1.2254,
        "status": "candidate_detection",
        "note": "AI-generated suspected oil-spill candidate; not verified."
      }
    },
    {
      "type": "Feature",
      "geometry": {
        "type": "Polygon",
        "coordinates": [
          [
            [
              32.54290216931491,
              31.18192991663237
            ],
            [
              32.54622655058735,
              31.18246167255343
            ],
            [
              32.54425661668367,
              31.191401133647375
            ],
            [
              32.540932235411226,
              31.190869377726315
            ],
            [
              32.54290216931491,
              31.18192991663237
            ]
          ]
        ]
      },
      "properties": {
        "event_id": "oc-0256_2",
        "image_name": "oc-0256.jpg",
        "patch_name": "S1_20190827_154843_155023_VV_0",
        "start_time": "2019-08-27T15:48:43",
        "end_time": "2019-08-27T15:50:23",
        "sentinel_id": "S1A_IW_GRDH_1SDV_20190827T154843_20190827T154908_028757_0341B2_CC65.SAFE",
        "class_name": "oil",
        "confidence": 0.4416,
        "bbox_pixels": [
          313.84,
          343.51,
          329.96,
          393.11
        ],
        "centroid_lon": 32.543579,
        "centroid_lat": 31.186666,
        "estimated_area_km2": 0.5316,
        "status": "candidate_detection",
        "note": "AI-generated suspected oil-spill candidate; not verified."
      }
    },
    {
      "type": "Feature",
      "geometry": {
        "type": "Polygon",
        "coordinates": [
          [
            [
              31.07424493978603,
              31.660052046646744
            ],
            [
              31.045108154532198,
              31.66437559172806
            ],
            [
              31.041011126621704,
              31.644449329123177
            ],
            [
              31.070147911875537,
              31.640125784041864
            ],
            [
              31.07424493978603,
              31.660052046646744
            ]
          ]
        ]
      },
      "properties": {
        "event_id": "oc-0258_0",
        "image_name": "oc-0258.jpg",
        "patch_name": "S1_20190828_035124_035306_VV_14",
        "start_time": "2019-08-28T03:51:24",
        "end_time": "2019-08-28T03:53:06",
        "sentinel_id": "S1A_IW_GRDH_1SDV_20190828T035239_20190828T035306_028764_0341F0_E062.SAFE;S1A_IW_GRDH_1SDV_20190828T035214_20190828T035239_028764_0341F0_762B.SAFE",
        "class_name": "oil",
        "confidence": 0.8916,
        "bbox_pixels": [
          257.77,
          262.4,
          398.14,
          372.98
        ],
        "centroid_lon": 31.057628,
        "centroid_lat": 31.652251,
        "estimated_area_km2": 8.5014,
        "status": "candidate_detection",
        "note": "AI-generated suspected oil-spill candidate; not verified."
      }
    },
    {
      "type": "Feature",
      "geometry": {
        "type": "Polygon",
        "coordinates": [
          [
            [
              30.08232119970532,
              31.321048341546504
            ],
            [
              30.07500540195614,
              31.32219582717606
            ],
            [
              30.072300965341288,
              31.30961451229199
            ],
            [
              30.079616763090474,
              31.308467026662434
            ],
            [
              30.08232119970532,
              31.321048341546504
            ]
          ]
        ]
      },
      "properties": {
        "event_id": "oc-0263_0",
        "image_name": "oc-0263.jpg",
        "patch_name": "S1_20190902_035935_040115_VV_1",
        "start_time": "2019-09-02T03:59:35",
        "end_time": "2019-09-02T04:01:15",
        "sentinel_id": "S1A_IW_GRDH_1SDV_20190902T040050_20190902T040115_028837_03447B_D2F2.SAFE",
        "class_name": "oil",
        "confidence": 0.6985,
        "bbox_pixels": [
          412.09,
          212.17,
          447.57,
          281.95
        ],
        "centroid_lon": 30.077311,
        "centroid_lat": 31.315331,
        "estimated_area_km2": 1.4564,
        "status": "candidate_detection",
        "note": "AI-generated suspected oil-spill candidate; not verified."
      }
    },
    {
      "type": "Feature",
      "geometry": {
        "type": "Polygon",
        "coordinates": [
          [
            [
              30.278702463577503,
              31.450110184784755
            ],
            [
              30.28424888008375,
              31.451003860238124
            ],
            [
              30.283266725909733,
              31.455412377873092
            ],
            [
              30.277720309403485,
              31.454518702419723
            ],
            [
              30.278702463577503,
              31.450110184784755
            ]
          ]
        ]
      },
      "properties": {
        "event_id": "oc-0284_0",
        "image_name": "oc-0284.jpg",
        "patch_name": "S1_20190925_155647_155827_VV_9",
        "start_time": "2019-09-25T15:56:47",
        "end_time": "2019-09-25T15:58:27",
        "sentinel_id": "S1A_IW_GRDH_1SDV_20190925T155712_20190925T155737_029180_035045_0057.SAFE",
        "class_name": "oil",
        "confidence": 0.802,
        "bbox_pixels": [
          87.7,
          310.18,
          114.49,
          334.59
        ],
        "centroid_lon": 30.280985,
        "centroid_lat": 31.452761,
        "estimated_area_km2": 0.3659,
        "status": "candidate_detection",
        "note": "AI-generated suspected oil-spill candidate; not verified."
      }
    },
    {
      "type": "Feature",
      "geometry": {
        "type": "Polygon",
        "coordinates": [
          [
            [
              30.3587771218715,
              31.479863369668685
            ],
            [
              30.368396774791144,
              31.48141335201756
            ],
            [
              30.367205406559407,
              31.486760952219523
            ],
            [
              30.357585753639764,
              31.485210969870643
            ],
            [
              30.3587771218715,
              31.479863369668685
            ]
          ]
        ]
      },
      "properties": {
        "event_id": "oc-0284_1",
        "image_name": "oc-0284.jpg",
        "patch_name": "S1_20190925_155647_155827_VV_9",
        "start_time": "2019-09-25T15:56:47",
        "end_time": "2019-09-25T15:58:27",
        "sentinel_id": "S1A_IW_GRDH_1SDV_20190925T155712_20190925T155737_029180_035045_0057.SAFE",
        "class_name": "oil",
        "confidence": 0.6813,
        "bbox_pixels": [
          491.91,
          400.25,
          538.36,
          429.86
        ],
        "centroid_lon": 30.362991,
        "centroid_lat": 31.483312,
        "estimated_area_km2": 0.788,
        "status": "candidate_detection",
        "note": "AI-generated suspected oil-spill candidate; not verified."
      }
    },
    {
      "type": "Feature",
      "geometry": {
        "type": "Polygon",
        "coordinates": [
          [
            [
              30.88636170574996,
              31.577989888551528
            ],
            [
              30.880739729144356,
              31.578895796060117
            ],
            [
              30.87965564912218,
              31.574029849325584
            ],
            [
              30.885277625727788,
              31.57312394181699
            ],
            [
              30.88636170574996,
              31.577989888551528
            ]
          ]
        ]
      },
      "properties": {
        "event_id": "oc-0286_0",
        "image_name": "oc-0286.jpg",
        "patch_name": "S1_20190926_035936_040116_VV_4",
        "start_time": "2019-09-26T03:59:36",
        "end_time": "2019-09-26T04:01:16",
        "sentinel_id": "S1A_IW_GRDH_1SDV_20190926T040051_20190926T040116_029187_035080_972D.SAFE;S1A_IW_GRDH_1SDV_20190926T040026_20190926T040051_029187_035080_F816.SAFE",
        "class_name": "oil",
        "confidence": 0.65,
        "bbox_pixels": [
          310.4,
          309.87,
          337.55,
          336.86
        ],
        "centroid_lon": 30.883009,
        "centroid_lat": 31.57601,
        "estimated_area_km2": 0.4086,
        "status": "candidate_detection",
        "note": "AI-generated suspected oil-spill candidate; not verified."
      }
    },
    {
      "type": "Feature",
      "geometry": {
        "type": "Polygon",
        "coordinates": [
          [
            [
              30.140817096909352,
              31.3618708484164
            ],
            [
              30.168013537212822,
              31.366079623695423
            ],
            [
              30.160499843945715,
              31.401389249812322
            ],
            [
              30.13330340364224,
              31.3971804745333
            ],
            [
              30.140817096909352,
              31.3618708484164
            ]
          ]
        ]
      },
      "properties": {
        "event_id": "oc-0293_0",
        "image_name": "oc-0293.jpg",
        "patch_name": "S1_20191001_155619_155644_VV_3",
        "start_time": "2019-10-01T15:56:19",
        "end_time": "2019-10-01T15:56:44",
        "sentinel_id": "S1B_IW_GRDH_1SDV_20191001T155619_20191001T155644_018284_0226F2_D309.SAFE",
        "class_name": "oil",
        "confidence": 0.896,
        "bbox_pixels": [
          334.99,
          428.37,
          466.66,
          624.72
        ],
        "centroid_lon": 30.150658,
        "centroid_lat": 31.38163,
        "estimated_area_km2": 14.5116,
        "status": "candidate_detection",
        "note": "AI-generated suspected oil-spill candidate; not verified."
      }
    },
    {
      "type": "Feature",
      "geometry": {
        "type": "Polygon",
        "coordinates": [
          [
            [
              30.082090815921294,
              31.302150863231425
            ],
            [
              30.09456147182809,
              31.30408075507418
            ],
            [
              30.08860509948563,
              31.332071953669676
            ],
            [
              30.076134443578837,
              31.33014206182692
            ],
            [
              30.082090815921294,
              31.302150863231425
            ]
          ]
        ]
      },
      "properties": {
        "event_id": "oc-0293_1",
        "image_name": "oc-0293.jpg",
        "patch_name": "S1_20191001_155619_155644_VV_3",
        "start_time": "2019-10-01T15:56:19",
        "end_time": "2019-10-01T15:56:44",
        "sentinel_id": "S1B_IW_GRDH_1SDV_20191001T155619_20191001T155644_018284_0226F2_D309.SAFE",
        "class_name": "oil",
        "confidence": 0.8466,
        "bbox_pixels": [
          0.17,
          155.79,
          60.55,
          311.44
        ],
        "centroid_lon": 30.085348,
        "centroid_lat": 31.317111,
        "estimated_area_km2": 5.837,
        "status": "candidate_detection",
        "note": "AI-generated suspected oil-spill candidate; not verified."
      }
    },
    {
      "type": "Feature",
      "geometry": {
        "type": "Polygon",
        "coordinates": [
          [
            [
              30.18666495334701,
              31.31336924571349
            ],
            [
              30.194587909994326,
              31.31459536000278
            ],
            [
              30.193284563843406,
              31.320720266044855
            ],
            [
              30.185361607196086,
              31.319494151755563
            ],
            [
              30.18666495334701,
              31.31336924571349
            ]
          ]
        ]
      },
      "properties": {
        "event_id": "oc-0293_2",
        "image_name": "oc-0293.jpg",
        "patch_name": "S1_20191001_155619_155644_VV_3",
        "start_time": "2019-10-01T15:56:19",
        "end_time": "2019-10-01T15:56:44",
        "sentinel_id": "S1B_IW_GRDH_1SDV_20191001T155619_20191001T155644_018284_0226F2_D309.SAFE",
        "class_name": "oil",
        "confidence": 0.7926,
        "bbox_pixels": [
          501.51,
          129.06,
          539.87,
          163.12
        ],
        "centroid_lon": 30.189975,
        "centroid_lat": 31.317045,
        "estimated_area_km2": 0.718,
        "status": "candidate_detection",
        "note": "AI-generated suspected oil-spill candidate; not verified."
      }
    },
    {
      "type": "Feature",
      "geometry": {
        "type": "Polygon",
        "coordinates": [
          [
            [
              30.09429572138951,
              31.302979670206224
            ],
            [
              30.101962758103216,
              31.30416617969879
            ],
            [
              30.098541887933884,
              31.32024211497849
            ],
            [
              30.090874851220185,
              31.31905560548592
            ],
            [
              30.09429572138951,
              31.302979670206224
            ]
          ]
        ]
      },
      "properties": {
        "event_id": "oc-0293_3",
        "image_name": "oc-0293.jpg",
        "patch_name": "S1_20191001_155619_155644_VV_3",
        "start_time": "2019-10-01T15:56:19",
        "end_time": "2019-10-01T15:56:44",
        "sentinel_id": "S1B_IW_GRDH_1SDV_20191001T155619_20191001T155644_018284_0226F2_D309.SAFE",
        "class_name": "oil",
        "confidence": 0.6743,
        "bbox_pixels": [
          58.2,
          150.08,
          95.32,
          239.48
        ],
        "centroid_lon": 30.096419,
        "centroid_lat": 31.311611,
        "estimated_area_km2": 2.0264,
        "status": "candidate_detection",
        "note": "AI-generated suspected oil-spill candidate; not verified."
      }
    },
    {
      "type": "Feature",
      "geometry": {
        "type": "Polygon",
        "coordinates": [
          [
            [
              30.091063026797883,
              31.33210731624723
            ],
            [
              30.096415422286398,
              31.332935624274462
            ],
            [
              30.094967335155182,
              31.339740721763803
            ],
            [
              30.089614939666674,
              31.338912413736573
            ],
            [
              30.091063026797883,
              31.33210731624723
            ]
          ]
        ]
      },
      "properties": {
        "event_id": "oc-0293_4",
        "image_name": "oc-0293.jpg",
        "patch_name": "S1_20191001_155619_155644_VV_3",
        "start_time": "2019-10-01T15:56:19",
        "end_time": "2019-10-01T15:56:44",
        "sentinel_id": "S1B_IW_GRDH_1SDV_20191001T155619_20191001T155644_018284_0226F2_D309.SAFE",
        "class_name": "oil",
        "confidence": 0.655,
        "bbox_pixels": [
          72.1,
          309.58,
          98.02,
          347.43
        ],
        "centroid_lon": 30.093015,
        "centroid_lat": 31.335924,
        "estimated_area_km2": 0.5495,
        "status": "candidate_detection",
        "note": "AI-generated suspected oil-spill candidate; not verified."
      }
    },
    {
      "type": "Feature",
      "geometry": {
        "type": "Polygon",
        "coordinates": [
          [
            [
              30.119630293882203,
              31.30971485093235
            ],
            [
              30.122284002781665,
              31.31012552469293
            ],
            [
              30.121487931769366,
              31.313866557073066
            ],
            [
              30.118834222869907,
              31.313455883312493
            ],
            [
              30.119630293882203,
              31.30971485093235
            ]
          ]
        ]
      },
      "properties": {
        "event_id": "oc-0293_5",
        "image_name": "oc-0293.jpg",
        "patch_name": "S1_20191001_155619_155644_VV_3",
        "start_time": "2019-10-01T15:56:19",
        "end_time": "2019-10-01T15:56:44",
        "sentinel_id": "S1B_IW_GRDH_1SDV_20191001T155619_20191001T155644_018284_0226F2_D309.SAFE",
        "class_name": "oil",
        "confidence": 0.6143,
        "bbox_pixels": [
          183.67,
          165.23,
          196.52,
          186.04
        ],
        "centroid_lon": 30.120559,
        "centroid_lat": 31.311791,
        "estimated_area_km2": 0.1516,
        "status": "candidate_detection",
        "note": "AI-generated suspected oil-spill candidate; not verified."
      }
    },
    {
      "type": "Feature",
      "geometry": {
        "type": "Polygon",
        "coordinates": [
          [
            [
              30.18309113319534,
              31.3801574941493
            ],
            [
              30.18586679652678,
              31.380587040923874
            ],
            [
              30.18511163030757,
              31.384135846538996
            ],
            [
              30.18233596697613,
              31.38370629976442
            ],
            [
              30.18309113319534,
              31.3801574941493
            ]
          ]
        ]
      },
      "properties": {
        "event_id": "oc-0293_6",
        "image_name": "oc-0293.jpg",
        "patch_name": "S1_20191001_155619_155644_VV_3",
        "start_time": "2019-10-01T15:56:19",
        "end_time": "2019-10-01T15:56:44",
        "sentinel_id": "S1B_IW_GRDH_1SDV_20191001T155619_20191001T155644_018284_0226F2_D309.SAFE",
        "class_name": "oil",
        "confidence": 0.607,
        "bbox_pixels": [
          551.38,
          491.59,
          564.81,
          511.33
        ],
        "centroid_lon": 30.184101,
        "centroid_lat": 31.382147,
        "estimated_area_km2": 0.1486,
        "status": "candidate_detection",
        "note": "AI-generated suspected oil-spill candidate; not verified."
      }
    },
    {
      "type": "Feature",
      "geometry": {
        "type": "Polygon",
        "coordinates": [
          [
            [
              32.34242115561382,
              31.32274411578825
            ],
            [
              32.327424295161514,
              31.325126107423078
            ],
            [
              32.32550646868544,
              31.31638148801577
            ],
            [
              32.340503329137746,
              31.313999496380944
            ],
            [
              32.34242115561382,
              31.32274411578825
            ]
          ]
        ]
      },
      "properties": {
        "event_id": "oc-0314_0",
        "image_name": "oc-0314.jpg",
        "patch_name": "S1_20191021_035049_035228_VV_18",
        "start_time": "2019-10-21T03:50:49",
        "end_time": "2019-10-21T03:52:28",
        "sentinel_id": "S1B_IW_GRDH_1SDV_20191021T035139_20191021T035204_018568_022FC0_7FCF.SAFE",
        "class_name": "oil",
        "confidence": 0.8867,
        "bbox_pixels": [
          284.95,
          298.37,
          357.64,
          346.89
        ],
        "centroid_lon": 32.333964,
        "centroid_lat": 31.319563,
        "estimated_area_km2": 1.9924,
        "status": "candidate_detection",
        "note": "AI-generated suspected oil-spill candidate; not verified."
      }
    },
    {
      "type": "Feature",
      "geometry": {
        "type": "Polygon",
        "coordinates": [
          [
            [
              34.37298020618528,
              31.46557470175945
            ],
            [
              34.33400191904538,
              31.47176219318279
            ],
            [
              34.329439790846685,
              31.45105552352595
            ],
            [
              34.368418077986576,
              31.444868032102615
            ],
            [
              34.37298020618528,
              31.46557470175945
            ]
          ]
        ]
      },
      "properties": {
        "event_id": "oc-0319_0",
        "image_name": "oc-0319.jpg",
        "patch_name": "S1_20191022_034306_034446_VV_14",
        "start_time": "2019-10-22T03:43:06",
        "end_time": "2019-10-22T03:44:46",
        "sentinel_id": "S1A_IW_GRDH_1SDV_20191022T034421_20191022T034446_029566_035D93_463F.SAFE",
        "class_name": "oil",
        "confidence": 0.9508,
        "bbox_pixels": [
          263.96,
          344.56,
          452.89,
          459.4
        ],
        "centroid_lon": 34.35121,
        "centroid_lat": 31.458315,
        "estimated_area_km2": 12.3782,
        "status": "candidate_detection",
        "note": "AI-generated suspected oil-spill candidate; not verified."
      }
    },
    {
      "type": "Feature",
      "geometry": {
        "type": "Polygon",
        "coordinates": [
          [
            [
              34.39670381424866,
              31.491273815065284
            ],
            [
              34.373561976149524,
              31.494947396827484
            ],
            [
              34.372348000880194,
              31.489437384004813
            ],
            [
              34.39548983897933,
              31.48576380224261
            ],
            [
              34.39670381424866,
              31.491273815065284
            ]
          ]
        ]
      },
      "properties": {
        "event_id": "oc-0319_1",
        "image_name": "oc-0319.jpg",
        "patch_name": "S1_20191022_034306_034446_VV_14",
        "start_time": "2019-10-22T03:43:06",
        "end_time": "2019-10-22T03:44:46",
        "sentinel_id": "S1A_IW_GRDH_1SDV_20191022T034421_20191022T034446_029566_035D93_463F.SAFE",
        "class_name": "oil",
        "confidence": 0.7989,
        "bbox_pixels": [
          179.37,
          186.67,
          291.54,
          217.23
        ],
        "centroid_lon": 34.384526,
        "centroid_lat": 31.490356,
        "estimated_area_km2": 2.3636,
        "status": "candidate_detection",
        "note": "AI-generated suspected oil-spill candidate; not verified."
      }
    },
    {
      "type": "Feature",
      "geometry": {
        "type": "Polygon",
        "coordinates": [
          [
            [
              32.36893872770659,
              31.242527749477482
            ],
            [
              32.37771406368402,
              31.243813512322575
            ],
            [
              32.37500508909461,
              31.25723712981067
            ],
            [
              32.36622975311718,
              31.25595136696558
            ],
            [
              32.36893872770659,
              31.242527749477482
            ]
          ]
        ]
      },
      "properties": {
        "event_id": "oc-0324_0",
        "image_name": "oc-0324.jpg",
        "patch_name": "S1_20191031_155647_155827_VV_0",
        "start_time": "2019-10-31T15:56:47",
        "end_time": "2019-10-31T15:58:27",
        "sentinel_id": "S1A_IW_GRDH_1SDV_20191031T155712_20191031T155737_029705_036271_F756.SAFE;S1A_IW_GRDH_1SDV_20191031T155647_20191031T155712_029705_036271_3010.SAFE",
        "class_name": "oil",
        "confidence": 0.857,
        "bbox_pixels": [
          301.4,
          249.17,
          343.78,
          323.58
        ],
        "centroid_lon": 32.371972,
        "centroid_lat": 31.249882,
        "estimated_area_km2": 1.7896,
        "status": "candidate_detection",
        "note": "AI-generated suspected oil-spill candidate; not verified."
      }
    },
    {
      "type": "Feature",
      "geometry": {
        "type": "Polygon",
        "coordinates": [
          [
            [
              32.41071456045865,
              31.254932089055764
            ],
            [
              32.41409316463594,
              31.255427122377633
            ],
            [
              32.41299237476047,
              31.260881799686512
            ],
            [
              32.40961377058317,
              31.260386766364643
            ],
            [
              32.41071456045865,
              31.254932089055764
            ]
          ]
        ]
      },
      "properties": {
        "event_id": "oc-0324_1",
        "image_name": "oc-0324.jpg",
        "patch_name": "S1_20191031_155647_155827_VV_0",
        "start_time": "2019-10-31T15:56:47",
        "end_time": "2019-10-31T15:58:27",
        "sentinel_id": "S1A_IW_GRDH_1SDV_20191031T155712_20191031T155737_029705_036271_F756.SAFE;S1A_IW_GRDH_1SDV_20191031T155647_20191031T155712_029705_036271_3010.SAFE",
        "class_name": "oil",
        "confidence": 0.6054,
        "bbox_pixels": [
          509.13,
          283.0,
          525.45,
          313.23
        ],
        "centroid_lon": 32.411853,
        "centroid_lat": 31.257907,
        "estimated_area_km2": 0.2823,
        "status": "candidate_detection",
        "note": "AI-generated suspected oil-spill candidate; not verified."
      }
    },
    {
      "type": "Feature",
      "geometry": {
        "type": "Polygon",
        "coordinates": [
          [
            [
              31.81843065162502,
              31.537190961072692
            ],
            [
              31.827200252457224,
              31.53849300243026
            ],
            [
              31.825775044741057,
              31.54539421384518
            ],
            [
              31.81700544390885,
              31.544092172487616
            ],
            [
              31.81843065162502,
              31.537190961072692
            ]
          ]
        ]
      },
      "properties": {
        "event_id": "oc-0327_0",
        "image_name": "oc-0327.jpg",
        "patch_name": "S1_20191031_155647_155827_VV_3",
        "start_time": "2019-10-31T15:56:47",
        "end_time": "2019-10-31T15:58:27",
        "sentinel_id": "S1A_IW_GRDH_1SDV_20191031T155712_20191031T155737_029705_036271_F756.SAFE",
        "class_name": "oil",
        "confidence": 0.7722,
        "bbox_pixels": [
          341.06,
          272.4,
          383.2,
          310.64
        ],
        "centroid_lon": 31.822103,
        "centroid_lat": 31.541293,
        "estimated_area_km2": 0.8833,
        "status": "candidate_detection",
        "note": "AI-generated suspected oil-spill candidate; not verified."
      }
    },
    {
      "type": "Feature",
      "geometry": {
        "type": "Polygon",
        "coordinates": [
          [
            [
              31.2968334402874,
              31.6139607613904
            ],
            [
              31.300891069820686,
              31.61457724150654
            ],
            [
              31.29987148235263,
              31.619409855102635
            ],
            [
              31.295813852819343,
              31.618793374986492
            ],
            [
              31.2968334402874,
              31.6139607613904
            ]
          ]
        ]
      },
      "properties": {
        "event_id": "oc-0328_0",
        "image_name": "oc-0328.jpg",
        "patch_name": "S1_20191031_155647_155827_VV_6",
        "start_time": "2019-10-31T15:56:47",
        "end_time": "2019-10-31T15:58:27",
        "sentinel_id": "S1A_IW_GRDH_1SDV_20191031T155712_20191031T155737_029705_036271_F756.SAFE",
        "class_name": "oil",
        "confidence": 0.7399,
        "bbox_pixels": [
          310.84,
          307.44,
          330.36,
          334.22
        ],
        "centroid_lon": 31.298352,
        "centroid_lat": 31.616685,
        "estimated_area_km2": 0.292,
        "status": "candidate_detection",
        "note": "AI-generated suspected oil-spill candidate; not verified."
      }
    },
    {
      "type": "Feature",
      "geometry": {
        "type": "Polygon",
        "coordinates": [
          [
            [
              34.371153511318454,
              31.465995387034525
            ],
            [
              34.341188355157804,
              31.47075190300957
            ],
            [
              34.3391188540856,
              31.46135667367639
            ],
            [
              34.369084010246254,
              31.456600157701345
            ],
            [
              34.371153511318454,
              31.465995387034525
            ]
          ]
        ]
      },
      "properties": {
        "event_id": "oc-0331_0",
        "image_name": "oc-0331.jpg",
        "patch_name": "S1_20191103_034307_034447_VV_18",
        "start_time": "2019-11-03T03:43:07",
        "end_time": "2019-11-03T03:44:47",
        "sentinel_id": "S1A_IW_GRDH_1SDV_20191103T034422_20191103T034447_029741_0363B0_D43F.SAFE",
        "class_name": "oil",
        "confidence": 0.9136,
        "bbox_pixels": [
          296.64,
          378.99,
          441.89,
          431.09
        ],
        "centroid_lon": 34.355136,
        "centroid_lat": 31.463676,
        "estimated_area_km2": 4.7919,
        "status": "candidate_detection",
        "note": "AI-generated suspected oil-spill candidate; not verified."
      }
    },
    {
      "type": "Feature",
      "geometry": {
        "type": "Polygon",
        "coordinates": [
          [
            [
              34.39580615251423,
              31.49058393984674
            ],
            [
              34.377157258540684,
              31.49354417010973
            ],
            [
              34.37576728347409,
              31.48723388851893
            ],
            [
              34.39441617744764,
              31.484273658255944
            ],
            [
              34.39580615251423,
              31.49058393984674
            ]
          ]
        ]
      },
      "properties": {
        "event_id": "oc-0331_1",
        "image_name": "oc-0331.jpg",
        "patch_name": "S1_20191103_034307_034447_VV_18",
        "start_time": "2019-11-03T03:43:07",
        "end_time": "2019-11-03T03:44:47",
        "sentinel_id": "S1A_IW_GRDH_1SDV_20191103T034422_20191103T034447_029741_0363B0_D43F.SAFE",
        "class_name": "oil",
        "confidence": 0.7955,
        "bbox_pixels": [
          206.55,
          226.26,
          296.94,
          261.26
        ],
        "centroid_lon": 34.385787,
        "centroid_lat": 31.488909,
        "estimated_area_km2": 1.9631,
        "status": "candidate_detection",
        "note": "AI-generated suspected oil-spill candidate; not verified."
      }
    },
    {
      "type": "Feature",
      "geometry": {
        "type": "Polygon",
        "coordinates": [
          [
            [
              34.36050032903979,
              31.448951882255045
            ],
            [
              34.38068461212024,
              31.452210875582054
            ],
            [
              34.37739264028175,
              31.46661724704365
            ],
            [
              34.357208357201294,
              31.46335825371664
            ],
            [
              34.36050032903979,
              31.448951882255045
            ]
          ]
        ]
      },
      "properties": {
        "event_id": "oc-0334_0",
        "image_name": "oc-0334.jpg",
        "patch_name": "S1_20191108_153951_154106_VV_1",
        "start_time": "2019-11-08T15:39:51",
        "end_time": "2019-11-08T15:41:06",
        "sentinel_id": "S1B_IW_GRDH_1SDV_20191108T153951_20191108T154016_018838_023867_1595.SAFE",
        "class_name": "oil",
        "confidence": 0.8916,
        "bbox_pixels": [
          448.89,
          313.04,
          546.53,
          393.0
        ],
        "centroid_lon": 34.368946,
        "centroid_lat": 31.457785,
        "estimated_area_km2": 4.3839,
        "status": "candidate_detection",
        "note": "AI-generated suspected oil-spill candidate; not verified."
      }
    },
    {
      "type": "Feature",
      "geometry": {
        "type": "Polygon",
        "coordinates": [
          [
            [
              34.30597957794542,
              31.404558797478334
            ],
            [
              34.31212523839217,
              31.405551087682852
            ],
            [
              34.306526770037095,
              31.430051180240234
            ],
            [
              34.30038110959034,
              31.429058890035712
            ],
            [
              34.30597957794542,
              31.404558797478334
            ]
          ]
        ]
      },
      "properties": {
        "event_id": "oc-0334_1",
        "image_name": "oc-0334.jpg",
        "patch_name": "S1_20191108_153951_154106_VV_1",
        "start_time": "2019-11-08T15:39:51",
        "end_time": "2019-11-08T15:41:06",
        "sentinel_id": "S1B_IW_GRDH_1SDV_20191108T153951_20191108T154016_018838_023867_1595.SAFE",
        "class_name": "oil",
        "confidence": 0.7167,
        "bbox_pixels": [
          147.21,
          122.53,
          176.94,
          258.51
        ],
        "centroid_lon": 34.306253,
        "centroid_lat": 31.417305,
        "estimated_area_km2": 3.1661,
        "status": "candidate_detection",
        "note": "AI-generated suspected oil-spill candidate; not verified."
      }
    },
    {
      "type": "Feature",
      "geometry": {
        "type": "Polygon",
        "coordinates": [
          [
            [
              34.379255041590206,
              31.46646769276952
            ],
            [
              34.396813022417874,
              31.46930263826276
            ],
            [
              34.392472905346864,
              31.488295916996396
            ],
            [
              34.3749149245192,
              31.485460971503162
            ],
            [
              34.379255041590206,
              31.46646769276952
            ]
          ]
        ]
      },
      "properties": {
        "event_id": "oc-0334_2",
        "image_name": "oc-0334.jpg",
        "patch_name": "S1_20191108_153951_154106_VV_1",
        "start_time": "2019-11-08T15:39:51",
        "end_time": "2019-11-08T15:41:06",
        "sentinel_id": "S1B_IW_GRDH_1SDV_20191108T153951_20191108T154016_018838_023867_1595.SAFE",
        "class_name": "oil",
        "confidence": 0.7146,
        "bbox_pixels": [
          555.06,
          390.59,
          640.0,
          496.01
        ],
        "centroid_lon": 34.385864,
        "centroid_lat": 31.477382,
        "estimated_area_km2": 5.0518,
        "status": "candidate_detection",
        "note": "AI-generated suspected oil-spill candidate; not verified."
      }
    },
    {
      "type": "Feature",
      "geometry": {
        "type": "Polygon",
        "coordinates": [
          [
            [
              34.36162966487759,
              31.481539155758774
            ],
            [
              34.36694486272358,
              31.482397357867956
            ],
            [
              34.365750333475624,
              31.487624872838346
            ],
            [
              34.360435135629636,
              31.486766670729168
            ],
            [
              34.36162966487759,
              31.481539155758774
            ]
          ]
        ]
      },
      "properties": {
        "event_id": "oc-0334_3",
        "image_name": "oc-0334.jpg",
        "patch_name": "S1_20191108_153951_154106_VV_1",
        "start_time": "2019-11-08T15:39:51",
        "end_time": "2019-11-08T15:41:06",
        "sentinel_id": "S1B_IW_GRDH_1SDV_20191108T153951_20191108T154016_018838_023867_1595.SAFE",
        "class_name": "oil",
        "confidence": 0.7026,
        "bbox_pixels": [
          488.9,
          486.5,
          514.61,
          515.51
        ],
        "centroid_lon": 34.36369,
        "centroid_lat": 31.484582,
        "estimated_area_km2": 0.4187,
        "status": "candidate_detection",
        "note": "AI-generated suspected oil-spill candidate; not verified."
      }
    },
    {
      "type": "Feature",
      "geometry": {
        "type": "Polygon",
        "coordinates": [
          [
            [
              34.83606891892693,
              32.40696260779805
            ],
            [
              34.83876658573338,
              32.4073809140072
            ],
            [
              34.83781101497965,
              32.411753516253846
            ],
            [
              34.835113348173195,
              32.4113352100447
            ],
            [
              34.83606891892693,
              32.40696260779805
            ]
          ]
        ]
      },
      "properties": {
        "event_id": "oc-0335_0",
        "image_name": "oc-0335.jpg",
        "patch_name": "S1_20191108_153951_154106_VV_3",
        "start_time": "2019-11-08T15:39:51",
        "end_time": "2019-11-08T15:41:06",
        "sentinel_id": "S1B_IW_GRDH_1SDV_20191108T154016_20191108T154041_018838_023867_C951.SAFE",
        "class_name": "oil",
        "confidence": 0.516,
        "bbox_pixels": [
          318.6,
          310.61,
          331.5,
          334.87
        ],
        "centroid_lon": 34.83694,
        "centroid_lat": 32.409358,
        "estimated_area_km2": 0.1831,
        "status": "candidate_detection",
        "note": "AI-generated suspected oil-spill candidate; not verified."
      }
    },
    {
      "type": "Feature",
      "geometry": {
        "type": "Polygon",
        "coordinates": [
          [
            [
              35.64958130916365,
              34.26206965749615
            ],
            [
              35.665745748571716,
              34.264602583874535
            ],
            [
              35.66313566186398,
              34.274513126749184
            ],
            [
              35.64697122245592,
              34.271980200370805
            ],
            [
              35.64958130916365,
              34.26206965749615
            ]
          ]
        ]
      },
      "properties": {
        "event_id": "oc-0339_0",
        "image_name": "oc-0339.jpg",
        "patch_name": "S1_20191109_153230_153345_VV_0",
        "start_time": "2019-11-09T15:32:30",
        "end_time": "2019-11-09T15:33:45",
        "sentinel_id": "S1A_IW_GRDH_1SDV_20191109T153320_20191109T153345_029836_036704_C1E1.SAFE",
        "class_name": "oil",
        "confidence": 0.8565,
        "bbox_pixels": [
          294.59,
          291.94,
          370.32,
          347.22
        ],
        "centroid_lon": 35.656358,
        "centroid_lat": 34.268291,
        "estimated_area_km2": 2.3925,
        "status": "candidate_detection",
        "note": "AI-generated suspected oil-spill candidate; not verified."
      }
    },
    {
      "type": "Feature",
      "geometry": {
        "type": "Polygon",
        "coordinates": [
          [
            [
              35.64961176818173,
              34.26264171639613
            ],
            [
              35.65517853245955,
              34.263514014143404
            ],
            [
              35.653101220698474,
              34.271401601636626
            ],
            [
              35.64753445642066,
              34.27052930388936
            ],
            [
              35.64961176818173,
              34.26264171639613
            ]
          ]
        ]
      },
      "properties": {
        "event_id": "oc-0339_1",
        "image_name": "oc-0339.jpg",
        "patch_name": "S1_20191109_153230_153345_VV_0",
        "start_time": "2019-11-09T15:32:30",
        "end_time": "2019-11-09T15:33:45",
        "sentinel_id": "S1A_IW_GRDH_1SDV_20191109T153320_20191109T153345_029836_036704_C1E1.SAFE",
        "class_name": "oil",
        "confidence": 0.641,
        "bbox_pixels": [
          295.4,
          294.98,
          321.48,
          338.97
        ],
        "centroid_lon": 35.651356,
        "centroid_lat": 34.267022,
        "estimated_area_km2": 0.6858,
        "status": "candidate_detection",
        "note": "AI-generated suspected oil-spill candidate; not verified."
      }
    },
    {
      "type": "Feature",
      "geometry": {
        "type": "Polygon",
        "coordinates": [
          [
            [
              32.29168730000067,
              31.303609026719855
            ],
            [
              32.2939526386026,
              31.30395961084221
            ],
            [
              32.29340704104241,
              31.30652330011392
            ],
            [
              32.29114170244048,
              31.306172715991565
            ],
            [
              32.29168730000067,
              31.303609026719855
            ]
          ]
        ]
      },
      "properties": {
        "event_id": "oc-0351_0",
        "image_name": "oc-0351.jpg",
        "patch_name": "S1_20191130_155618_155643_VV_2",
        "start_time": "2019-11-30T15:56:18",
        "end_time": "2019-11-30T15:56:43",
        "sentinel_id": "S1B_IW_GRDH_1SDV_20191130T155618_20191130T155643_019159_02429A_7E10.SAFE",
        "class_name": "oil",
        "confidence": 0.5546,
        "bbox_pixels": [
          494.0,
          314.22,
          504.97,
          328.47
        ],
        "centroid_lon": 32.292547,
        "centroid_lat": 31.305066,
        "estimated_area_km2": 0.0867,
        "status": "candidate_detection",
        "note": "AI-generated suspected oil-spill candidate; not verified."
      }
    },
    {
      "type": "Feature",
      "geometry": {
        "type": "Polygon",
        "coordinates": [
          [
            [
              35.605796162297,
              34.01817265749695
            ],
            [
              35.62149941203443,
              34.02038859673155
            ],
            [
              35.61873987624225,
              34.03371759924878
            ],
            [
              35.60303662650482,
              34.03150166001418
            ],
            [
              35.605796162297,
              34.01817265749695
            ]
          ]
        ]
      },
      "properties": {
        "event_id": "oc-0366_0",
        "image_name": "oc-0366.jpg",
        "patch_name": "S1_20191208_154016_154156_VV_0",
        "start_time": "2019-12-08T15:40:16",
        "end_time": "2019-12-08T15:41:56",
        "sentinel_id": "S1A_IW_GRDH_1SDV_20191208T154106_20191208T154131_030259_0375A0_49AF.SAFE",
        "class_name": "oil",
        "confidence": 0.8729,
        "bbox_pixels": [
          383.43,
          445.91,
          456.92,
          519.96
        ],
        "centroid_lon": 35.612268,
        "centroid_lat": 34.025945,
        "estimated_area_km2": 2.9476,
        "status": "candidate_detection",
        "note": "AI-generated suspected oil-spill candidate; not verified."
      }
    },
    {
      "type": "Feature",
      "geometry": {
        "type": "Polygon",
        "coordinates": [
          [
            [
              35.58119065321035,
              33.96152259235559
            ],
            [
              35.6110707530634,
              33.96573907535786
            ],
            [
              35.602955197709974,
              34.00493851536558
            ],
            [
              35.57307509785692,
              34.000722032363306
            ],
            [
              35.58119065321035,
              33.96152259235559
            ]
          ]
        ]
      },
      "properties": {
        "event_id": "oc-0366_1",
        "image_name": "oc-0366.jpg",
        "patch_name": "S1_20191208_154016_154156_VV_0",
        "start_time": "2019-12-08T15:40:16",
        "end_time": "2019-12-08T15:41:56",
        "sentinel_id": "S1A_IW_GRDH_1SDV_20191208T154106_20191208T154131_030259_0375A0_49AF.SAFE",
        "class_name": "oil",
        "confidence": 0.7727,
        "bbox_pixels": [
          218.22,
          158.87,
          358.06,
          376.64
        ],
        "centroid_lon": 35.592073,
        "centroid_lat": 33.983231,
        "estimated_area_km2": 16.9508,
        "status": "candidate_detection",
        "note": "AI-generated suspected oil-spill candidate; not verified."
      }
    },
    {
      "type": "Feature",
      "geometry": {
        "type": "Polygon",
        "coordinates": [
          [
            [
              30.65492366573777,
              34.32597954385154
            ],
            [
              30.717540023742078,
              34.335114371994614
            ],
            [
              30.71244224516783,
              34.35872896440609
            ],
            [
              30.64982588716351,
              34.34959413626301
            ],
            [
              30.65492366573777,
              34.32597954385154
            ]
          ]
        ]
      },
      "properties": {
        "event_id": "ow-0019_0",
        "image_name": "ow-0019.jpg",
        "patch_name": "S1_20190122_155641_155735_VV_5",
        "start_time": "2019-01-22T15:56:41",
        "end_time": "2019-01-22T15:57:35",
        "sentinel_id": "S1B_IW_GRDH_1SDV_20190122T155710_20190122T155735_014609_01B38C_4548.SAFE",
        "class_name": "oil",
        "confidence": 0.9484,
        "bbox_pixels": [
          161.0,
          253.47,
          453.09,
          384.56
        ],
        "centroid_lon": 30.683683,
        "centroid_lat": 34.342354,
        "estimated_area_km2": 22.6904,
        "status": "candidate_detection",
        "note": "AI-generated suspected oil-spill candidate; not verified."
      }
    },
    {
      "type": "Feature",
      "geometry": {
        "type": "Polygon",
        "coordinates": [
          [
            [
              30.656057199676404,
              34.36756299664961
            ],
            [
              30.65822428590537,
              34.36787914343463
            ],
            [
              30.657209533315594,
              34.372579812256745
            ],
            [
              30.65504244708663,
              34.372263665471735
            ],
            [
              30.656057199676404,
              34.36756299664961
            ]
          ]
        ]
      },
      "properties": {
        "event_id": "ow-0019_1",
        "image_name": "ow-0019.jpg",
        "patch_name": "S1_20190122_155641_155735_VV_5",
        "start_time": "2019-01-22T15:56:41",
        "end_time": "2019-01-22T15:57:35",
        "sentinel_id": "S1B_IW_GRDH_1SDV_20190122T155710_20190122T155735_014609_01B38C_4548.SAFE",
        "class_name": "oil",
        "confidence": 0.4754,
        "bbox_pixels": [
          206.72,
          476.37,
          216.83,
          502.47
        ],
        "centroid_lon": 30.656633,
        "centroid_lat": 34.370071,
        "estimated_area_km2": 0.1633,
        "status": "candidate_detection",
        "note": "AI-generated suspected oil-spill candidate; not verified."
      }
    },
    {
      "type": "Feature",
      "geometry": {
        "type": "Polygon",
        "coordinates": [
          [
            [
              30.05862607851093,
              31.564371841589143
            ],
            [
              30.06461279224609,
              31.565249199716753
            ],
            [
              30.06416004101554,
              31.56747096873704
            ],
            [
              30.05817332728038,
              31.56659361060943
            ],
            [
              30.05862607851093,
              31.564371841589143
            ]
          ]
        ]
      },
      "properties": {
        "event_id": "ow-0033_0",
        "image_name": "ow-0033.jpg",
        "patch_name": "S1_20190202_160449_160629_VV_2",
        "start_time": "2019-02-02T16:04:49",
        "end_time": "2019-02-02T16:06:29",
        "sentinel_id": "S1A_IW_GRDH_1SDV_20190202T160514_20190202T160539_025753_02DD0D_CACF.SAFE",
        "class_name": "oil",
        "confidence": 0.7423,
        "bbox_pixels": [
          351.31,
          301.15,
          380.1,
          313.47
        ],
        "centroid_lon": 30.061393,
        "centroid_lat": 31.565921,
        "estimated_area_km2": 0.2107,
        "status": "candidate_detection",
        "note": "AI-generated suspected oil-spill candidate; not verified."
      }
    },
    {
      "type": "Feature",
      "geometry": {
        "type": "Polygon",
        "coordinates": [
          [
            [
              30.068004781288003,
              31.57348292496724
            ],
            [
              30.072250484562474,
              31.57410513649097
            ],
            [
              30.0709622972569,
              31.580426609420684
            ],
            [
              30.06671659398243,
              31.579804397896954
            ],
            [
              30.068004781288003,
              31.57348292496724
            ]
          ]
        ]
      },
      "properties": {
        "event_id": "ow-0033_1",
        "image_name": "ow-0033.jpg",
        "patch_name": "S1_20190202_160449_160629_VV_2",
        "start_time": "2019-02-02T16:04:49",
        "end_time": "2019-02-02T16:06:29",
        "sentinel_id": "S1A_IW_GRDH_1SDV_20190202T160514_20190202T160539_025753_02DD0D_CACF.SAFE",
        "class_name": "oil",
        "confidence": 0.7129,
        "bbox_pixels": [
          403.77,
          342.8,
          424.19,
          377.85
        ],
        "centroid_lon": 30.069484,
        "centroid_lat": 31.576955,
        "estimated_area_km2": 0.4057,
        "status": "candidate_detection",
        "note": "AI-generated suspected oil-spill candidate; not verified."
      }
    },
    {
      "type": "Feature",
      "geometry": {
        "type": "Polygon",
        "coordinates": [
          [
            [
              30.02802508492549,
              31.553129617006842
            ],
            [
              30.032215549102048,
              31.55374373319252
            ],
            [
              30.031698599047495,
              31.556280542678046
            ],
            [
              30.02750813487093,
              31.555666426492365
            ],
            [
              30.02802508492549,
              31.553129617006842
            ]
          ]
        ]
      },
      "properties": {
        "event_id": "ow-0033_2",
        "image_name": "ow-0033.jpg",
        "patch_name": "S1_20190202_160449_160629_VV_2",
        "start_time": "2019-02-02T16:04:49",
        "end_time": "2019-02-02T16:06:29",
        "sentinel_id": "S1A_IW_GRDH_1SDV_20190202T160514_20190202T160539_025753_02DD0D_CACF.SAFE",
        "class_name": "oil",
        "confidence": 0.7123,
        "bbox_pixels": [
          197.72,
          264.77,
          217.87,
          278.84
        ],
        "centroid_lon": 30.029862,
        "centroid_lat": 31.554705,
        "estimated_area_km2": 0.1566,
        "status": "candidate_detection",
        "note": "AI-generated suspected oil-spill candidate; not verified."
      }
    },
    {
      "type": "Feature",
      "geometry": {
        "type": "Polygon",
        "coordinates": [
          [
            [
              33.51564124340333,
              34.36163018553559
            ],
            [
              33.326890115177996,
              34.38765332313722
            ],
            [
              33.315150365376475,
              34.33156342060753
            ],
            [
              33.50390149360184,
              34.305540283005904
            ],
            [
              33.51564124340333,
              34.36163018553559
            ]
          ]
        ]
      },
      "properties": {
        "event_id": "ow-0037_0",
        "image_name": "ow-0037.jpg",
        "patch_name": "S1_20190212_034257_034437_VV_0",
        "start_time": "2019-02-12T03:42:57",
        "end_time": "2019-02-12T03:44:37",
        "sentinel_id": "S1A_IW_GRDH_1SDV_20190212T034322_20190212T034347_025891_02E1DC_948A.SAFE",
        "class_name": "oil",
        "confidence": 0.6676,
        "bbox_pixels": [
          0.0,
          72.58,
          879.92,
          384.52
        ],
        "centroid_lon": 33.415396,
        "centroid_lat": 34.346597,
        "estimated_area_km2": 168.4394,
        "status": "candidate_detection",
        "note": "AI-generated suspected oil-spill candidate; not verified."
      }
    },
    {
      "type": "Feature",
      "geometry": {
        "type": "Polygon",
        "coordinates": [
          [
            [
              32.39330711988639,
              31.590353009018678
            ],
            [
              32.40928299034274,
              31.59290378880094
            ],
            [
              32.407805571718605,
              31.599563650913034
            ],
            [
              32.39182970126225,
              31.597012871130776
            ],
            [
              32.39330711988639,
              31.590353009018678
            ]
          ]
        ]
      },
      "properties": {
        "event_id": "ow-0055_0",
        "image_name": "ow-0055.jpg",
        "patch_name": "S1_20190222_154745_154925_VV_2",
        "start_time": "2019-02-22T15:47:45",
        "end_time": "2019-02-22T15:49:25",
        "sentinel_id": "S1B_IW_GRDH_1SDV_20190222T154810_20190222T154835_015061_01C24C_9BBE.SAFE",
        "class_name": "oil",
        "confidence": 0.5583,
        "bbox_pixels": [
          127.5,
          39.16,
          204.45,
          76.14
        ],
        "centroid_lon": 32.400556,
        "centroid_lat": 31.594958,
        "estimated_area_km2": 1.6968,
        "status": "candidate_detection",
        "note": "AI-generated suspected oil-spill candidate; not verified."
      }
    },
    {
      "type": "Feature",
      "geometry": {
        "type": "Polygon",
        "coordinates": [
          [
            [
              32.47291254754277,
              31.485878490241607
            ],
            [
              32.33111641344547,
              31.508397213138817
            ],
            [
              32.31143094399659,
              31.418634400726738
            ],
            [
              32.45322707809388,
              31.396115677829574
            ],
            [
              32.47291254754277,
              31.485878490241607
            ]
          ]
        ]
      },
      "properties": {
        "event_id": "ow-0058_0",
        "image_name": "ow-0058.jpg",
        "patch_name": "S1_20190223_035040_035219_VV_0",
        "start_time": "2019-02-23T03:50:40",
        "end_time": "2019-02-23T03:52:19",
        "sentinel_id": "S1B_IW_GRDH_1SDV_20190223T035130_20190223T035155_015068_01C287_0DC8.SAFE",
        "class_name": "oil",
        "confidence": 0.6654,
        "bbox_pixels": [
          15.46,
          32.94,
          702.75,
          531.4
        ],
        "centroid_lon": 32.392172,
        "centroid_lat": 31.452256,
        "estimated_area_km2": 191.6749,
        "status": "candidate_detection",
        "note": "AI-generated suspected oil-spill candidate; not verified."
      }
    },
    {
      "type": "Feature",
      "geometry": {
        "type": "Polygon",
        "coordinates": [
          [
            [
              32.32492508552926,
              31.49432900671249
            ],
            [
              32.313385505602454,
              31.496161613816884
            ],
            [
              32.311907337336514,
              31.48942138640632
            ],
            [
              32.32344691726332,
              31.487588779301927
            ],
            [
              32.32492508552926,
              31.49432900671249
            ]
          ]
        ]
      },
      "properties": {
        "event_id": "ow-0058_1",
        "image_name": "ow-0058.jpg",
        "patch_name": "S1_20190223_035040_035219_VV_0",
        "start_time": "2019-02-23T03:50:40",
        "end_time": "2019-02-23T03:52:19",
        "sentinel_id": "S1B_IW_GRDH_1SDV_20190223T035130_20190223T035155_015068_01C287_0DC8.SAFE",
        "class_name": "oil",
        "confidence": 0.4987,
        "bbox_pixels": [
          717.3,
          113.71,
          773.23,
          151.14
        ],
        "centroid_lon": 32.318416,
        "centroid_lat": 31.491875,
        "estimated_area_km2": 1.1793,
        "status": "candidate_detection",
        "note": "AI-generated suspected oil-spill candidate; not verified."
      }
    },
    {
      "type": "Feature",
      "geometry": {
        "type": "Polygon",
        "coordinates": [
          [
            [
              32.4774026731093,
              31.4913032470453
            ],
            [
              32.45398954111375,
              31.495021499555637
            ],
            [
              32.45127132155869,
              31.482626822728193
            ],
            [
              32.47468445355425,
              31.478908570217854
            ],
            [
              32.4774026731093,
              31.4913032470453
            ]
          ]
        ]
      },
      "properties": {
        "event_id": "ow-0058_2",
        "image_name": "ow-0058.jpg",
        "patch_name": "S1_20190223_035040_035219_VV_0",
        "start_time": "2019-02-23T03:50:40",
        "end_time": "2019-02-23T03:52:19",
        "sentinel_id": "S1B_IW_GRDH_1SDV_20190223T035130_20190223T035155_015068_01C287_0DC8.SAFE",
        "class_name": "oil",
        "confidence": 0.4231,
        "bbox_pixels": [
          0.0,
          0.0,
          113.48,
          68.83
        ],
        "centroid_lon": 32.464337,
        "centroid_lat": 31.486965,
        "estimated_area_km2": 4.4495,
        "status": "candidate_detection",
        "note": "AI-generated suspected oil-spill candidate; not verified."
      }
    },
    {
      "type": "Feature",
      "geometry": {
        "type": "Polygon",
        "coordinates": [
          [
            [
              32.465533965436414,
              31.449197027886186
            ],
            [
              32.4170337889765,
              31.45689936787676
            ],
            [
              32.39677095023972,
              31.36450383739736
            ],
            [
              32.44527112669963,
              31.35680149740681
            ],
            [
              32.465533965436414,
              31.449197027886186
            ]
          ]
        ]
      },
      "properties": {
        "event_id": "ow-0058_3",
        "image_name": "ow-0058.jpg",
        "patch_name": "S1_20190223_035040_035219_VV_0",
        "start_time": "2019-02-23T03:50:40",
        "end_time": "2019-02-23T03:52:19",
        "sentinel_id": "S1B_IW_GRDH_1SDV_20190223T035130_20190223T035155_015068_01C287_0DC8.SAFE",
        "class_name": "oil",
        "confidence": 0.4125,
        "bbox_pixels": [
          12.34,
          236.07,
          247.42,
          749.15
        ],
        "centroid_lon": 32.431152,
        "centroid_lat": 31.40685,
        "estimated_area_km2": 72.7987,
        "status": "candidate_detection",
        "note": "AI-generated suspected oil-spill candidate; not verified."
      }
    },
    {
      "type": "Feature",
      "geometry": {
        "type": "Polygon",
        "coordinates": [
          [
            [
              32.439462592327956,
              31.247669283028053
            ],
            [
              32.4224440135865,
              31.250390667697268
            ],
            [
              32.420179985804005,
              31.2401322531597
            ],
            [
              32.43719856454546,
              31.237410868490482
            ],
            [
              32.439462592327956,
              31.247669283028053
            ]
          ]
        ]
      },
      "properties": {
        "event_id": "ow-0059_0",
        "image_name": "ow-0059.jpg",
        "patch_name": "S1_20190223_035040_035219_VV_4",
        "start_time": "2019-02-23T03:50:40",
        "end_time": "2019-02-23T03:52:19",
        "sentinel_id": "S1B_IW_GRDH_1SDV_20190223T035130_20190223T035155_015068_01C287_0DC8.SAFE",
        "class_name": "oil",
        "confidence": 0.8399,
        "bbox_pixels": [
          453.11,
          522.38,
          535.64,
          579.34
        ],
        "centroid_lon": 32.429821,
        "centroid_lat": 31.243901,
        "estimated_area_km2": 2.6517,
        "status": "candidate_detection",
        "note": "AI-generated suspected oil-spill candidate; not verified."
      }
    },
    {
      "type": "Feature",
      "geometry": {
        "type": "Polygon",
        "coordinates": [
          [
            [
              32.41197455362011,
              31.270769543216737
            ],
            [
              32.40495668279026,
              31.27189174774257
            ],
            [
              32.40207487774004,
              31.25883415584808
            ],
            [
              32.4090927485699,
              31.257711951322253
            ],
            [
              32.41197455362011,
              31.270769543216737
            ]
          ]
        ]
      },
      "properties": {
        "event_id": "ow-0059_1",
        "image_name": "ow-0059.jpg",
        "patch_name": "S1_20190223_035040_035219_VV_4",
        "start_time": "2019-02-23T03:50:40",
        "end_time": "2019-02-23T03:52:19",
        "sentinel_id": "S1B_IW_GRDH_1SDV_20190223T035130_20190223T035155_015068_01C287_0DC8.SAFE",
        "class_name": "oil",
        "confidence": 0.7445,
        "bbox_pixels": [
          605.74,
          422.06,
          639.77,
          494.56
        ],
        "centroid_lon": 32.407025,
        "centroid_lat": 31.264802,
        "estimated_area_km2": 1.4869,
        "status": "candidate_detection",
        "note": "AI-generated suspected oil-spill candidate; not verified."
      }
    },
    {
      "type": "Feature",
      "geometry": {
        "type": "Polygon",
        "coordinates": [
          [
            [
              32.48018274177124,
              31.306404098415932
            ],
            [
              32.476816703011096,
              31.306942350547143
            ],
            [
              32.47590303685008,
              31.302802486937196
            ],
            [
              32.47926907561022,
              31.302264234805982
            ],
            [
              32.48018274177124,
              31.306404098415932
            ]
          ]
        ]
      },
      "properties": {
        "event_id": "ow-0059_2",
        "image_name": "ow-0059.jpg",
        "patch_name": "S1_20190223_035040_035219_VV_4",
        "start_time": "2019-02-23T03:50:40",
        "end_time": "2019-02-23T03:52:19",
        "sentinel_id": "S1B_IW_GRDH_1SDV_20190223T035130_20190223T035155_015068_01C287_0DC8.SAFE",
        "class_name": "oil",
        "confidence": 0.7135,
        "bbox_pixels": [
          323.1,
          172.43,
          339.42,
          195.42
        ],
        "centroid_lon": 32.478043,
        "centroid_lat": 31.304603,
        "estimated_area_km2": 0.212,
        "status": "candidate_detection",
        "note": "AI-generated suspected oil-spill candidate; not verified."
      }
    },
    {
      "type": "Feature",
      "geometry": {
        "type": "Polygon",
        "coordinates": [
          [
            [
              32.44927744362148,
              31.237328275037058
            ],
            [
              32.44688616193742,
              31.237710656986433
            ],
            [
              32.446457298464345,
              31.235767456765664
            ],
            [
              32.448848580148415,
              31.235385074816286
            ],
            [
              32.44927744362148,
              31.237328275037058
            ]
          ]
        ]
      },
      "properties": {
        "event_id": "ow-0059_3",
        "image_name": "ow-0059.jpg",
        "patch_name": "S1_20190223_035040_035219_VV_4",
        "start_time": "2019-02-23T03:50:40",
        "end_time": "2019-02-23T03:52:19",
        "sentinel_id": "S1B_IW_GRDH_1SDV_20190223T035130_20190223T035155_015068_01C287_0DC8.SAFE",
        "class_name": "oil",
        "confidence": 0.5781,
        "bbox_pixels": [
          396.45,
          569.43,
          408.05,
          580.22
        ],
        "centroid_lon": 32.447867,
        "centroid_lat": 31.236548,
        "estimated_area_km2": 0.0695,
        "status": "candidate_detection",
        "note": "AI-generated suspected oil-spill candidate; not verified."
      }
    },
    {
      "type": "Feature",
      "geometry": {
        "type": "Polygon",
        "coordinates": [
          [
            [
              32.54071080149016,
              31.328863231626787
            ],
            [
              32.531607294637496,
              31.33031894331465
            ],
            [
              32.53024234770328,
              31.3241343056608
            ],
            [
              32.53934585455594,
              31.322678593972935
            ],
            [
              32.54071080149016,
              31.328863231626787
            ]
          ]
        ]
      },
      "properties": {
        "event_id": "ow-0059_4",
        "image_name": "ow-0059.jpg",
        "patch_name": "S1_20190223_035040_035219_VV_4",
        "start_time": "2019-02-23T03:50:40",
        "end_time": "2019-02-23T03:52:19",
        "sentinel_id": "S1B_IW_GRDH_1SDV_20190223T035130_20190223T035155_015068_01C287_0DC8.SAFE",
        "class_name": "oil",
        "confidence": 0.4634,
        "bbox_pixels": [
          62.81,
          0.06,
          106.95,
          34.4
        ],
        "centroid_lon": 32.535477,
        "centroid_lat": 31.326499,
        "estimated_area_km2": 0.8467,
        "status": "candidate_detection",
        "note": "AI-generated suspected oil-spill candidate; not verified."
      }
    },
    {
      "type": "Feature",
      "geometry": {
        "type": "Polygon",
        "coordinates": [
          [
            [
              34.5624938078423,
              33.937109362830846
            ],
            [
              34.51677435035081,
              33.94391425000357
            ],
            [
              34.50884374880444,
              33.90742836318945
            ],
            [
              34.55456320629593,
              33.90062347601673
            ],
            [
              34.5624938078423,
              33.937109362830846
            ]
          ]
        ]
      },
      "properties": {
        "event_id": "ow-0061_0",
        "image_name": "ow-0061.jpg",
        "patch_name": "S1_20190224_034257_034437_VV_2",
        "start_time": "2019-02-24T03:42:57",
        "end_time": "2019-02-24T03:44:37",
        "sentinel_id": "S1A_IW_GRDH_1SDV_20190224T034322_20190224T034347_026066_02E816_1321.SAFE",
        "class_name": "oil",
        "confidence": 0.9083,
        "bbox_pixels": [
          202.83,
          200.15,
          418.17,
          402.78
        ],
        "centroid_lon": 34.535669,
        "centroid_lat": 33.922269,
        "estimated_area_km2": 23.8827,
        "status": "candidate_detection",
        "note": "AI-generated suspected oil-spill candidate; not verified."
      }
    },
    {
      "type": "Feature",
      "geometry": {
        "type": "Polygon",
        "coordinates": [
          [
            [
              32.184839780985314,
              31.8124413845243
            ],
            [
              32.195035891839794,
              31.813919942708992
            ],
            [
              32.19330134367796,
              31.822506015983976
            ],
            [
              32.183105232823486,
              31.821027457799282
            ],
            [
              32.184839780985314,
              31.8124413845243
            ]
          ]
        ]
      },
      "properties": {
        "event_id": "ow-0066_0",
        "image_name": "ow-0066.jpg",
        "patch_name": "S1_20190305_155637_155817_VV_3",
        "start_time": "2019-03-05T15:56:37",
        "end_time": "2019-03-05T15:58:17",
        "sentinel_id": "S1A_IW_GRDH_1SDV_20190305T155702_20190305T155727_026205_02ED1B_0DF1.SAFE",
        "class_name": "oil",
        "confidence": 0.7613,
        "bbox_pixels": [
          290.51,
          303.66,
          339.44,
          351.28
        ],
        "centroid_lon": 32.189071,
        "centroid_lat": 31.817474,
        "estimated_area_km2": 1.2644,
        "status": "candidate_detection",
        "note": "AI-generated suspected oil-spill candidate; not verified."
      }
    },
    {
      "type": "Feature",
      "geometry": {
        "type": "Polygon",
        "coordinates": [
          [
            [
              32.757883492343694,
              31.254520104852666
            ],
            [
              32.761928057116414,
              31.255157538808753
            ],
            [
              32.76085433949595,
              31.260100847573618
            ],
            [
              32.75680977472324,
              31.25946341361753
            ],
            [
              32.757883492343694,
              31.254520104852666
            ]
          ]
        ]
      },
      "properties": {
        "event_id": "ow-0073_0",
        "image_name": "ow-0073.jpg",
        "patch_name": "S1_20190306_154745_154925_VV_2",
        "start_time": "2019-03-06T15:47:45",
        "end_time": "2019-03-06T15:49:25",
        "sentinel_id": "S1B_IW_GRDH_1SDV_20190306T154810_20190306T154835_015236_01C814_5AC6.SAFE;S1B_IW_GRDH_1SDV_20190306T154745_20190306T154810_015236_01C814_B914.SAFE",
        "class_name": "oil",
        "confidence": 0.7419,
        "bbox_pixels": [
          133.12,
          591.55,
          152.71,
          619.01
        ],
        "centroid_lon": 32.759369,
        "centroid_lat": 31.25731,
        "estimated_area_km2": 0.3026,
        "status": "candidate_detection",
        "note": "AI-generated suspected oil-spill candidate; not verified."
      }
    },
    {
      "type": "Feature",
      "geometry": {
        "type": "Polygon",
        "coordinates": [
          [
            [
              32.79009667342744,
              31.253199254516545
            ],
            [
              32.79352425178157,
              31.253739449804016
            ],
            [
              32.79248279133149,
              31.25853424917498
            ],
            [
              32.78905521297736,
              31.257994053887508
            ],
            [
              32.79009667342744,
              31.253199254516545
            ]
          ]
        ]
      },
      "properties": {
        "event_id": "ow-0073_1",
        "image_name": "ow-0073.jpg",
        "patch_name": "S1_20190306_154745_154925_VV_2",
        "start_time": "2019-03-06T15:47:45",
        "end_time": "2019-03-06T15:49:25",
        "sentinel_id": "S1B_IW_GRDH_1SDV_20190306T154810_20190306T154835_015236_01C814_5AC6.SAFE;S1B_IW_GRDH_1SDV_20190306T154745_20190306T154810_015236_01C814_B914.SAFE",
        "class_name": "oil",
        "confidence": 0.6703,
        "bbox_pixels": [
          282.57,
          557.2,
          299.17,
          583.83
        ],
        "centroid_lon": 32.79129,
        "centroid_lat": 31.255867,
        "estimated_area_km2": 0.2526,
        "status": "candidate_detection",
        "note": "AI-generated suspected oil-spill candidate; not verified."
      }
    },
    {
      "type": "Feature",
      "geometry": {
        "type": "Polygon",
        "coordinates": [
          [
            [
              32.87189778541251,
              31.186609847152017
            ],
            [
              32.87476415814474,
              31.18706159496989
            ],
            [
              32.87403639408132,
              31.19041216164112
            ],
            [
              32.871170021349094,
              31.18996041382325
            ],
            [
              32.87189778541251,
              31.186609847152017
            ]
          ]
        ]
      },
      "properties": {
        "event_id": "ow-0073_2",
        "image_name": "ow-0073.jpg",
        "patch_name": "S1_20190306_154745_154925_VV_2",
        "start_time": "2019-03-06T15:47:45",
        "end_time": "2019-03-06T15:49:25",
        "sentinel_id": "S1B_IW_GRDH_1SDV_20190306T154810_20190306T154835_015236_01C814_5AC6.SAFE;S1B_IW_GRDH_1SDV_20190306T154745_20190306T154810_015236_01C814_B914.SAFE",
        "class_name": "oil",
        "confidence": 0.575,
        "bbox_pixels": [
          597.78,
          130.4,
          611.66,
          149.0
        ],
        "centroid_lon": 32.872967,
        "centroid_lat": 31.188511,
        "estimated_area_km2": 0.1449,
        "status": "candidate_detection",
        "note": "AI-generated suspected oil-spill candidate; not verified."
      }
    },
    {
      "type": "Feature",
      "geometry": {
        "type": "Polygon",
        "coordinates": [
          [
            [
              32.78262550175945,
              31.2481449962389
            ],
            [
              32.786986243862955,
              31.24883226056688
            ],
            [
              32.786371729609115,
              31.251661434307934
            ],
            [
              32.782010987505615,
              31.250974169979955
            ],
            [
              32.78262550175945,
              31.2481449962389
            ]
          ]
        ]
      },
      "properties": {
        "event_id": "ow-0073_3",
        "image_name": "ow-0073.jpg",
        "patch_name": "S1_20190306_154745_154925_VV_2",
        "start_time": "2019-03-06T15:47:45",
        "end_time": "2019-03-06T15:49:25",
        "sentinel_id": "S1B_IW_GRDH_1SDV_20190306T154810_20190306T154835_015236_01C814_5AC6.SAFE;S1B_IW_GRDH_1SDV_20190306T154745_20190306T154810_015236_01C814_B914.SAFE",
        "class_name": "oil",
        "confidence": 0.539,
        "bbox_pixels": [
          242.46,
          536.38,
          263.57,
          552.09
        ],
        "centroid_lon": 32.784499,
        "centroid_lat": 31.249903,
        "estimated_area_km2": 0.1853,
        "status": "candidate_detection",
        "note": "AI-generated suspected oil-spill candidate; not verified."
      }
    },
    {
      "type": "Feature",
      "geometry": {
        "type": "Polygon",
        "coordinates": [
          [
            [
              32.76301019537431,
              31.229591949342677
            ],
            [
              32.76583295015844,
              31.230036822858175
            ],
            [
              32.765122113172296,
              31.23330945863973
            ],
            [
              32.762299358388155,
              31.232864585124233
            ],
            [
              32.76301019537431,
              31.229591949342677
            ]
          ]
        ]
      },
      "properties": {
        "event_id": "ow-0073_4",
        "image_name": "ow-0073.jpg",
        "patch_name": "S1_20190306_154745_154925_VV_2",
        "start_time": "2019-03-06T15:47:45",
        "end_time": "2019-03-06T15:49:25",
        "sentinel_id": "S1B_IW_GRDH_1SDV_20190306T154810_20190306T154835_015236_01C814_5AC6.SAFE;S1B_IW_GRDH_1SDV_20190306T154745_20190306T154810_015236_01C814_B914.SAFE",
        "class_name": "oil",
        "confidence": 0.4796,
        "bbox_pixels": [
          131.78,
          453.35,
          145.44,
          471.53
        ],
        "centroid_lon": 32.764066,
        "centroid_lat": 31.231451,
        "estimated_area_km2": 0.1392,
        "status": "candidate_detection",
        "note": "AI-generated suspected oil-spill candidate; not verified."
      }
    },
    {
      "type": "Feature",
      "geometry": {
        "type": "Polygon",
        "coordinates": [
          [
            [
              32.729635685529004,
              31.253793013878823
            ],
            [
              32.73138475423586,
              31.25406867166846
            ],
            [
              32.73033813282949,
              31.258887231663238
            ],
            [
              32.72858906412263,
              31.2586115738736
            ],
            [
              32.729635685529004,
              31.253793013878823
            ]
          ]
        ]
      },
      "properties": {
        "event_id": "ow-0073_5",
        "image_name": "ow-0073.jpg",
        "patch_name": "S1_20190306_154745_154925_VV_2",
        "start_time": "2019-03-06T15:47:45",
        "end_time": "2019-03-06T15:49:25",
        "sentinel_id": "S1B_IW_GRDH_1SDV_20190306T154810_20190306T154835_015236_01C814_5AC6.SAFE;S1B_IW_GRDH_1SDV_20190306T154745_20190306T154810_015236_01C814_B914.SAFE",
        "class_name": "oil",
        "confidence": 0.4325,
        "bbox_pixels": [
          0.16,
          611.55,
          8.62,
          638.31
        ],
        "centroid_lon": 32.729987,
        "centroid_lat": 31.25634,
        "estimated_area_km2": 0.1509,
        "status": "candidate_detection",
        "note": "AI-generated suspected oil-spill candidate; not verified."
      }
    },
    {
      "type": "Feature",
      "geometry": {
        "type": "Polygon",
        "coordinates": [
          [
            [
              32.737696584384274,
              31.27339027582694
            ],
            [
              32.74108587520212,
              31.2739319114986
            ],
            [
              32.740105732686246,
              31.278387000880986
            ],
            [
              32.736716441868396,
              31.277845365209327
            ],
            [
              32.737696584384274,
              31.27339027582694
            ]
          ]
        ]
      },
      "properties": {
        "event_id": "ow-0075_0",
        "image_name": "ow-0075.jpg",
        "patch_name": "S1_20190306_154745_154925_VV_4",
        "start_time": "2019-03-06T15:47:45",
        "end_time": "2019-03-06T15:49:25",
        "sentinel_id": "S1B_IW_GRDH_1SDV_20190306T154810_20190306T154835_015236_01C814_5AC6.SAFE;S1B_IW_GRDH_1SDV_20190306T154745_20190306T154810_015236_01C814_B914.SAFE",
        "class_name": "oil",
        "confidence": 0.7067,
        "bbox_pixels": [
          542.2,
          345.04,
          558.62,
          369.78
        ],
        "centroid_lon": 32.738901,
        "centroid_lat": 31.275889,
        "estimated_area_km2": 0.2312,
        "status": "candidate_detection",
        "note": "AI-generated suspected oil-spill candidate; not verified."
      }
    },
    {
      "type": "Feature",
      "geometry": {
        "type": "Polygon",
        "coordinates": [
          [
            [
              32.75792859032087,
              31.254567165857615
            ],
            [
              32.76195084769952,
              31.255209954627876
            ],
            [
              32.7609281575797,
              31.259858437700963
            ],
            [
              32.756905900201055,
              31.259215648930702
            ],
            [
              32.75792859032087,
              31.254567165857615
            ]
          ]
        ]
      },
      "properties": {
        "event_id": "ow-0075_1",
        "image_name": "ow-0075.jpg",
        "patch_name": "S1_20190306_154745_154925_VV_4",
        "start_time": "2019-03-06T15:47:45",
        "end_time": "2019-03-06T15:49:25",
        "sentinel_id": "S1B_IW_GRDH_1SDV_20190306T154810_20190306T154835_015236_01C814_5AC6.SAFE;S1B_IW_GRDH_1SDV_20190306T154745_20190306T154810_015236_01C814_B914.SAFE",
        "class_name": "oil",
        "confidence": 0.6993,
        "bbox_pixels": [
          617.52,
          226.72,
          637.01,
          252.54
        ],
        "centroid_lon": 32.759428,
        "centroid_lat": 31.257213,
        "estimated_area_km2": 0.2828,
        "status": "candidate_detection",
        "note": "AI-generated suspected oil-spill candidate; not verified."
      }
    },
    {
      "type": "Feature",
      "geometry": {
        "type": "Polygon",
        "coordinates": [
          [
            [
              32.748088740450434,
              31.272541539611527
            ],
            [
              32.750855544453145,
              31.27298369693142
            ],
            [
              32.74982797810466,
              31.277654344163484
            ],
            [
              32.74706117410196,
              31.277212186843595
            ],
            [
              32.748088740450434,
              31.272541539611527
            ]
          ]
        ]
      },
      "properties": {
        "event_id": "ow-0075_2",
        "image_name": "ow-0075.jpg",
        "patch_name": "S1_20190306_154745_154925_VV_4",
        "start_time": "2019-03-06T15:47:45",
        "end_time": "2019-03-06T15:49:25",
        "sentinel_id": "S1B_IW_GRDH_1SDV_20190306T154810_20190306T154835_015236_01C814_5AC6.SAFE;S1B_IW_GRDH_1SDV_20190306T154745_20190306T154810_015236_01C814_B914.SAFE",
        "class_name": "oil",
        "confidence": 0.6224,
        "bbox_pixels": [
          589.97,
          331.58,
          603.38,
          357.52
        ],
        "centroid_lon": 32.748958,
        "centroid_lat": 31.275098,
        "estimated_area_km2": 0.2055,
        "status": "candidate_detection",
        "note": "AI-generated suspected oil-spill candidate; not verified."
      }
    },
    {
      "type": "Feature",
      "geometry": {
        "type": "Polygon",
        "coordinates": [
          [
            [
              32.72959436148915,
              31.25350032407878
            ],
            [
              32.731304751708244,
              31.253773658060695
            ],
            [
              32.73031490207563,
              31.258272869672286
            ],
            [
              32.72860451185653,
              31.257999535690367
            ],
            [
              32.72959436148915,
              31.25350032407878
            ]
          ]
        ]
      },
      "properties": {
        "event_id": "ow-0075_3",
        "image_name": "ow-0075.jpg",
        "patch_name": "S1_20190306_154745_154925_VV_4",
        "start_time": "2019-03-06T15:47:45",
        "end_time": "2019-03-06T15:49:25",
        "sentinel_id": "S1B_IW_GRDH_1SDV_20190306T154810_20190306T154835_015236_01C814_5AC6.SAFE;S1B_IW_GRDH_1SDV_20190306T154745_20190306T154810_015236_01C814_B914.SAFE",
        "class_name": "oil",
        "confidence": 0.5784,
        "bbox_pixels": [
          483.79,
          245.29,
          492.07,
          270.27
        ],
        "centroid_lon": 32.729955,
        "centroid_lat": 31.255887,
        "estimated_area_km2": 0.1365,
        "status": "candidate_detection",
        "note": "AI-generated suspected oil-spill candidate; not verified."
      }
    },
    {
      "type": "Feature",
      "geometry": {
        "type": "Polygon",
        "coordinates": [
          [
            [
              32.76309957288683,
              31.22955802407473
            ],
            [
              32.7660794482567,
              31.230034231896408
            ],
            [
              32.76531907820098,
              31.23349037884142
            ],
            [
              32.762339202831114,
              31.233014171019743
            ],
            [
              32.76309957288683,
              31.22955802407473
            ]
          ]
        ]
      },
      "properties": {
        "event_id": "ow-0075_4",
        "image_name": "ow-0075.jpg",
        "patch_name": "S1_20190306_154745_154925_VV_4",
        "start_time": "2019-03-06T15:47:45",
        "end_time": "2019-03-06T15:49:25",
        "sentinel_id": "S1B_IW_GRDH_1SDV_20190306T154810_20190306T154835_015236_01C814_5AC6.SAFE;S1B_IW_GRDH_1SDV_20190306T154745_20190306T154810_015236_01C814_B914.SAFE",
        "class_name": "oil",
        "confidence": 0.5349,
        "bbox_pixels": [
          615.97,
          88.13,
          630.41,
          107.32
        ],
        "centroid_lon": 32.764209,
        "centroid_lat": 31.231524,
        "estimated_area_km2": 0.1558,
        "status": "candidate_detection",
        "note": "AI-generated suspected oil-spill candidate; not verified."
      }
    },
    {
      "type": "Feature",
      "geometry": {
        "type": "Polygon",
        "coordinates": [
          [
            [
              32.67834914555686,
              31.359435106911704
            ],
            [
              32.68667338261173,
              31.36076538630364
            ],
            [
              32.68498174416689,
              31.36845447268893
            ],
            [
              32.67665750711202,
              31.367124193297002
            ],
            [
              32.67834914555686,
              31.359435106911704
            ]
          ]
        ]
      },
      "properties": {
        "event_id": "ow-0077_0",
        "image_name": "ow-0077.jpg",
        "patch_name": "S1_20190306_154745_154925_VV_9",
        "start_time": "2019-03-06T15:47:45",
        "end_time": "2019-03-06T15:49:25",
        "sentinel_id": "S1B_IW_GRDH_1SDV_20190306T154810_20190306T154835_015236_01C814_5AC6.SAFE",
        "class_name": "oil",
        "confidence": 0.6982,
        "bbox_pixels": [
          491.0,
          193.5,
          531.34,
          236.19
        ],
        "centroid_lon": 32.681665,
        "centroid_lat": 31.363945,
        "estimated_area_km2": 0.9559,
        "status": "candidate_detection",
        "note": "AI-generated suspected oil-spill candidate; not verified."
      }
    },
    {
      "type": "Feature",
      "geometry": {
        "type": "Polygon",
        "coordinates": [
          [
            [
              32.56769080562592,
              31.385685741850757
            ],
            [
              32.57138286455148,
              31.38627576227786
            ],
            [
              32.570689842794565,
              31.389425787729287
            ],
            [
              32.566997783869,
              31.38883576730218
            ],
            [
              32.56769080562592,
              31.385685741850757
            ]
          ]
        ]
      },
      "properties": {
        "event_id": "ow-0077_1",
        "image_name": "ow-0077.jpg",
        "patch_name": "S1_20190306_154745_154925_VV_9",
        "start_time": "2019-03-06T15:47:45",
        "end_time": "2019-03-06T15:49:25",
        "sentinel_id": "S1B_IW_GRDH_1SDV_20190306T154810_20190306T154835_015236_01C814_5AC6.SAFE",
        "class_name": "oil",
        "confidence": 0.4278,
        "bbox_pixels": [
          0.04,
          429.18,
          17.93,
          446.67
        ],
        "centroid_lon": 32.56919,
        "centroid_lat": 31.387556,
        "estimated_area_km2": 0.1735,
        "status": "candidate_detection",
        "note": "AI-generated suspected oil-spill candidate; not verified."
      }
    },
    {
      "type": "Feature",
      "geometry": {
        "type": "Polygon",
        "coordinates": [
          [
            [
              33.73555906895635,
              32.41815420994937
            ],
            [
              33.76070942714899,
              32.42182353559014
            ],
            [
              33.75586410330045,
              32.445266711937386
            ],
            [
              33.73071374510782,
              32.44159738629661
            ],
            [
              33.73555906895635,
              32.41815420994937
            ]
          ]
        ]
      },
      "properties": {
        "event_id": "ow-0083_0",
        "image_name": "ow-0083.jpg",
        "patch_name": "S1_20190306_154745_154925_VV_21",
        "start_time": "2019-03-06T15:47:45",
        "end_time": "2019-03-06T15:49:25",
        "sentinel_id": "S1B_IW_GRDH_1SDV_20190306T154810_20190306T154835_015236_01C814_5AC6.SAFE",
        "class_name": "oil",
        "confidence": 0.8209,
        "bbox_pixels": [
          193.65,
          30.19,
          313.39,
          160.5
        ],
        "centroid_lon": 33.745712,
        "centroid_lat": 32.43171,
        "estimated_area_km2": 8.5062,
        "status": "candidate_detection",
        "note": "AI-generated suspected oil-spill candidate; not verified."
      }
    },
    {
      "type": "Feature",
      "geometry": {
        "type": "Polygon",
        "coordinates": [
          [
            [
              33.75757873676137,
              32.443653581556795
            ],
            [
              33.76703919419822,
              32.445033820310485
            ],
            [
              33.76334599624177,
              32.46290265502307
            ],
            [
              33.75388553880491,
              32.46152241626939
            ],
            [
              33.75757873676137,
              32.443653581556795
            ]
          ]
        ]
      },
      "properties": {
        "event_id": "ow-0083_1",
        "image_name": "ow-0083.jpg",
        "patch_name": "S1_20190306_154745_154925_VV_21",
        "start_time": "2019-03-06T15:47:45",
        "end_time": "2019-03-06T15:49:25",
        "sentinel_id": "S1B_IW_GRDH_1SDV_20190306T154810_20190306T154835_015236_01C814_5AC6.SAFE",
        "class_name": "oil",
        "confidence": 0.6807,
        "bbox_pixels": [
          319.77,
          150.45,
          364.82,
          249.78
        ],
        "centroid_lon": 33.760462,
        "centroid_lat": 32.453278,
        "estimated_area_km2": 2.6476,
        "status": "candidate_detection",
        "note": "AI-generated suspected oil-spill candidate; not verified."
      }
    },
    {
      "type": "Feature",
      "geometry": {
        "type": "Polygon",
        "coordinates": [
          [
            [
              33.74301889716653,
              32.505671590933225
            ],
            [
              33.74820070361406,
              32.5064275934966
            ],
            [
              33.74510753410098,
              32.52139330489872
            ],
            [
              33.73992572765345,
              32.520637302335345
            ],
            [
              33.74301889716653,
              32.505671590933225
            ]
          ]
        ]
      },
      "properties": {
        "event_id": "ow-0083_2",
        "image_name": "ow-0083.jpg",
        "patch_name": "S1_20190306_154745_154925_VV_21",
        "start_time": "2019-03-06T15:47:45",
        "end_time": "2019-03-06T15:49:25",
        "sentinel_id": "S1B_IW_GRDH_1SDV_20190306T154810_20190306T154835_015236_01C814_5AC6.SAFE",
        "class_name": "oil",
        "confidence": 0.6599,
        "bbox_pixels": [
          311.72,
          496.55,
          336.39,
          579.74
        ],
        "centroid_lon": 33.744063,
        "centroid_lat": 32.513532,
        "estimated_area_km2": 1.3595,
        "status": "candidate_detection",
        "note": "AI-generated suspected oil-spill candidate; not verified."
      }
    },
    {
      "type": "Feature",
      "geometry": {
        "type": "Polygon",
        "coordinates": [
          [
            [
              33.761186027021,
              32.4898763700063
            ],
            [
              33.766336046980726,
              32.490627735062176
            ],
            [
              33.76458339442863,
              32.49910761053362
            ],
            [
              33.7594333744689,
              32.498356245477744
            ],
            [
              33.761186027021,
              32.4898763700063
            ]
          ]
        ]
      },
      "properties": {
        "event_id": "ow-0083_3",
        "image_name": "ow-0083.jpg",
        "patch_name": "S1_20190306_154745_154925_VV_21",
        "start_time": "2019-03-06T15:47:45",
        "end_time": "2019-03-06T15:49:25",
        "sentinel_id": "S1B_IW_GRDH_1SDV_20190306T154810_20190306T154835_015236_01C814_5AC6.SAFE",
        "class_name": "oil",
        "confidence": 0.5871,
        "bbox_pixels": [
          380.6,
          397.02,
          405.12,
          444.16
        ],
        "centroid_lon": 33.762885,
        "centroid_lat": 32.494492,
        "estimated_area_km2": 0.666,
        "status": "candidate_detection",
        "note": "AI-generated suspected oil-spill candidate; not verified."
      }
    },
    {
      "type": "Feature",
      "geometry": {
        "type": "Polygon",
        "coordinates": [
          [
            [
              33.756722297637964,
              32.52111292698554
            ],
            [
              33.75987919776816,
              32.52157350470392
            ],
            [
              33.75894300152445,
              32.52610311187217
            ],
            [
              33.755786101394264,
              32.525642534153775
            ],
            [
              33.756722297637964,
              32.52111292698554
            ]
          ]
        ]
      },
      "properties": {
        "event_id": "ow-0083_4",
        "image_name": "ow-0083.jpg",
        "patch_name": "S1_20190306_154745_154925_VV_21",
        "start_time": "2019-03-06T15:47:45",
        "end_time": "2019-03-06T15:49:25",
        "sentinel_id": "S1B_IW_GRDH_1SDV_20190306T154810_20190306T154835_015236_01C814_5AC6.SAFE",
        "class_name": "oil",
        "confidence": 0.5397,
        "bbox_pixels": [
          389.81,
          569.09,
          404.84,
          594.26
        ],
        "centroid_lon": 33.757833,
        "centroid_lat": 32.523608,
        "estimated_area_km2": 0.2134,
        "status": "candidate_detection",
        "note": "AI-generated suspected oil-spill candidate; not verified."
      }
    },
    {
      "type": "Feature",
      "geometry": {
        "type": "Polygon",
        "coordinates": [
          [
            [
              33.7617065033393,
              32.47966856868076
            ],
            [
              33.76529647273246,
              32.480192329282616
            ],
            [
              33.764294137714565,
              32.48504193630954
            ],
            [
              33.7607041683214,
              32.484518175707684
            ],
            [
              33.7617065033393,
              32.47966856868076
            ]
          ]
        ]
      },
      "properties": {
        "event_id": "ow-0083_5",
        "image_name": "ow-0083.jpg",
        "patch_name": "S1_20190306_154745_154925_VV_21",
        "start_time": "2019-03-06T15:47:45",
        "end_time": "2019-03-06T15:49:25",
        "sentinel_id": "S1B_IW_GRDH_1SDV_20190306T154810_20190306T154835_015236_01C814_5AC6.SAFE",
        "class_name": "oil",
        "confidence": 0.4479,
        "bbox_pixels": [
          373.25,
          341.53,
          390.35,
          368.49
        ],
        "centroid_lon": 33.763,
        "centroid_lat": 32.482355,
        "estimated_area_km2": 0.258,
        "status": "candidate_detection",
        "note": "AI-generated suspected oil-spill candidate; not verified."
      }
    },
    {
      "type": "Feature",
      "geometry": {
        "type": "Polygon",
        "coordinates": [
          [
            [
              32.210091337699446,
              32.679958543789624
            ],
            [
              32.18745338885174,
              32.683393339687285
            ],
            [
              32.185937581727046,
              32.676308406187324
            ],
            [
              32.20857553057475,
              32.672873610289656
            ],
            [
              32.210091337699446,
              32.679958543789624
            ]
          ]
        ]
      },
      "properties": {
        "event_id": "ow-0086_0",
        "image_name": "ow-0086.jpg",
        "patch_name": "S1_20190307_035039_035218_VV_0",
        "start_time": "2019-03-07T03:50:39",
        "end_time": "2019-03-07T03:52:18",
        "sentinel_id": "S1B_IW_GRDH_1SDV_20190307T035129_20190307T035154_015243_01C850_97F9.SAFE;S1B_IW_GRDH_1SDV_20190307T035104_20190307T035129_015243_01C850_7057.SAFE",
        "class_name": "oil",
        "confidence": 0.9268,
        "bbox_pixels": [
          266.28,
          299.47,
          374.4,
          338.83
        ],
        "centroid_lon": 32.198014,
        "centroid_lat": 32.678133,
        "estimated_area_km2": 2.6503,
        "status": "candidate_detection",
        "note": "AI-generated suspected oil-spill candidate; not verified."
      }
    },
    {
      "type": "Feature",
      "geometry": {
        "type": "Polygon",
        "coordinates": [
          [
            [
              32.21678892677807,
              31.376680532563157
            ],
            [
              32.221111696813814,
              31.37731690597064
            ],
            [
              32.220448189057805,
              31.380585005397716
            ],
            [
              32.216125419022056,
              31.379948631990242
            ],
            [
              32.21678892677807,
              31.376680532563157
            ]
          ]
        ]
      },
      "properties": {
        "event_id": "ow-0092_0",
        "image_name": "ow-0092.jpg",
        "patch_name": "S1_20190311_155609_155634_VV_0",
        "start_time": "2019-03-11T15:56:09",
        "end_time": "2019-03-11T15:56:34",
        "sentinel_id": "S1B_IW_GRDH_1SDV_20190311T155609_20190311T155634_015309_01CA74_5487.SAFE",
        "class_name": "oil",
        "confidence": 0.741,
        "bbox_pixels": [
          463.96,
          160.16,
          484.82,
          178.36
        ],
        "centroid_lon": 32.218619,
        "centroid_lat": 31.378633,
        "estimated_area_km2": 0.206,
        "status": "candidate_detection",
        "note": "AI-generated suspected oil-spill candidate; not verified."
      }
    },
    {
      "type": "Feature",
      "geometry": {
        "type": "Polygon",
        "coordinates": [
          [
            [
              32.186064904216174,
              31.390246061323232
            ],
            [
              32.19337093476007,
              31.391321613229515
            ],
            [
              32.192698742828156,
              31.39463248645996
            ],
            [
              32.18539271228427,
              31.393556934553676
            ],
            [
              32.186064904216174,
              31.390246061323232
            ]
          ]
        ]
      },
      "properties": {
        "event_id": "ow-0092_1",
        "image_name": "ow-0092.jpg",
        "patch_name": "S1_20190311_155609_155634_VV_0",
        "start_time": "2019-03-11T15:56:09",
        "end_time": "2019-03-11T15:56:34",
        "sentinel_id": "S1B_IW_GRDH_1SDV_20190311T155609_20190311T155634_015309_01CA74_5487.SAFE",
        "class_name": "oil",
        "confidence": 0.6545,
        "bbox_pixels": [
          332.86,
          257.97,
          368.13,
          276.41
        ],
        "centroid_lon": 32.189382,
        "centroid_lat": 31.392439,
        "estimated_area_km2": 0.3702,
        "status": "candidate_detection",
        "note": "AI-generated suspected oil-spill candidate; not verified."
      }
    },
    {
      "type": "Feature",
      "geometry": {
        "type": "Polygon",
        "coordinates": [
          [
            [
              32.143844285181316,
              31.42178939107577
            ],
            [
              32.148331257095045,
              31.4224499373418
            ],
            [
              32.14766268570233,
              31.425742977650252
            ],
            [
              32.143175713788594,
              31.42508243138422
            ],
            [
              32.143844285181316,
              31.42178939107577
            ]
          ]
        ]
      },
      "properties": {
        "event_id": "ow-0092_2",
        "image_name": "ow-0092.jpg",
        "patch_name": "S1_20190311_155609_155634_VV_0",
        "start_time": "2019-03-11T15:56:09",
        "end_time": "2019-03-11T15:56:34",
        "sentinel_id": "S1B_IW_GRDH_1SDV_20190311T155609_20190311T155634_015309_01CA74_5487.SAFE",
        "class_name": "oil",
        "confidence": 0.6208,
        "bbox_pixels": [
          164.98,
          462.13,
          186.64,
          480.47
        ],
        "centroid_lon": 32.145753,
        "centroid_lat": 31.423766,
        "estimated_area_km2": 0.2155,
        "status": "candidate_detection",
        "note": "AI-generated suspected oil-spill candidate; not verified."
      }
    },
    {
      "type": "Feature",
      "geometry": {
        "type": "Polygon",
        "coordinates": [
          [
            [
              30.216525359217027,
              31.385629728965164
            ],
            [
              30.22133266950953,
              31.38640733423746
            ],
            [
              30.220440631952542,
              31.390413453058137
            ],
            [
              30.215633321660043,
              31.389635847785833
            ],
            [
              30.216525359217027,
              31.385629728965164
            ]
          ]
        ]
      },
      "properties": {
        "event_id": "ow-0094_0",
        "image_name": "ow-0094.jpg",
        "patch_name": "S1_20190311_155609_155634_VV_4",
        "start_time": "2019-03-11T15:56:09",
        "end_time": "2019-03-11T15:56:34",
        "sentinel_id": "S1B_IW_GRDH_1SDV_20190311T155609_20190311T155634_015309_01CA74_5487.SAFE",
        "class_name": "oil",
        "confidence": 0.7782,
        "bbox_pixels": [
          308.8,
          310.93,
          332.08,
          333.21
        ],
        "centroid_lon": 30.218483,
        "centroid_lat": 31.388022,
        "estimated_area_km2": 0.2884,
        "status": "candidate_detection",
        "note": "AI-generated suspected oil-spill candidate; not verified."
      }
    },
    {
      "type": "Feature",
      "geometry": {
        "type": "Polygon",
        "coordinates": [
          [
            [
              30.023601954359822,
              31.413867861286377
            ],
            [
              30.026503578215255,
              31.41434312311944
            ],
            [
              30.025972100964587,
              31.416699613252426
            ],
            [
              30.023070477109155,
              31.41622435141936
            ],
            [
              30.023601954359822,
              31.413867861286377
            ]
          ]
        ]
      },
      "properties": {
        "event_id": "ow-0095_0",
        "image_name": "ow-0095.jpg",
        "patch_name": "S1_20190311_155609_155634_VV_5",
        "start_time": "2019-03-11T15:56:09",
        "end_time": "2019-03-11T15:56:34",
        "sentinel_id": "S1B_IW_GRDH_1SDV_20190311T155609_20190311T155634_015309_01CA74_5487.SAFE",
        "class_name": "oil",
        "confidence": 0.6292,
        "bbox_pixels": [
          313.55,
          314.82,
          327.6,
          327.92
        ],
        "centroid_lon": 30.024787,
        "centroid_lat": 31.415284,
        "estimated_area_km2": 0.1028,
        "status": "candidate_detection",
        "note": "AI-generated suspected oil-spill candidate; not verified."
      }
    },
    {
      "type": "Feature",
      "geometry": {
        "type": "Polygon",
        "coordinates": [
          [
            [
              30.130897958360393,
              31.572886196748854
            ],
            [
              30.141493496016654,
              31.574595275446786
            ],
            [
              30.139776530305426,
              31.5822950125975
            ],
            [
              30.12918099264916,
              31.58058593389957
            ],
            [
              30.130897958360393,
              31.572886196748854
            ]
          ]
        ]
      },
      "properties": {
        "event_id": "ow-0097_0",
        "image_name": "ow-0097.jpg",
        "patch_name": "S1_20190311_155609_155634_VV_7",
        "start_time": "2019-03-11T15:56:09",
        "end_time": "2019-03-11T15:56:34",
        "sentinel_id": "S1B_IW_GRDH_1SDV_20190311T155609_20190311T155634_015309_01CA74_5487.SAFE",
        "class_name": "oil",
        "confidence": 0.8887,
        "bbox_pixels": [
          366.52,
          232.94,
          417.68,
          275.8
        ],
        "centroid_lon": 30.135337,
        "centroid_lat": 31.577591,
        "estimated_area_km2": 1.223,
        "status": "candidate_detection",
        "note": "AI-generated suspected oil-spill candidate; not verified."
      }
    },
    {
      "type": "Feature",
      "geometry": {
        "type": "Polygon",
        "coordinates": [
          [
            [
              30.148018525992104,
              31.628270920345457
            ],
            [
              30.153800490732618,
              31.629203561339313
            ],
            [
              30.153087480621394,
              31.632401057018072
            ],
            [
              30.147305515880884,
              31.63146841602421
            ],
            [
              30.148018525992104,
              31.628270920345457
            ]
          ]
        ]
      },
      "properties": {
        "event_id": "ow-0097_1",
        "image_name": "ow-0097.jpg",
        "patch_name": "S1_20190311_155609_155634_VV_7",
        "start_time": "2019-03-11T15:56:09",
        "end_time": "2019-03-11T15:56:34",
        "sentinel_id": "S1B_IW_GRDH_1SDV_20190311T155609_20190311T155634_015309_01CA74_5487.SAFE",
        "class_name": "oil",
        "confidence": 0.8071,
        "bbox_pixels": [
          503.9,
          515.67,
          531.82,
          533.47
        ],
        "centroid_lon": 30.150553,
        "centroid_lat": 31.630336,
        "estimated_area_km2": 0.283,
        "status": "candidate_detection",
        "note": "AI-generated suspected oil-spill candidate; not verified."
      }
    },
    {
      "type": "Feature",
      "geometry": {
        "type": "Polygon",
        "coordinates": [
          [
            [
              30.078016667382204,
              31.541075685071746
            ],
            [
              30.096508345111783,
              31.544058424930913
            ],
            [
              30.095412714992918,
              31.54897178101862
            ],
            [
              30.076921037263343,
              31.54598904115945
            ],
            [
              30.078016667382204,
              31.541075685071746
            ]
          ]
        ]
      },
      "properties": {
        "event_id": "ow-0097_2",
        "image_name": "ow-0097.jpg",
        "patch_name": "S1_20190311_155609_155634_VV_7",
        "start_time": "2019-03-11T15:56:09",
        "end_time": "2019-03-11T15:56:34",
        "sentinel_id": "S1B_IW_GRDH_1SDV_20190311T155609_20190311T155634_015309_01CA74_5487.SAFE",
        "class_name": "oil",
        "confidence": 0.584,
        "bbox_pixels": [
          86.94,
          107.86,
          176.24,
          135.21
        ],
        "centroid_lon": 30.086715,
        "centroid_lat": 31.545024,
        "estimated_area_km2": 1.6334,
        "status": "candidate_detection",
        "note": "AI-generated suspected oil-spill candidate; not verified."
      }
    },
    {
      "type": "Feature",
      "geometry": {
        "type": "Polygon",
        "coordinates": [
          [
            [
              30.632519756465378,
              33.026345662487145
            ],
            [
              30.621284620351922,
              33.028081748087295
            ],
            [
              30.620593725684223,
              33.024964304970275
            ],
            [
              30.631828861797676,
              33.02322821937012
            ],
            [
              30.632519756465378,
              33.026345662487145
            ]
          ]
        ]
      },
      "properties": {
        "event_id": "ow-0102_0",
        "image_name": "ow-0102.jpg",
        "patch_name": "S1_20190312_035849_040029_VV_5",
        "start_time": "2019-03-12T03:58:49",
        "end_time": "2019-03-12T04:00:29",
        "sentinel_id": "S1B_IW_GRDH_1SDV_20190312T035914_20190312T035939_015316_01CAB5_A5CE.SAFE",
        "class_name": "oil",
        "confidence": 0.703,
        "bbox_pixels": [
          295.04,
          312.89,
          348.3,
          330.2
        ],
        "centroid_lon": 30.626557,
        "centroid_lat": 33.025655,
        "estimated_area_km2": 0.6014,
        "status": "candidate_detection",
        "note": "AI-generated suspected oil-spill candidate; not verified."
      }
    },
    {
      "type": "Feature",
      "geometry": {
        "type": "Polygon",
        "coordinates": [
          [
            [
              32.613712438177984,
              31.270643224391023
            ],
            [
              32.61616022706611,
              31.271034422684878
            ],
            [
              32.615645689878576,
              31.2733731435983
            ],
            [
              32.61319790099045,
              31.272981945304444
            ],
            [
              32.613712438177984,
              31.270643224391023
            ]
          ]
        ]
      },
      "properties": {
        "event_id": "ow-0116_0",
        "image_name": "ow-0116.jpg",
        "patch_name": "S1_20190318_154745_154925_VV_1",
        "start_time": "2019-03-18T15:47:45",
        "end_time": "2019-03-18T15:49:25",
        "sentinel_id": "S1B_IW_GRDH_1SDV_20190318T154810_20190318T154835_015411_01CDBD_41F5.SAFE;S1B_IW_GRDH_1SDV_20190318T154745_20190318T154810_015411_01CDBD_E506.SAFE",
        "class_name": "oil",
        "confidence": 0.6559,
        "bbox_pixels": [
          61.79,
          604.03,
          73.65,
          617.01
        ],
        "centroid_lon": 32.614679,
        "centroid_lat": 31.272008,
        "estimated_area_km2": 0.0857,
        "status": "candidate_detection",
        "note": "AI-generated suspected oil-spill candidate; not verified."
      }
    },
    {
      "type": "Feature",
      "geometry": {
        "type": "Polygon",
        "coordinates": [
          [
            [
              32.622402596930584,
              31.276081552011917
            ],
            [
              32.62764940474712,
              31.276920081133426
            ],
            [
              32.62708483985295,
              31.279486192499085
            ],
            [
              32.62183803203641,
              31.278647663377583
            ],
            [
              32.622402596930584,
              31.276081552011917
            ]
          ]
        ]
      },
      "properties": {
        "event_id": "ow-0116_1",
        "image_name": "ow-0116.jpg",
        "patch_name": "S1_20190318_154745_154925_VV_1",
        "start_time": "2019-03-18T15:47:45",
        "end_time": "2019-03-18T15:49:25",
        "sentinel_id": "S1B_IW_GRDH_1SDV_20190318T154810_20190318T154835_015411_01CDBD_41F5.SAFE;S1B_IW_GRDH_1SDV_20190318T154745_20190318T154810_015411_01CDBD_E506.SAFE",
        "class_name": "oil",
        "confidence": 0.4913,
        "bbox_pixels": [
          108.07,
          625.75,
          133.49,
          640.0
        ],
        "centroid_lon": 32.624744,
        "centroid_lat": 31.277784,
        "estimated_area_km2": 0.2096,
        "status": "candidate_detection",
        "note": "AI-generated suspected oil-spill candidate; not verified."
      }
    },
    {
      "type": "Feature",
      "geometry": {
        "type": "Polygon",
        "coordinates": [
          [
            [
              32.61581645056611,
              31.201086292149604
            ],
            [
              32.619616826690454,
              31.201693656887244
            ],
            [
              32.618892267686626,
              31.204986987935648
            ],
            [
              32.61509189156228,
              31.204379623198008
            ],
            [
              32.61581645056611,
              31.201086292149604
            ]
          ]
        ]
      },
      "properties": {
        "event_id": "ow-0116_2",
        "image_name": "ow-0116.jpg",
        "patch_name": "S1_20190318_154745_154925_VV_1",
        "start_time": "2019-03-18T15:47:45",
        "end_time": "2019-03-18T15:49:25",
        "sentinel_id": "S1B_IW_GRDH_1SDV_20190318T154810_20190318T154835_015411_01CDBD_41F5.SAFE;S1B_IW_GRDH_1SDV_20190318T154745_20190318T154810_015411_01CDBD_E506.SAFE",
        "class_name": "oil",
        "confidence": 0.4891,
        "bbox_pixels": [
          0.0,
          229.09,
          18.42,
          247.38
        ],
        "centroid_lon": 32.617354,
        "centroid_lat": 31.203037,
        "estimated_area_km2": 0.1871,
        "status": "candidate_detection",
        "note": "AI-generated suspected oil-spill candidate; not verified."
      }
    },
    {
      "type": "Feature",
      "geometry": {
        "type": "Polygon",
        "coordinates": [
          [
            [
              32.72111808563419,
              31.22702117241062
            ],
            [
              32.725316465238535,
              31.227692144873213
            ],
            [
              32.72469849441334,
              31.230501001701843
            ],
            [
              32.720500114808985,
              31.229830029239253
            ],
            [
              32.72111808563419,
              31.22702117241062
            ]
          ]
        ]
      },
      "properties": {
        "event_id": "ow-0116_3",
        "image_name": "ow-0116.jpg",
        "patch_name": "S1_20190318_154745_154925_VV_1",
        "start_time": "2019-03-18T15:47:45",
        "end_time": "2019-03-18T15:49:25",
        "sentinel_id": "S1B_IW_GRDH_1SDV_20190318T154810_20190318T154835_015411_01CDBD_41F5.SAFE;S1B_IW_GRDH_1SDV_20190318T154745_20190318T154810_015411_01CDBD_E506.SAFE",
        "class_name": "oil",
        "confidence": 0.4602,
        "bbox_pixels": [
          519.63,
          277.94,
          539.98,
          293.54
        ],
        "centroid_lon": 32.722908,
        "centroid_lat": 31.228761,
        "estimated_area_km2": 0.1776,
        "status": "candidate_detection",
        "note": "AI-generated suspected oil-spill candidate; not verified."
      }
    },
    {
      "type": "Feature",
      "geometry": {
        "type": "Polygon",
        "coordinates": [
          [
            [
              32.70816546892148,
              31.273003724806976
            ],
            [
              32.71089948233755,
              31.273440666648213
            ],
            [
              32.71013330733327,
              31.276923154501908
            ],
            [
              32.70739929391719,
              31.27648621266067
            ],
            [
              32.70816546892148,
              31.273003724806976
            ]
          ]
        ]
      },
      "properties": {
        "event_id": "ow-0116_4",
        "image_name": "ow-0116.jpg",
        "patch_name": "S1_20190318_154745_154925_VV_1",
        "start_time": "2019-03-18T15:47:45",
        "end_time": "2019-03-18T15:49:25",
        "sentinel_id": "S1B_IW_GRDH_1SDV_20190318T154810_20190318T154835_015411_01CDBD_41F5.SAFE;S1B_IW_GRDH_1SDV_20190318T154745_20190318T154810_015411_01CDBD_E506.SAFE",
        "class_name": "oil",
        "confidence": 0.457,
        "bbox_pixels": [
          506.36,
          535.71,
          519.61,
          555.05
        ],
        "centroid_lon": 32.709149,
        "centroid_lat": 31.274963,
        "estimated_area_km2": 0.1453,
        "status": "candidate_detection",
        "note": "AI-generated suspected oil-spill candidate; not verified."
      }
    },
    {
      "type": "Feature",
      "geometry": {
        "type": "Polygon",
        "coordinates": [
          [
            [
              32.70419476666695,
              31.270274242464033
            ],
            [
              32.71147693963255,
              31.271438057551798
            ],
            [
              32.71023886754858,
              31.277065454648174
            ],
            [
              32.70295669458299,
              31.275901639560402
            ],
            [
              32.70419476666695,
              31.270274242464033
            ]
          ]
        ]
      },
      "properties": {
        "event_id": "ow-0116_5",
        "image_name": "ow-0116.jpg",
        "patch_name": "S1_20190318_154745_154925_VV_1",
        "start_time": "2019-03-18T15:47:45",
        "end_time": "2019-03-18T15:49:25",
        "sentinel_id": "S1B_IW_GRDH_1SDV_20190318T154810_20190318T154835_015411_01CDBD_41F5.SAFE;S1B_IW_GRDH_1SDV_20190318T154745_20190318T154810_015411_01CDBD_E506.SAFE",
        "class_name": "oil",
        "confidence": 0.4254,
        "bbox_pixels": [
          484.96,
          524.48,
          520.25,
          555.72
        ],
        "centroid_lon": 32.707217,
        "centroid_lat": 31.27367,
        "estimated_area_km2": 0.6129,
        "status": "candidate_detection",
        "note": "AI-generated suspected oil-spill candidate; not verified."
      }
    },
    {
      "type": "Feature",
      "geometry": {
        "type": "Polygon",
        "coordinates": [
          [
            [
              32.48497795475385,
              31.51331331213446
            ],
            [
              32.52989684988723,
              31.520485217015924
            ],
            [
              32.52026352968868,
              31.563914913803124
            ],
            [
              32.475344634555306,
              31.556743008921664
            ],
            [
              32.48497795475385,
              31.51331331213446
            ]
          ]
        ]
      },
      "properties": {
        "event_id": "ow-0119_0",
        "image_name": "ow-0119.jpg",
        "patch_name": "S1_20190318_154745_154925_VV_11",
        "start_time": "2019-03-18T15:47:45",
        "end_time": "2019-03-18T15:49:25",
        "sentinel_id": "S1B_IW_GRDH_1SDV_20190318T154810_20190318T154835_015411_01CDBD_41F5.SAFE",
        "class_name": "oil",
        "confidence": 0.7718,
        "bbox_pixels": [
          191.22,
          196.82,
          407.58,
          437.98
        ],
        "centroid_lon": 32.502621,
        "centroid_lat": 31.538614,
        "estimated_area_km2": 29.1548,
        "status": "candidate_detection",
        "note": "AI-generated suspected oil-spill candidate; not verified."
      }
    },
    {
      "type": "Feature",
      "geometry": {
        "type": "Polygon",
        "coordinates": [
          [
            [
              32.1226006282882,
              31.573396514889914
            ],
            [
              32.11941064927137,
              31.57389191286418
            ],
            [
              32.11854896688954,
              31.569899104653185
            ],
            [
              32.12173894590636,
              31.569403706678923
            ],
            [
              32.1226006282882,
              31.573396514889914
            ]
          ]
        ]
      },
      "properties": {
        "event_id": "ow-0127_0",
        "image_name": "ow-0127.jpg",
        "patch_name": "S1_20190319_035039_035218_VV_5",
        "start_time": "2019-03-19T03:50:39",
        "end_time": "2019-03-19T03:52:18",
        "sentinel_id": "S1B_IW_GRDH_1SDV_20190319T035129_20190319T035154_015418_01CDFB_0728.SAFE",
        "class_name": "oil",
        "confidence": 0.6682,
        "bbox_pixels": [
          311.55,
          307.59,
          326.9,
          329.76
        ],
        "centroid_lon": 32.120575,
        "centroid_lat": 31.571648,
        "estimated_area_km2": 0.192,
        "status": "candidate_detection",
        "note": "AI-generated suspected oil-spill candidate; not verified."
      }
    },
    {
      "type": "Feature",
      "geometry": {
        "type": "Polygon",
        "coordinates": [
          [
            [
              35.33163494050088,
              33.97017116962308
            ],
            [
              35.36425657592209,
              33.97485506533005
            ],
            [
              35.35813260460842,
              34.00396606297945
            ],
            [
              35.325510969187214,
              33.999282167272476
            ],
            [
              35.33163494050088,
              33.97017116962308
            ]
          ]
        ]
      },
      "properties": {
        "event_id": "ow-0131_0",
        "image_name": "ow-0131.jpg",
        "patch_name": "S1_20190319_154007_154147_VV_3",
        "start_time": "2019-03-19T15:40:07",
        "end_time": "2019-03-19T15:41:47",
        "sentinel_id": "S1A_IW_GRDH_1SDV_20190319T154122_20190319T154147_026409_02F495_4D5C.SAFE;S1A_IW_GRDH_1SDV_20190319T154057_20190319T154122_026409_02F495_3769.SAFE",
        "class_name": "oil",
        "confidence": 0.8731,
        "bbox_pixels": [
          243.84,
          227.82,
          396.65,
          389.68
        ],
        "centroid_lon": 35.344884,
        "centroid_lat": 33.987069,
        "estimated_area_km2": 13.4543,
        "status": "candidate_detection",
        "note": "AI-generated suspected oil-spill candidate; not verified."
      }
    },
    {
      "type": "Feature",
      "geometry": {
        "type": "Polygon",
        "coordinates": [
          [
            [
              32.74840174197789,
              31.502853762926115
            ],
            [
              32.7426940995015,
              31.50367724509075
            ],
            [
              32.74092796598965,
              31.49493105226348
            ],
            [
              32.746635608466036,
              31.494107570098855
            ],
            [
              32.74840174197789,
              31.502853762926115
            ]
          ]
        ]
      },
      "properties": {
        "event_id": "ow-0133_0",
        "image_name": "ow-0133.jpg",
        "patch_name": "S1_20190320_034257_034437_VV_6",
        "start_time": "2019-03-20T03:42:57",
        "end_time": "2019-03-20T03:44:37",
        "sentinel_id": "S1A_IW_GRDH_1SDV_20190320T034412_20190320T034437_026416_02F4D4_1A96.SAFE",
        "class_name": "oil",
        "confidence": 0.8075,
        "bbox_pixels": [
          306.4,
          295.48,
          333.94,
          344.08
        ],
        "centroid_lon": 32.744665,
        "centroid_lat": 31.498892,
        "estimated_area_km2": 0.7557,
        "status": "candidate_detection",
        "note": "AI-generated suspected oil-spill candidate; not verified."
      }
    },
    {
      "type": "Feature",
      "geometry": {
        "type": "Polygon",
        "coordinates": [
          [
            [
              30.20105549164286,
              33.27993660605123
            ],
            [
              30.249742890000714,
              33.2874924045004
            ],
            [
              30.24598540018639,
              33.30430724165343
            ],
            [
              30.19729800182854,
              33.296751443204265
            ],
            [
              30.20105549164286,
              33.27993660605123
            ]
          ]
        ]
      },
      "properties": {
        "event_id": "ow-0140_0",
        "image_name": "ow-0140.jpg",
        "patch_name": "S1_20190323_155640_155734_VV_3",
        "start_time": "2019-03-23T15:56:40",
        "end_time": "2019-03-23T15:57:34",
        "sentinel_id": "S1B_IW_GRDH_1SDV_20190323T155640_20190323T155709_015484_01D01A_DA9D.SAFE",
        "class_name": "oil",
        "confidence": 0.8022,
        "bbox_pixels": [
          232.99,
          309.52,
          463.4,
          402.8
        ],
        "centroid_lon": 30.22352,
        "centroid_lat": 33.292122,
        "estimated_area_km2": 13.2392,
        "status": "candidate_detection",
        "note": "AI-generated suspected oil-spill candidate; not verified."
      }
    },
    {
      "type": "Feature",
      "geometry": {
        "type": "Polygon",
        "coordinates": [
          [
            [
              30.227725469224545,
              33.29475591230658
            ],
            [
              30.247797103867146,
              33.29787082973942
            ],
            [
              30.246338050529634,
              33.30440012069698
            ],
            [
              30.226266415887032,
              33.30128520326414
            ],
            [
              30.227725469224545,
              33.29475591230658
            ]
          ]
        ]
      },
      "properties": {
        "event_id": "ow-0140_1",
        "image_name": "ow-0140.jpg",
        "patch_name": "S1_20190323_155640_155734_VV_3",
        "start_time": "2019-03-23T15:56:40",
        "end_time": "2019-03-23T15:57:34",
        "sentinel_id": "S1B_IW_GRDH_1SDV_20190323T155640_20190323T155709_015484_01D01A_DA9D.SAFE",
        "class_name": "oil",
        "confidence": 0.7568,
        "bbox_pixels": [
          370.12,
          366.78,
          465.11,
          403.0
        ],
        "centroid_lon": 30.237032,
        "centroid_lat": 33.299578,
        "estimated_area_km2": 2.1507,
        "status": "candidate_detection",
        "note": "AI-generated suspected oil-spill candidate; not verified."
      }
    },
    {
      "type": "Feature",
      "geometry": {
        "type": "Polygon",
        "coordinates": [
          [
            [
              30.190293857708152,
              33.26419986575242
            ],
            [
              30.19739178943451,
              33.26530139393711
            ],
            [
              30.19618079790542,
              33.270720603665275
            ],
            [
              30.189082866179067,
              33.269619075480584
            ],
            [
              30.190293857708152,
              33.26419986575242
            ]
          ]
        ]
      },
      "properties": {
        "event_id": "ow-0140_2",
        "image_name": "ow-0140.jpg",
        "patch_name": "S1_20190323_155640_155734_VV_3",
        "start_time": "2019-03-23T15:56:40",
        "end_time": "2019-03-23T15:57:34",
        "sentinel_id": "S1B_IW_GRDH_1SDV_20190323T155640_20190323T155709_015484_01D01A_DA9D.SAFE",
        "class_name": "oil",
        "confidence": 0.685,
        "bbox_pixels": [
          167.68,
          234.09,
          201.27,
          264.16
        ],
        "centroid_lon": 30.193237,
        "centroid_lat": 33.26746,
        "estimated_area_km2": 0.5614,
        "status": "candidate_detection",
        "note": "AI-generated suspected oil-spill candidate; not verified."
      }
    },
    {
      "type": "Feature",
      "geometry": {
        "type": "Polygon",
        "coordinates": [
          [
            [
              30.197540321322222,
              33.272702726064324
            ],
            [
              30.200930594579447,
              33.27322886264757
            ],
            [
              30.200123487747895,
              33.276840680804995
            ],
            [
              30.196733214490663,
              33.27631454422174
            ],
            [
              30.197540321322222,
              33.272702726064324
            ]
          ]
        ]
      },
      "properties": {
        "event_id": "ow-0140_3",
        "image_name": "ow-0140.jpg",
        "patch_name": "S1_20190323_155640_155734_VV_3",
        "start_time": "2019-03-23T15:56:40",
        "end_time": "2019-03-23T15:57:34",
        "sentinel_id": "S1B_IW_GRDH_1SDV_20190323T155640_20190323T155709_015484_01D01A_DA9D.SAFE",
        "class_name": "oil",
        "confidence": 0.6527,
        "bbox_pixels": [
          209.52,
          273.65,
          225.56,
          293.69
        ],
        "centroid_lon": 30.198832,
        "centroid_lat": 33.274772,
        "estimated_area_km2": 0.1799,
        "status": "candidate_detection",
        "note": "AI-generated suspected oil-spill candidate; not verified."
      }
    },
    {
      "type": "Feature",
      "geometry": {
        "type": "Polygon",
        "coordinates": [
          [
            [
              30.638611257078097,
              31.850965182028716
            ],
            [
              30.626798760089926,
              31.852833534878364
            ],
            [
              30.62177219664315,
              31.83004439944643
            ],
            [
              30.633584693631317,
              31.82817604659678
            ],
            [
              30.638611257078097,
              31.850965182028716
            ]
          ]
        ]
      },
      "properties": {
        "event_id": "ow-0164_0",
        "image_name": "ow-0164.jpg",
        "patch_name": "S1_20190405_035850_040029_VV_2",
        "start_time": "2019-04-05T03:58:50",
        "end_time": "2019-04-05T04:00:29",
        "sentinel_id": "S1B_IW_GRDH_1SDV_20190405T035940_20190405T040005_015666_01D628_676F.SAFE",
        "class_name": "oil",
        "confidence": 0.8367,
        "bbox_pixels": [
          303.24,
          225.69,
          360.02,
          352.23
        ],
        "centroid_lon": 30.630192,
        "centroid_lat": 31.840505,
        "estimated_area_km2": 4.3711,
        "status": "candidate_detection",
        "note": "AI-generated suspected oil-spill candidate; not verified."
      }
    },
    {
      "type": "Feature",
      "geometry": {
        "type": "Polygon",
        "coordinates": [
          [
            [
              31.0385121889482,
              31.73726451801538
            ],
            [
              31.032905884074257,
              31.738176363300454
            ],
            [
              31.029924051004514,
              31.725002035546193
            ],
            [
              31.035530355878453,
              31.72409019026112
            ],
            [
              31.0385121889482,
              31.73726451801538
            ]
          ]
        ]
      },
      "properties": {
        "event_id": "ow-0165_0",
        "image_name": "ow-0165.jpg",
        "patch_name": "S1_20190405_035850_040029_VV_3",
        "start_time": "2019-04-05T03:58:50",
        "end_time": "2019-04-05T04:00:29",
        "sentinel_id": "S1B_IW_GRDH_1SDV_20190405T035940_20190405T040005_015666_01D628_676F.SAFE",
        "class_name": "oil",
        "confidence": 0.8187,
        "bbox_pixels": [
          363.24,
          231.14,
          390.24,
          304.28
        ],
        "centroid_lon": 31.034218,
        "centroid_lat": 31.731133,
        "estimated_area_km2": 1.275,
        "status": "candidate_detection",
        "note": "AI-generated suspected oil-spill candidate; not verified."
      }
    },
    {
      "type": "Feature",
      "geometry": {
        "type": "Polygon",
        "coordinates": [
          [
            [
              31.024645099799294,
              31.72322403672012
            ],
            [
              31.02130434233311,
              31.72376739888336
            ],
            [
              31.02058892317119,
              31.720606535649125
            ],
            [
              31.023929680637377,
              31.720063173485883
            ],
            [
              31.024645099799294,
              31.72322403672012
            ]
          ]
        ]
      },
      "properties": {
        "event_id": "ow-0165_1",
        "image_name": "ow-0165.jpg",
        "patch_name": "S1_20190405_035850_040029_VV_3",
        "start_time": "2019-04-05T03:58:50",
        "end_time": "2019-04-05T04:00:29",
        "sentinel_id": "S1B_IW_GRDH_1SDV_20190405T035940_20190405T040005_015666_01D628_676F.SAFE",
        "class_name": "oil",
        "confidence": 0.6288,
        "bbox_pixels": [
          412.88,
          318.39,
          428.97,
          335.94
        ],
        "centroid_lon": 31.022617,
        "centroid_lat": 31.721915,
        "estimated_area_km2": 0.1584,
        "status": "candidate_detection",
        "note": "AI-generated suspected oil-spill candidate; not verified."
      }
    },
    {
      "type": "Feature",
      "geometry": {
        "type": "Polygon",
        "coordinates": [
          [
            [
              31.08951975346133,
              31.708835085921322
            ],
            [
              31.08747721051865,
              31.70916729817052
            ],
            [
              31.08570021584081,
              31.7013161845247
            ],
            [
              31.08774275878349,
              31.7009839722755
            ],
            [
              31.08951975346133,
              31.708835085921322
            ]
          ]
        ]
      },
      "properties": {
        "event_id": "ow-0165_2",
        "image_name": "ow-0165.jpg",
        "patch_name": "S1_20190405_035850_040029_VV_3",
        "start_time": "2019-04-05T03:58:50",
        "end_time": "2019-04-05T04:00:29",
        "sentinel_id": "S1B_IW_GRDH_1SDV_20190405T035940_20190405T040005_015666_01D628_676F.SAFE",
        "class_name": "oil",
        "confidence": 0.608,
        "bbox_pixels": [
          96.45,
          338.94,
          106.29,
          382.52
        ],
        "centroid_lon": 31.08761,
        "centroid_lat": 31.705076,
        "estimated_area_km2": 0.3295,
        "status": "candidate_detection",
        "note": "AI-generated suspected oil-spill candidate; not verified."
      }
    },
    {
      "type": "Feature",
      "geometry": {
        "type": "Polygon",
        "coordinates": [
          [
            [
              30.10138058318516,
              31.59171957300819
            ],
            [
              30.090600153817817,
              31.593390612331824
            ],
            [
              30.08915012173655,
              31.586611387135363
            ],
            [
              30.099930551103895,
              31.584940347811724
            ],
            [
              30.10138058318516,
              31.59171957300819
            ]
          ]
        ]
      },
      "properties": {
        "event_id": "ow-0167_0",
        "image_name": "ow-0167.jpg",
        "patch_name": "S1_20190405_035850_040029_VV_9",
        "start_time": "2019-04-05T03:58:50",
        "end_time": "2019-04-05T04:00:29",
        "sentinel_id": "S1B_IW_GRDH_1SDV_20190405T035940_20190405T040005_015666_01D628_676F.SAFE",
        "class_name": "oil",
        "confidence": 0.7777,
        "bbox_pixels": [
          7.56,
          268.25,
          59.62,
          305.9
        ],
        "centroid_lon": 30.095265,
        "centroid_lat": 31.589165,
        "estimated_area_km2": 1.091,
        "status": "candidate_detection",
        "note": "AI-generated suspected oil-spill candidate; not verified."
      }
    },
    {
      "type": "Feature",
      "geometry": {
        "type": "Polygon",
        "coordinates": [
          [
            [
              30.07599635301578,
              31.53395045995469
            ],
            [
              30.07251496766879,
              31.534490098184047
            ],
            [
              30.07196676501153,
              31.531927127809208
            ],
            [
              30.07544815035852,
              31.531387489579846
            ],
            [
              30.07599635301578,
              31.53395045995469
            ]
          ]
        ]
      },
      "properties": {
        "event_id": "ow-0167_1",
        "image_name": "ow-0167.jpg",
        "patch_name": "S1_20190405_035850_040029_VV_9",
        "start_time": "2019-04-05T03:58:50",
        "end_time": "2019-04-05T04:00:29",
        "sentinel_id": "S1B_IW_GRDH_1SDV_20190405T035940_20190405T040005_015666_01D628_676F.SAFE",
        "class_name": "oil",
        "confidence": 0.5604,
        "bbox_pixels": [
          68.46,
          599.9,
          85.27,
          614.13
        ],
        "centroid_lon": 30.073982,
        "centroid_lat": 31.532939,
        "estimated_area_km2": 0.1321,
        "status": "candidate_detection",
        "note": "AI-generated suspected oil-spill candidate; not verified."
      }
    },
    {
      "type": "Feature",
      "geometry": {
        "type": "Polygon",
        "coordinates": [
          [
            [
              33.60456479377258,
              31.345639693076734
            ],
            [
              33.60906358314134,
              31.346319862813925
            ],
            [
              33.60757980144618,
              31.35341337090695
            ],
            [
              33.603081012077425,
              31.352733201169755
            ],
            [
              33.60456479377258,
              31.345639693076734
            ]
          ]
        ]
      },
      "properties": {
        "event_id": "ow-0168_0",
        "image_name": "ow-0168.jpg",
        "patch_name": "S1_20190405_154836_155016_VV_2",
        "start_time": "2019-04-05T15:48:36",
        "end_time": "2019-04-05T15:50:16",
        "sentinel_id": "S1A_IW_GRDH_1SDV_20190405T154836_20190405T154901_026657_02FDC3_95CA.SAFE",
        "class_name": "oil",
        "confidence": 0.7258,
        "bbox_pixels": [
          310.35,
          302.2,
          332.09,
          341.62
        ],
        "centroid_lon": 33.606072,
        "centroid_lat": 31.349527,
        "estimated_area_km2": 0.4922,
        "status": "candidate_detection",
        "note": "AI-generated suspected oil-spill candidate; not verified."
      }
    },
    {
      "type": "Feature",
      "geometry": {
        "type": "Polygon",
        "coordinates": [
          [
            [
              33.18731673503231,
              32.861462950045805
            ],
            [
              33.190026235043895,
              32.86186422398818
            ],
            [
              33.188994169572496,
              32.8667322819225
            ],
            [
              33.18628466956091,
              32.866331007980136
            ],
            [
              33.18731673503231,
              32.861462950045805
            ]
          ]
        ]
      },
      "properties": {
        "event_id": "ow-0172_0",
        "image_name": "ow-0172.jpg",
        "patch_name": "S1_20190405_154836_155016_VV_18",
        "start_time": "2019-04-05T15:48:36",
        "end_time": "2019-04-05T15:50:16",
        "sentinel_id": "S1A_IW_GRDH_1SDV_20190405T154901_20190405T154926_026657_02FDC3_00D2.SAFE",
        "class_name": "oil",
        "confidence": 0.6307,
        "bbox_pixels": [
          313.58,
          307.98,
          326.42,
          335.04
        ],
        "centroid_lon": 33.188155,
        "centroid_lat": 32.864098,
        "estimated_area_km2": 0.2052,
        "status": "candidate_detection",
        "note": "AI-generated suspected oil-spill candidate; not verified."
      }
    },
    {
      "type": "Feature",
      "geometry": {
        "type": "Polygon",
        "coordinates": [
          [
            [
              33.945347038999024,
              34.308433464742386
            ],
            [
              33.951409898649906,
              34.30926389137054
            ],
            [
              33.949613763644535,
              34.318127212012726
            ],
            [
              33.943550903993646,
              34.31729678538458
            ],
            [
              33.945347038999024,
              34.308433464742386
            ]
          ]
        ]
      },
      "properties": {
        "event_id": "ow-0174_0",
        "image_name": "ow-0174.jpg",
        "patch_name": "S1_20190405_154836_155016_VV_20",
        "start_time": "2019-04-05T15:48:36",
        "end_time": "2019-04-05T15:50:16",
        "sentinel_id": "S1A_IW_GRDH_1SDV_20190405T154926_20190405T154951_026657_02FDC3_6F15.SAFE",
        "class_name": "oil",
        "confidence": 0.7706,
        "bbox_pixels": [
          575.52,
          482.19,
          603.79,
          531.5
        ],
        "centroid_lon": 33.94748,
        "centroid_lat": 34.31328,
        "estimated_area_km2": 0.7798,
        "status": "candidate_detection",
        "note": "AI-generated suspected oil-spill candidate; not verified."
      }
    },
    {
      "type": "Feature",
      "geometry": {
        "type": "Polygon",
        "coordinates": [
          [
            [
              32.95453995340871,
              32.669977716270814
            ],
            [
              32.94831354125091,
              32.6709616249303
            ],
            [
              32.9473440638325,
              32.66661893898614
            ],
            [
              32.95357047599031,
              32.665635030326655
            ],
            [
              32.95453995340871,
              32.669977716270814
            ]
          ]
        ]
      },
      "properties": {
        "event_id": "ow-0178_0",
        "image_name": "ow-0178.jpg",
        "patch_name": "S1_20190406_035117_035258_VV_5",
        "start_time": "2019-04-06T03:51:17",
        "end_time": "2019-04-06T03:52:58",
        "sentinel_id": "S1A_IW_GRDH_1SDV_20190406T035207_20190406T035232_026664_02FE02_3AA5.SAFE",
        "class_name": "oil",
        "confidence": 0.8564,
        "bbox_pixels": [
          316.13,
          313.02,
          345.87,
          337.12
        ],
        "centroid_lon": 32.950942,
        "centroid_lat": 32.668298,
        "estimated_area_km2": 0.3998,
        "status": "candidate_detection",
        "note": "AI-generated suspected oil-spill candidate; not verified."
      }
    },
    {
      "type": "Feature",
      "geometry": {
        "type": "Polygon",
        "coordinates": [
          [
            [
              32.9612070996371,
              32.670609006545014
            ],
            [
              32.952648975475334,
              32.67196137645858
            ],
            [
              32.95183880775934,
              32.66833230384083
            ],
            [
              32.9603969319211,
              32.66697993392725
            ],
            [
              32.9612070996371,
              32.670609006545014
            ]
          ]
        ]
      },
      "properties": {
        "event_id": "ow-0178_1",
        "image_name": "ow-0178.jpg",
        "patch_name": "S1_20190406_035117_035258_VV_5",
        "start_time": "2019-04-06T03:51:17",
        "end_time": "2019-04-06T03:52:58",
        "sentinel_id": "S1A_IW_GRDH_1SDV_20190406T035207_20190406T035232_026664_02FE02_3AA5.SAFE",
        "class_name": "oil",
        "confidence": 0.7779,
        "bbox_pixels": [
          286.01,
          303.99,
          326.9,
          324.13
        ],
        "centroid_lon": 32.956523,
        "centroid_lat": 32.669471,
        "estimated_area_km2": 0.4868,
        "status": "candidate_detection",
        "note": "AI-generated suspected oil-spill candidate; not verified."
      }
    },
    {
      "type": "Feature",
      "geometry": {
        "type": "Polygon",
        "coordinates": [
          [
            [
              32.74694371960317,
              31.398966522568873
            ],
            [
              32.750112646251544,
              31.399469493457076
            ],
            [
              32.74930448670435,
              31.40316620182635
            ],
            [
              32.746135560055976,
              31.402663230938156
            ],
            [
              32.74694371960317,
              31.398966522568873
            ]
          ]
        ]
      },
      "properties": {
        "event_id": "ow-0189_0",
        "image_name": "ow-0189.jpg",
        "patch_name": "S1_20190411_154746_154926_VV_1",
        "start_time": "2019-04-11T15:47:46",
        "end_time": "2019-04-11T15:49:26",
        "sentinel_id": "S1B_IW_GRDH_1SDV_20190411T154811_20190411T154836_015761_01D947_1908.SAFE",
        "class_name": "oil",
        "confidence": 0.6499,
        "bbox_pixels": [
          494.38,
          138.22,
          509.73,
          158.74
        ],
        "centroid_lon": 32.748124,
        "centroid_lat": 31.401066,
        "estimated_area_km2": 0.1767,
        "status": "candidate_detection",
        "note": "AI-generated suspected oil-spill candidate; not verified."
      }
    },
    {
      "type": "Feature",
      "geometry": {
        "type": "Polygon",
        "coordinates": [
          [
            [
              32.659227157891976,
              31.447619831595887
            ],
            [
              32.66155256809131,
              31.447988919859256
            ],
            [
              32.66060081126245,
              31.452342475350854
            ],
            [
              32.65827540106311,
              31.45197338708748
            ],
            [
              32.659227157891976,
              31.447619831595887
            ]
          ]
        ]
      },
      "properties": {
        "event_id": "ow-0189_1",
        "image_name": "ow-0189.jpg",
        "patch_name": "S1_20190411_154746_154926_VV_1",
        "start_time": "2019-04-11T15:47:46",
        "end_time": "2019-04-11T15:49:26",
        "sentinel_id": "S1B_IW_GRDH_1SDV_20190411T154811_20190411T154836_015761_01D947_1908.SAFE",
        "class_name": "oil",
        "confidence": 0.5983,
        "bbox_pixels": [
          133.56,
          474.06,
          144.82,
          498.24
        ],
        "centroid_lon": 32.659914,
        "centroid_lat": 31.449981,
        "estimated_area_km2": 0.1636,
        "status": "candidate_detection",
        "note": "AI-generated suspected oil-spill candidate; not verified."
      }
    },
    {
      "type": "Feature",
      "geometry": {
        "type": "Polygon",
        "coordinates": [
          [
            [
              32.02673979308703,
              33.460921435332736
            ],
            [
              32.0442450161719,
              33.46363047344681
            ],
            [
              32.04045369059588,
              33.48053466043848
            ],
            [
              32.02294846751101,
              33.4778256223244
            ],
            [
              32.02673979308703,
              33.460921435332736
            ]
          ]
        ]
      },
      "properties": {
        "event_id": "ow-0195_0",
        "image_name": "ow-0195.jpg",
        "patch_name": "S1_20190411_154746_154926_VV_8",
        "start_time": "2019-04-11T15:47:46",
        "end_time": "2019-04-11T15:49:26",
        "sentinel_id": "S1B_IW_GRDH_1SDV_20190411T154836_20190411T154901_015761_01D947_D398.SAFE",
        "class_name": "oil",
        "confidence": 0.9022,
        "bbox_pixels": [
          186.87,
          160.15,
          269.45,
          254.07
        ],
        "centroid_lon": 32.033597,
        "centroid_lat": 33.470728,
        "estimated_area_km2": 4.3178,
        "status": "candidate_detection",
        "note": "AI-generated suspected oil-spill candidate; not verified."
      }
    },
    {
      "type": "Feature",
      "geometry": {
        "type": "Polygon",
        "coordinates": [
          [
            [
              32.083677852063275,
              33.523798522908244
            ],
            [
              32.09842437515,
              33.5260806356753
            ],
            [
              32.09664973216547,
              33.53399314444101
            ],
            [
              32.081903209078746,
              33.531711031673964
            ],
            [
              32.083677852063275,
              33.523798522908244
            ]
          ]
        ]
      },
      "properties": {
        "event_id": "ow-0195_1",
        "image_name": "ow-0195.jpg",
        "patch_name": "S1_20190411_154746_154926_VV_8",
        "start_time": "2019-04-11T15:47:46",
        "end_time": "2019-04-11T15:49:26",
        "sentinel_id": "S1B_IW_GRDH_1SDV_20190411T154836_20190411T154901_015761_01D947_D398.SAFE",
        "class_name": "oil",
        "confidence": 0.8351,
        "bbox_pixels": [
          510.77,
          450.47,
          580.34,
          494.43
        ],
        "centroid_lon": 32.090164,
        "centroid_lat": 33.528896,
        "estimated_area_km2": 1.7399,
        "status": "candidate_detection",
        "note": "AI-generated suspected oil-spill candidate; not verified."
      }
    },
    {
      "type": "Feature",
      "geometry": {
        "type": "Polygon",
        "coordinates": [
          [
            [
              31.99107924185961,
              33.44364546439244
            ],
            [
              32.02078840558565,
              33.44824313541217
            ],
            [
              32.01829614508613,
              33.459355248226295
            ],
            [
              31.98858698136009,
              33.454757577206564
            ],
            [
              31.99107924185961,
              33.44364546439244
            ]
          ]
        ]
      },
      "properties": {
        "event_id": "ow-0195_2",
        "image_name": "ow-0195.jpg",
        "patch_name": "S1_20190411_154746_154926_VV_8",
        "start_time": "2019-04-11T15:47:46",
        "end_time": "2019-04-11T15:49:26",
        "sentinel_id": "S1B_IW_GRDH_1SDV_20190411T154836_20190411T154901_015761_01D947_D398.SAFE",
        "class_name": "oil",
        "confidence": 0.8157,
        "bbox_pixels": [
          6.61,
          97.02,
          146.77,
          158.76
        ],
        "centroid_lon": 32.004688,
        "centroid_lat": 33.4515,
        "estimated_area_km2": 5.2305,
        "status": "candidate_detection",
        "note": "AI-generated suspected oil-spill candidate; not verified."
      }
    },
    {
      "type": "Feature",
      "geometry": {
        "type": "Polygon",
        "coordinates": [
          [
            [
              32.09426436704426,
              33.535420827176
            ],
            [
              32.10776522677329,
              33.53751016607796
            ],
            [
              32.10604748254493,
              33.545168983306326
            ],
            [
              32.09254662281591,
              33.54307964440437
            ],
            [
              32.09426436704426,
              33.535420827176
            ]
          ]
        ]
      },
      "properties": {
        "event_id": "ow-0195_3",
        "image_name": "ow-0195.jpg",
        "patch_name": "S1_20190411_154746_154926_VV_8",
        "start_time": "2019-04-11T15:47:46",
        "end_time": "2019-04-11T15:49:26",
        "sentinel_id": "S1B_IW_GRDH_1SDV_20190411T154836_20190411T154901_015761_01D947_D398.SAFE",
        "class_name": "oil",
        "confidence": 0.7422,
        "bbox_pixels": [
          570.93,
          504.08,
          634.62,
          546.63
        ],
        "centroid_lon": 32.100156,
        "centroid_lat": 33.540295,
        "estimated_area_km2": 1.5323,
        "status": "candidate_detection",
        "note": "AI-generated suspected oil-spill candidate; not verified."
      }
    },
    {
      "type": "Feature",
      "geometry": {
        "type": "Polygon",
        "coordinates": [
          [
            [
              32.831748102671654,
              32.220597180297645
            ],
            [
              32.81200611930876,
              32.223438096639214
            ],
            [
              32.77114641471052,
              32.02198443473251
            ],
            [
              32.79088839807341,
              32.01914351839094
            ],
            [
              32.831748102671654,
              32.220597180297645
            ]
          ]
        ]
      },
      "properties": {
        "event_id": "ow-0218_0",
        "image_name": "ow-0218.jpg",
        "patch_name": "S1_20190425_034258_034438_VV_0",
        "start_time": "2019-04-25T03:42:58",
        "end_time": "2019-04-25T03:44:38",
        "sentinel_id": "S1A_IW_GRDH_1SDV_20190425T034413_20190425T034438_026941_030806_CB88.SAFE;S1A_IW_GRDH_1SDV_20190425T034348_20190425T034413_026941_030806_FC8B.SAFE",
        "class_name": "oil",
        "confidence": 0.7442,
        "bbox_pixels": [
          1303.75,
          26.12,
          1398.38,
          1145.33
        ],
        "centroid_lon": 32.801447,
        "centroid_lat": 32.121291,
        "estimated_area_km2": 129.9369,
        "status": "candidate_detection",
        "note": "AI-generated suspected oil-spill candidate; not verified."
      }
    },
    {
      "type": "Feature",
      "geometry": {
        "type": "Polygon",
        "coordinates": [
          [
            [
              30.725480329230567,
              34.51700028251366
            ],
            [
              30.757071614916057,
              34.52160940750063
            ],
            [
              30.754064781918775,
              34.53553777906744
            ],
            [
              30.72247349623329,
              34.530928654080476
            ],
            [
              30.725480329230567,
              34.51700028251366
            ]
          ]
        ]
      },
      "properties": {
        "event_id": "ow-0226_0",
        "image_name": "ow-0226.jpg",
        "patch_name": "S1_20190428_155642_155736_VV_0",
        "start_time": "2019-04-28T15:56:42",
        "end_time": "2019-04-28T15:57:36",
        "sentinel_id": "S1B_IW_GRDH_1SDV_20190428T155711_20190428T155736_016009_01E183_B373.SAFE",
        "class_name": "oil",
        "confidence": 0.7575,
        "bbox_pixels": [
          208.12,
          298.23,
          355.49,
          375.55
        ],
        "centroid_lon": 30.739773,
        "centroid_lat": 34.526269,
        "estimated_area_km2": 6.548,
        "status": "candidate_detection",
        "note": "AI-generated suspected oil-spill candidate; not verified."
      }
    },
    {
      "type": "Feature",
      "geometry": {
        "type": "Polygon",
        "coordinates": [
          [
            [
              30.50700075169229,
              34.583482811735145
            ],
            [
              30.504469604364182,
              34.58385840235886
            ],
            [
              30.503601720523996,
              34.579902652515656
            ],
            [
              30.506132867852102,
              34.57952706189195
            ],
            [
              30.50700075169229,
              34.583482811735145
            ]
          ]
        ]
      },
      "properties": {
        "event_id": "ow-0227_0",
        "image_name": "ow-0227.jpg",
        "patch_name": "S1_20190429_035851_040030_VV_0",
        "start_time": "2019-04-29T03:58:51",
        "end_time": "2019-04-29T04:00:30",
        "sentinel_id": "S1B_IW_GRDH_1SDV_20190429T035851_20190429T035916_016016_01E1C8_1C16.SAFE",
        "class_name": "oil",
        "confidence": 0.6496,
        "bbox_pixels": [
          416.97,
          321.83,
          428.79,
          343.82
        ],
        "centroid_lon": 30.505301,
        "centroid_lat": 34.581693,
        "estimated_area_km2": 0.1502,
        "status": "candidate_detection",
        "note": "AI-generated suspected oil-spill candidate; not verified."
      }
    },
    {
      "type": "Feature",
      "geometry": {
        "type": "Polygon",
        "coordinates": [
          [
            [
              30.52455064015112,
              34.578510454750926
            ],
            [
              30.521780355033712,
              34.578921530433306
            ],
            [
              30.52120662520141,
              34.576306512629
            ],
            [
              30.52397691031882,
              34.575895436946624
            ],
            [
              30.52455064015112,
              34.578510454750926
            ]
          ]
        ]
      },
      "properties": {
        "event_id": "ow-0227_1",
        "image_name": "ow-0227.jpg",
        "patch_name": "S1_20190429_035851_040030_VV_0",
        "start_time": "2019-04-29T03:58:51",
        "end_time": "2019-04-29T04:00:30",
        "sentinel_id": "S1B_IW_GRDH_1SDV_20190429T035851_20190429T035916_016016_01E1C8_1C16.SAFE",
        "class_name": "oil",
        "confidence": 0.5995,
        "bbox_pixels": [
          332.7,
          334.58,
          345.63,
          349.11
        ],
        "centroid_lon": 30.522879,
        "centroid_lat": 34.577408,
        "estimated_area_km2": 0.1032,
        "status": "candidate_detection",
        "note": "AI-generated suspected oil-spill candidate; not verified."
      }
    },
    {
      "type": "Feature",
      "geometry": {
        "type": "Polygon",
        "coordinates": [
          [
            [
              30.53951118484165,
              34.5830956287875
            ],
            [
              30.53747718654206,
              34.58339744870982
            ],
            [
              30.537014988247005,
              34.58129078333764
            ],
            [
              30.539048986546593,
              34.58098896341532
            ],
            [
              30.53951118484165,
              34.5830956287875
            ]
          ]
        ]
      },
      "properties": {
        "event_id": "ow-0227_2",
        "image_name": "ow-0227.jpg",
        "patch_name": "S1_20190429_035851_040030_VV_0",
        "start_time": "2019-04-29T03:58:51",
        "end_time": "2019-04-29T04:00:30",
        "sentinel_id": "S1B_IW_GRDH_1SDV_20190429T035851_20190429T035916_016016_01E1C8_1C16.SAFE",
        "class_name": "oil",
        "confidence": 0.5682,
        "bbox_pixels": [
          269.61,
          297.95,
          279.1,
          309.66
        ],
        "centroid_lon": 30.538263,
        "centroid_lat": 34.582193,
        "estimated_area_km2": 0.0613,
        "status": "candidate_detection",
        "note": "AI-generated suspected oil-spill candidate; not verified."
      }
    },
    {
      "type": "Feature",
      "geometry": {
        "type": "Polygon",
        "coordinates": [
          [
            [
              30.556511381450072,
              34.58715180068877
            ],
            [
              30.548770302279735,
              34.58830048007282
            ],
            [
              30.546594671045238,
              34.578384115098366
            ],
            [
              30.55433575021558,
              34.57723543571432
            ],
            [
              30.556511381450072,
              34.58715180068877
            ]
          ]
        ]
      },
      "properties": {
        "event_id": "ow-0227_3",
        "image_name": "ow-0227.jpg",
        "patch_name": "S1_20190429_035851_040030_VV_0",
        "start_time": "2019-04-29T03:58:51",
        "end_time": "2019-04-29T04:00:30",
        "sentinel_id": "S1B_IW_GRDH_1SDV_20190429T035851_20190429T035916_016016_01E1C8_1C16.SAFE",
        "class_name": "oil",
        "confidence": 0.5581,
        "bbox_pixels": [
          196.77,
          262.54,
          232.91,
          317.65
        ],
        "centroid_lon": 30.551553,
        "centroid_lat": 34.582768,
        "estimated_area_km2": 1.1195,
        "status": "candidate_detection",
        "note": "AI-generated suspected oil-spill candidate; not verified."
      }
    },
    {
      "type": "Feature",
      "geometry": {
        "type": "Polygon",
        "coordinates": [
          [
            [
              33.97951865538135,
              33.367838147391595
            ],
            [
              33.99375703812812,
              33.36984624757219
            ],
            [
              33.99237531605935,
              33.376667132277205
            ],
            [
              33.978136933312584,
              33.3746590320966
            ],
            [
              33.97951865538135,
              33.367838147391595
            ]
          ]
        ]
      },
      "properties": {
        "event_id": "ow-0237_0",
        "image_name": "ow-0237.jpg",
        "patch_name": "S1_20190429_154837_155017_VV_9",
        "start_time": "2019-04-29T15:48:37",
        "end_time": "2019-04-29T15:50:17",
        "sentinel_id": "S1A_IW_GRDH_1SDV_20190429T154902_20190429T154927_027007_030A73_CA6D.SAFE",
        "class_name": "oil",
        "confidence": 0.8664,
        "bbox_pixels": [
          287.44,
          300.64,
          354.78,
          338.56
        ],
        "centroid_lon": 33.985947,
        "centroid_lat": 33.372253,
        "estimated_area_km2": 1.4272,
        "status": "candidate_detection",
        "note": "AI-generated suspected oil-spill candidate; not verified."
      }
    },
    {
      "type": "Feature",
      "geometry": {
        "type": "Polygon",
        "coordinates": [
          [
            [
              32.129747498134826,
              31.627142089934466
            ],
            [
              32.09937736928931,
              31.63185851603908
            ],
            [
              32.09516265205879,
              31.61232747607736
            ],
            [
              32.12553278090431,
              31.607611049972746
            ],
            [
              32.129747498134826,
              31.627142089934466
            ]
          ]
        ]
      },
      "properties": {
        "event_id": "ow-0255_0",
        "image_name": "ow-0255.jpg",
        "patch_name": "S1_20190506_035041_035220_VV_3",
        "start_time": "2019-05-06T03:50:41",
        "end_time": "2019-05-06T03:52:20",
        "sentinel_id": "S1B_IW_GRDH_1SDV_20190506T035131_20190506T035156_016118_01E530_855F.SAFE",
        "class_name": "oil",
        "confidence": 0.4781,
        "bbox_pixels": [
          221.44,
          281.13,
          367.57,
          389.59
        ],
        "centroid_lon": 32.112455,
        "centroid_lat": 31.619735,
        "estimated_area_km2": 8.8493,
        "status": "candidate_detection",
        "note": "AI-generated suspected oil-spill candidate; not verified."
      }
    },
    {
      "type": "Feature",
      "geometry": {
        "type": "Polygon",
        "coordinates": [
          [
            [
              34.292671085654035,
              31.70079947377559
            ],
            [
              34.303894475380716,
              31.70241641554123
            ],
            [
              34.30048164596941,
              31.71937519406562
            ],
            [
              34.28925825624273,
              31.717758252299987
            ],
            [
              34.292671085654035,
              31.70079947377559
            ]
          ]
        ]
      },
      "properties": {
        "event_id": "ow-0264_0",
        "image_name": "ow-0264.jpg",
        "patch_name": "S1_20190511_154837_155017_VV_0",
        "start_time": "2019-05-11T15:48:37",
        "end_time": "2019-05-11T15:50:17",
        "sentinel_id": "S1A_IW_GRDH_1SDV_20190511T154837_20190511T154902_027182_031070_1CA1.SAFE",
        "class_name": "oil",
        "confidence": 0.8845,
        "bbox_pixels": [
          295.04,
          273.5,
          348.85,
          367.77
        ],
        "centroid_lon": 34.296576,
        "centroid_lat": 31.710087,
        "estimated_area_km2": 2.8662,
        "status": "candidate_detection",
        "note": "AI-generated suspected oil-spill candidate; not verified."
      }
    },
    {
      "type": "Feature",
      "geometry": {
        "type": "Polygon",
        "coordinates": [
          [
            [
              31.36480560439633,
              31.692442505342406
            ],
            [
              31.333109435208925,
              31.69718123758971
            ],
            [
              31.331524956794986,
              31.689529067201754
            ],
            [
              31.3632211259824,
              31.68479033495445
            ],
            [
              31.36480560439633,
              31.692442505342406
            ]
          ]
        ]
      },
      "properties": {
        "event_id": "ow-0270_0",
        "image_name": "ow-0270.jpg",
        "patch_name": "S1_20190512_035118_035259_VV_4",
        "start_time": "2019-05-12T03:51:18",
        "end_time": "2019-05-12T03:52:59",
        "sentinel_id": "S1A_IW_GRDH_1SDV_20190512T035208_20190512T035233_027189_0310AB_E893.SAFE",
        "class_name": "oil",
        "confidence": 0.8733,
        "bbox_pixels": [
          247.21,
          298.23,
          399.98,
          340.72
        ],
        "centroid_lon": 31.348165,
        "centroid_lat": 31.690986,
        "estimated_area_km2": 4.3483,
        "status": "candidate_detection",
        "note": "AI-generated suspected oil-spill candidate; not verified."
      }
    },
    {
      "type": "Feature",
      "geometry": {
        "type": "Polygon",
        "coordinates": [
          [
            [
              34.45037565510707,
              34.3805526061436
            ],
            [
              34.46314997126192,
              34.38245273001598
            ],
            [
              34.461584960931745,
              34.38960087512979
            ],
            [
              34.44881064477689,
              34.38770075125741
            ],
            [
              34.45037565510707,
              34.3805526061436
            ]
          ]
        ]
      },
      "properties": {
        "event_id": "ow-0272_0",
        "image_name": "ow-0272.jpg",
        "patch_name": "S1_20190512_153943_154058_VV_1",
        "start_time": "2019-05-12T15:39:43",
        "end_time": "2019-05-12T15:40:58",
        "sentinel_id": "S1B_IW_GRDH_1SDV_20190512T154033_20190512T154058_016213_01E833_AEAB.SAFE",
        "class_name": "oil",
        "confidence": 0.6467,
        "bbox_pixels": [
          294.4,
          299.78,
          354.16,
          339.48
        ],
        "centroid_lon": 34.45598,
        "centroid_lat": 34.385077,
        "estimated_area_km2": 1.3269,
        "status": "candidate_detection",
        "note": "AI-generated suspected oil-spill candidate; not verified."
      }
    },
    {
      "type": "Feature",
      "geometry": {
        "type": "Polygon",
        "coordinates": [
          [
            [
              34.44937050043155,
              34.385536034326144
            ],
            [
              34.454917474891744,
              34.38636112260982
            ],
            [
              34.454378691319604,
              34.38882200295312
            ],
            [
              34.44883171685942,
              34.38799691466944
            ],
            [
              34.44937050043155,
              34.385536034326144
            ]
          ]
        ]
      },
      "properties": {
        "event_id": "ow-0272_1",
        "image_name": "ow-0272.jpg",
        "patch_name": "S1_20190512_153943_154058_VV_1",
        "start_time": "2019-05-12T15:39:43",
        "end_time": "2019-05-12T15:40:58",
        "sentinel_id": "S1B_IW_GRDH_1SDV_20190512T154033_20190512T154058_016213_01E833_AEAB.SAFE",
        "class_name": "oil",
        "confidence": 0.5014,
        "bbox_pixels": [
          294.79,
          327.39,
          320.74,
          341.06
        ],
        "centroid_lon": 34.451875,
        "centroid_lat": 34.387179,
        "estimated_area_km2": 0.2045,
        "status": "candidate_detection",
        "note": "AI-generated suspected oil-spill candidate; not verified."
      }
    },
    {
      "type": "Feature",
      "geometry": {
        "type": "Polygon",
        "coordinates": [
          [
            [
              34.172012344918514,
              32.252358035821565
            ],
            [
              34.216814624709066,
              32.259487643085414
            ],
            [
              34.21015477052345,
              32.289322560216846
            ],
            [
              34.165352490732914,
              32.282192952953
            ],
            [
              34.172012344918514,
              32.252358035821565
            ]
          ]
        ]
      },
      "properties": {
        "event_id": "ow-0289_0",
        "image_name": "ow-0289.jpg",
        "patch_name": "S1_20190518_154009_154149_VV_0",
        "start_time": "2019-05-18T15:40:09",
        "end_time": "2019-05-18T15:41:49",
        "sentinel_id": "S1A_IW_GRDH_1SDV_20190518T154059_20190518T154124_027284_03139E_2F70.SAFE;S1A_IW_GRDH_1SDV_20190518T154034_20190518T154059_027284_03139E_215A.SAFE",
        "class_name": "oil",
        "confidence": 0.9548,
        "bbox_pixels": [
          209.92,
          235.38,
          425.16,
          401.05
        ],
        "centroid_lon": 34.191084,
        "centroid_lat": 32.27084,
        "estimated_area_km2": 19.932,
        "status": "candidate_detection",
        "note": "AI-generated suspected oil-spill candidate; not verified."
      }
    },
    {
      "type": "Feature",
      "geometry": {
        "type": "Polygon",
        "coordinates": [
          [
            [
              34.68533328644951,
              33.96300337935411
            ],
            [
              34.717378271285284,
              33.967791455993336
            ],
            [
              34.71383771425002,
              33.984008803453996
            ],
            [
              34.68179272941425,
              33.97922072681477
            ],
            [
              34.68533328644951,
              33.96300337935411
            ]
          ]
        ]
      },
      "properties": {
        "event_id": "ow-0290_0",
        "image_name": "ow-0290.jpg",
        "patch_name": "S1_20190518_154009_154149_VV_2",
        "start_time": "2019-05-18T15:40:09",
        "end_time": "2019-05-18T15:41:49",
        "sentinel_id": "S1A_IW_GRDH_1SDV_20190518T154124_20190518T154149_027284_03139E_D17A.SAFE;S1A_IW_GRDH_1SDV_20190518T154059_20190518T154124_027284_03139E_2F70.SAFE",
        "class_name": "oil",
        "confidence": 0.7439,
        "bbox_pixels": [
          266.44,
          269.61,
          416.9,
          359.72
        ],
        "centroid_lon": 34.699586,
        "centroid_lat": 33.973506,
        "estimated_area_km2": 7.6818,
        "status": "candidate_detection",
        "note": "AI-generated suspected oil-spill candidate; not verified."
      }
    },
    {
      "type": "Feature",
      "geometry": {
        "type": "Polygon",
        "coordinates": [
          [
            [
              30.503890171084997,
              33.18710394202251
            ],
            [
              30.510480305880932,
              33.188114759826554
            ],
            [
              30.5094095720939,
              33.19299392810867
            ],
            [
              30.502819437297966,
              33.19198311030464
            ],
            [
              30.503890171084997,
              33.18710394202251
            ]
          ]
        ]
      },
      "properties": {
        "event_id": "ow-0302_0",
        "image_name": "ow-0302.jpg",
        "patch_name": "S1_20190522_155643_155737_VV_4",
        "start_time": "2019-05-22T15:56:43",
        "end_time": "2019-05-22T15:57:37",
        "sentinel_id": "S1B_IW_GRDH_1SDV_20190522T155643_20190522T155712_016359_01ECA7_4C33.SAFE",
        "class_name": "oil",
        "confidence": 0.8105,
        "bbox_pixels": [
          570.54,
          508.27,
          601.81,
          535.3
        ],
        "centroid_lon": 30.50665,
        "centroid_lat": 33.190049,
        "estimated_area_km2": 0.4679,
        "status": "candidate_detection",
        "note": "AI-generated suspected oil-spill candidate; not verified."
      }
    },
    {
      "type": "Feature",
      "geometry": {
        "type": "Polygon",
        "coordinates": [
          [
            [
              30.50833730345033,
              33.19409887821246
            ],
            [
              30.513769097608026,
              33.19493202569919
            ],
            [
              30.512458445943892,
              33.200904462644786
            ],
            [
              30.507026651786198,
              33.20007131515806
            ],
            [
              30.50833730345033,
              33.19409887821246
            ]
          ]
        ]
      },
      "properties": {
        "event_id": "ow-0302_1",
        "image_name": "ow-0302.jpg",
        "patch_name": "S1_20190522_155643_155737_VV_4",
        "start_time": "2019-05-22T15:56:43",
        "end_time": "2019-05-22T15:57:37",
        "sentinel_id": "S1B_IW_GRDH_1SDV_20190522T155643_20190522T155712_016359_01ECA7_4C33.SAFE",
        "class_name": "oil",
        "confidence": 0.8024,
        "bbox_pixels": [
          598.0,
          542.1,
          623.78,
          575.19
        ],
        "centroid_lon": 30.510398,
        "centroid_lat": 33.197502,
        "estimated_area_km2": 0.4758,
        "status": "candidate_detection",
        "note": "AI-generated suspected oil-spill candidate; not verified."
      }
    },
    {
      "type": "Feature",
      "geometry": {
        "type": "Polygon",
        "coordinates": [
          [
            [
              30.49757047376299,
              33.16289912010163
            ],
            [
              30.510457074458674,
              33.16487571175264
            ],
            [
              30.509017894799115,
              33.17143383089697
            ],
            [
              30.496131294103424,
              33.169457239245965
            ],
            [
              30.49757047376299,
              33.16289912010163
            ]
          ]
        ]
      },
      "properties": {
        "event_id": "ow-0302_2",
        "image_name": "ow-0302.jpg",
        "patch_name": "S1_20190522_155643_155737_VV_4",
        "start_time": "2019-05-22T15:56:43",
        "end_time": "2019-05-22T15:57:37",
        "sentinel_id": "S1B_IW_GRDH_1SDV_20190522T155643_20190522T155712_016359_01ECA7_4C33.SAFE",
        "class_name": "oil",
        "confidence": 0.796,
        "bbox_pixels": [
          517.14,
          383.74,
          578.29,
          420.07
        ],
        "centroid_lon": 30.503294,
        "centroid_lat": 33.167166,
        "estimated_area_km2": 1.2683,
        "status": "candidate_detection",
        "note": "AI-generated suspected oil-spill candidate; not verified."
      }
    },
    {
      "type": "Feature",
      "geometry": {
        "type": "Polygon",
        "coordinates": [
          [
            [
              30.497662224940882,
              33.17115146455835
            ],
            [
              30.500576700947907,
              33.17159849702863
            ],
            [
              30.4999739801915,
              33.17434500230687
            ],
            [
              30.497059504184474,
              33.17389796983659
            ],
            [
              30.497662224940882,
              33.17115146455835
            ]
          ]
        ]
      },
      "properties": {
        "event_id": "ow-0302_3",
        "image_name": "ow-0302.jpg",
        "patch_name": "S1_20190522_155643_155737_VV_4",
        "start_time": "2019-05-22T15:56:43",
        "end_time": "2019-05-22T15:57:37",
        "sentinel_id": "S1B_IW_GRDH_1SDV_20190522T155643_20190522T155712_016359_01ECA7_4C33.SAFE",
        "class_name": "oil",
        "confidence": 0.6594,
        "bbox_pixels": [
          525.88,
          427.89,
          539.71,
          443.1
        ],
        "centroid_lon": 30.498818,
        "centroid_lat": 33.172748,
        "estimated_area_km2": 0.1165,
        "status": "candidate_detection",
        "note": "AI-generated suspected oil-spill candidate; not verified."
      }
    },
    {
      "type": "Feature",
      "geometry": {
        "type": "Polygon",
        "coordinates": [
          [
            [
              30.51398212991792,
              33.182311867480415
            ],
            [
              30.5198732962124,
              33.183215475063776
            ],
            [
              30.518820126060454,
              33.18801460857699
            ],
            [
              30.51292895976597,
              33.18711100099363
            ],
            [
              30.51398212991792,
              33.182311867480415
            ]
          ]
        ]
      },
      "properties": {
        "event_id": "ow-0302_4",
        "image_name": "ow-0302.jpg",
        "patch_name": "S1_20190522_155643_155737_VV_4",
        "start_time": "2019-05-22T15:56:43",
        "end_time": "2019-05-22T15:57:37",
        "sentinel_id": "S1B_IW_GRDH_1SDV_20190522T155643_20190522T155712_016359_01ECA7_4C33.SAFE",
        "class_name": "oil",
        "confidence": 0.6533,
        "bbox_pixels": [
          612.04,
          474.29,
          640.0,
          500.87
        ],
        "centroid_lon": 30.516401,
        "centroid_lat": 33.185163,
        "estimated_area_km2": 0.4107,
        "status": "candidate_detection",
        "note": "AI-generated suspected oil-spill candidate; not verified."
      }
    },
    {
      "type": "Feature",
      "geometry": {
        "type": "Polygon",
        "coordinates": [
          [
            [
              30.442901013976865,
              33.106408786294466
            ],
            [
              30.44595967804203,
              33.10687793483078
            ],
            [
              30.44530054699747,
              33.10988149306844
            ],
            [
              30.442241882932308,
              33.10941234453213
            ],
            [
              30.442901013976865,
              33.106408786294466
            ]
          ]
        ]
      },
      "properties": {
        "event_id": "ow-0302_5",
        "image_name": "ow-0302.jpg",
        "patch_name": "S1_20190522_155643_155737_VV_4",
        "start_time": "2019-05-22T15:56:43",
        "end_time": "2019-05-22T15:57:37",
        "sentinel_id": "S1B_IW_GRDH_1SDV_20190522T155643_20190522T155712_016359_01ECA7_4C33.SAFE",
        "class_name": "oil",
        "confidence": 0.5333,
        "bbox_pixels": [
          209.25,
          125.91,
          223.77,
          142.55
        ],
        "centroid_lon": 30.444101,
        "centroid_lat": 33.108145,
        "estimated_area_km2": 0.134,
        "status": "candidate_detection",
        "note": "AI-generated suspected oil-spill candidate; not verified."
      }
    },
    {
      "type": "Feature",
      "geometry": {
        "type": "Polygon",
        "coordinates": [
          [
            [
              30.50868460357228,
              33.204938554824544
            ],
            [
              30.512099379117444,
              33.205462324978676
            ],
            [
              30.511151295812333,
              33.2097825939822
            ],
            [
              30.50773652026717,
              33.20925882382806
            ],
            [
              30.50868460357228,
              33.204938554824544
            ]
          ]
        ]
      },
      "properties": {
        "event_id": "ow-0302_6",
        "image_name": "ow-0302.jpg",
        "patch_name": "S1_20190522_155643_155737_VV_4",
        "start_time": "2019-05-22T15:56:43",
        "end_time": "2019-05-22T15:57:37",
        "sentinel_id": "S1B_IW_GRDH_1SDV_20190522T155643_20190522T155712_016359_01ECA7_4C33.SAFE",
        "class_name": "oil",
        "confidence": 0.5037,
        "bbox_pixels": [
          610.52,
          599.91,
          626.72,
          623.85
        ],
        "centroid_lon": 30.509918,
        "centroid_lat": 33.207361,
        "estimated_area_km2": 0.2191,
        "status": "candidate_detection",
        "note": "AI-generated suspected oil-spill candidate; not verified."
      }
    },
    {
      "type": "Feature",
      "geometry": {
        "type": "Polygon",
        "coordinates": [
          [
            [
              30.505238380328432,
              33.20983050715954
            ],
            [
              30.51002031372143,
              33.21056397674111
            ],
            [
              30.509583131646085,
              33.212556147849746
            ],
            [
              30.504801198253084,
              33.21182267826816
            ],
            [
              30.505238380328432,
              33.20983050715954
            ]
          ]
        ]
      },
      "properties": {
        "event_id": "ow-0302_7",
        "image_name": "ow-0302.jpg",
        "patch_name": "S1_20190522_155643_155737_VV_4",
        "start_time": "2019-05-22T15:56:43",
        "end_time": "2019-05-22T15:57:37",
        "sentinel_id": "S1B_IW_GRDH_1SDV_20190522T155643_20190522T155712_016359_01ECA7_4C33.SAFE",
        "class_name": "oil",
        "confidence": 0.427,
        "bbox_pixels": [
          599.62,
          628.96,
          622.32,
          640.0
        ],
        "centroid_lon": 30.507411,
        "centroid_lat": 33.211193,
        "estimated_area_km2": 0.1475,
        "status": "candidate_detection",
        "note": "AI-generated suspected oil-spill candidate; not verified."
      }
    },
    {
      "type": "Feature",
      "geometry": {
        "type": "Polygon",
        "coordinates": [
          [
            [
              31.91525752809354,
              32.02219608190269
            ],
            [
              31.900483137166358,
              32.02443308902474
            ],
            [
              31.898896090659676,
              32.016938671483025
            ],
            [
              31.913670481586863,
              32.01470166436097
            ],
            [
              31.91525752809354,
              32.02219608190269
            ]
          ]
        ]
      },
      "properties": {
        "event_id": "ow-0315_0",
        "image_name": "ow-0315.jpg",
        "patch_name": "S1_20190524_035119_035300_VV_5",
        "start_time": "2019-05-24T03:51:19",
        "end_time": "2019-05-24T03:53:00",
        "sentinel_id": "S1A_IW_GRDH_1SDV_20190524T035209_20190524T035234_027364_031625_B50F.SAFE",
        "class_name": "oil",
        "confidence": 0.9271,
        "bbox_pixels": [
          282.7,
          299.36,
          353.53,
          340.97
        ],
        "centroid_lon": 31.907077,
        "centroid_lat": 32.019567,
        "estimated_area_km2": 1.6729,
        "status": "candidate_detection",
        "note": "AI-generated suspected oil-spill candidate; not verified."
      }
    },
    {
      "type": "Feature",
      "geometry": {
        "type": "Polygon",
        "coordinates": [
          [
            [
              31.86715904793519,
              31.97265571977599
            ],
            [
              31.84728761766763,
              31.975664475348587
            ],
            [
              31.845956460795016,
              31.96937843056359
            ],
            [
              31.865827891062576,
              31.966369674990993
            ],
            [
              31.86715904793519,
              31.97265571977599
            ]
          ]
        ]
      },
      "properties": {
        "event_id": "ow-0315_1",
        "image_name": "ow-0315.jpg",
        "patch_name": "S1_20190524_035119_035300_VV_5",
        "start_time": "2019-05-24T03:51:19",
        "end_time": "2019-05-24T03:53:00",
        "sentinel_id": "S1A_IW_GRDH_1SDV_20190524T035209_20190524T035234_027364_031625_B50F.SAFE",
        "class_name": "oil",
        "confidence": 0.4879,
        "bbox_pixels": [
          457.4,
          605.04,
          552.66,
          639.94
        ],
        "centroid_lon": 31.856558,
        "centroid_lat": 31.971017,
        "estimated_area_km2": 2.0717,
        "status": "candidate_detection",
        "note": "AI-generated suspected oil-spill candidate; not verified."
      }
    },
    {
      "type": "Feature",
      "geometry": {
        "type": "Polygon",
        "coordinates": [
          [
            [
              31.04376184808593,
              31.77539058437919
            ],
            [
              31.002157429629744,
              31.781517697687462
            ],
            [
              30.9937245752105,
              31.74021858450468
            ],
            [
              31.03532899366669,
              31.73409147119642
            ],
            [
              31.04376184808593,
              31.77539058437919
            ]
          ]
        ]
      },
      "properties": {
        "event_id": "ow-0318_0",
        "image_name": "ow-0318.jpg",
        "patch_name": "S1_20190524_035119_035300_VV_11",
        "start_time": "2019-05-24T03:51:19",
        "end_time": "2019-05-24T03:53:00",
        "sentinel_id": "S1A_IW_GRDH_1SDV_20190524T035209_20190524T035234_027364_031625_B50F.SAFE",
        "class_name": "oil",
        "confidence": 0.8978,
        "bbox_pixels": [
          228.53,
          310.94,
          428.89,
          540.33
        ],
        "centroid_lon": 31.018743,
        "centroid_lat": 31.757805,
        "estimated_area_km2": 25.0047,
        "status": "candidate_detection",
        "note": "AI-generated suspected oil-spill candidate; not verified."
      }
    },
    {
      "type": "Feature",
      "geometry": {
        "type": "Polygon",
        "coordinates": [
          [
            [
              31.01787351046813,
              31.784850400292086
            ],
            [
              31.01333328888608,
              31.785519042064045
            ],
            [
              31.01225904718991,
              31.78025804416346
            ],
            [
              31.016799268771962,
              31.7795894023915
            ],
            [
              31.01787351046813,
              31.784850400292086
            ]
          ]
        ]
      },
      "properties": {
        "event_id": "ow-0318_1",
        "image_name": "ow-0318.jpg",
        "patch_name": "S1_20190524_035119_035300_VV_11",
        "start_time": "2019-05-24T03:51:19",
        "end_time": "2019-05-24T03:53:00",
        "sentinel_id": "S1A_IW_GRDH_1SDV_20190524T035209_20190524T035234_027364_031625_B50F.SAFE",
        "class_name": "oil",
        "confidence": 0.4913,
        "bbox_pixels": [
          358.6,
          280.49,
          380.46,
          309.71
        ],
        "centroid_lon": 31.015066,
        "centroid_lat": 31.782554,
        "estimated_area_km2": 0.3507,
        "status": "candidate_detection",
        "note": "AI-generated suspected oil-spill candidate; not verified."
      }
    },
    {
      "type": "Feature",
      "geometry": {
        "type": "Polygon",
        "coordinates": [
          [
            [
              35.00826862410857,
              33.5623632157335
            ],
            [
              35.001646601018344,
              33.5633899730753
            ],
            [
              34.99973971806488,
              33.55487200121772
            ],
            [
              35.0063617411551,
              33.55384524387592
            ],
            [
              35.00826862410857,
              33.5623632157335
            ]
          ]
        ]
      },
      "properties": {
        "event_id": "ow-0322_0",
        "image_name": "ow-0322.jpg",
        "patch_name": "S1_20190525_034220_034400_VV_0",
        "start_time": "2019-05-25T03:42:20",
        "end_time": "2019-05-25T03:44:00",
        "sentinel_id": "S1B_IW_GRDH_1SDV_20190525T034245_20190525T034310_016395_01EDD2_086E.SAFE",
        "class_name": "oil",
        "confidence": 0.743,
        "bbox_pixels": [
          305.01,
          293.54,
          336.32,
          340.85
        ],
        "centroid_lon": 35.004004,
        "centroid_lat": 33.558618,
        "estimated_area_km2": 0.8407,
        "status": "candidate_detection",
        "note": "AI-generated suspected oil-spill candidate; not verified."
      }
    },
    {
      "type": "Feature",
      "geometry": {
        "type": "Polygon",
        "coordinates": [
          [
            [
              30.45919256802356,
              31.82160216064719
            ],
            [
              30.462741923108403,
              31.822165886662077
            ],
            [
              30.460512299345943,
              31.8323084155157
            ],
            [
              30.456962944261093,
              31.831744689500812
            ],
            [
              30.45919256802356,
              31.82160216064719
            ]
          ]
        ]
      },
      "properties": {
        "event_id": "ow-0330_0",
        "image_name": "ow-0330.jpg",
        "patch_name": "S1_20190528_155640_155820_VV_2",
        "start_time": "2019-05-28T15:56:40",
        "end_time": "2019-05-28T15:58:20",
        "sentinel_id": "S1A_IW_GRDH_1SDV_20190528T155705_20190528T155730_027430_03182C_0E32.SAFE",
        "class_name": "oil",
        "confidence": 0.7973,
        "bbox_pixels": [
          311.92,
          294.47,
          329.05,
          350.67
        ],
        "centroid_lon": 30.459852,
        "centroid_lat": 31.826955,
        "estimated_area_km2": 0.6514,
        "status": "candidate_detection",
        "note": "AI-generated suspected oil-spill candidate; not verified."
      }
    },
    {
      "type": "Feature",
      "geometry": {
        "type": "Polygon",
        "coordinates": [
          [
            [
              34.27165868080025,
              32.951318973288494
            ],
            [
              34.27787965488505,
              32.95229015216201
            ],
            [
              34.276063442539005,
              32.96044420215779
            ],
            [
              34.26984246845421,
              32.959473023284275
            ],
            [
              34.27165868080025,
              32.951318973288494
            ]
          ]
        ]
      },
      "properties": {
        "event_id": "ow-0353_0",
        "image_name": "ow-0353.jpg",
        "patch_name": "S1_20190530_154010_154150_VV_0",
        "start_time": "2019-05-30T15:40:10",
        "end_time": "2019-05-30T15:41:50",
        "sentinel_id": "S1A_IW_GRDH_1SDV_20190530T154100_20190530T154125_027459_031913_DA3E.SAFE",
        "class_name": "oil",
        "confidence": 0.7436,
        "bbox_pixels": [
          230.48,
          282.95,
          260.05,
          328.23
        ],
        "centroid_lon": 34.273861,
        "centroid_lat": 32.955882,
        "estimated_area_km2": 0.7626,
        "status": "candidate_detection",
        "note": "AI-generated suspected oil-spill candidate; not verified."
      }
    },
    {
      "type": "Feature",
      "geometry": {
        "type": "Polygon",
        "coordinates": [
          [
            [
              34.29799134415187,
              32.95264267817221
            ],
            [
              34.31018881833671,
              32.95454687019697
            ],
            [
              34.30561665480752,
              32.97507401289983
            ],
            [
              34.29341918062268,
              32.97316982087507
            ],
            [
              34.29799134415187,
              32.95264267817221
            ]
          ]
        ]
      },
      "properties": {
        "event_id": "ow-0353_1",
        "image_name": "ow-0353.jpg",
        "patch_name": "S1_20190530_154010_154150_VV_0",
        "start_time": "2019-05-30T15:40:10",
        "end_time": "2019-05-30T15:41:50",
        "sentinel_id": "S1A_IW_GRDH_1SDV_20190530T154100_20190530T154125_027459_031913_DA3E.SAFE",
        "class_name": "oil",
        "confidence": 0.7238,
        "bbox_pixels": [
          352.8,
          267.99,
          410.79,
          381.99
        ],
        "centroid_lon": 34.301804,
        "centroid_lat": 32.963858,
        "estimated_area_km2": 3.9111,
        "status": "candidate_detection",
        "note": "AI-generated suspected oil-spill candidate; not verified."
      }
    },
    {
      "type": "Feature",
      "geometry": {
        "type": "Polygon",
        "coordinates": [
          [
            [
              34.284891186098946,
              32.9586792921439
            ],
            [
              34.28774996720513,
              32.95912558685217
            ],
            [
              34.286867359084205,
              32.96308813603339
            ],
            [
              34.28400857797802,
              32.962641841325116
            ],
            [
              34.284891186098946,
              32.9586792921439
            ]
          ]
        ]
      },
      "properties": {
        "event_id": "ow-0353_2",
        "image_name": "ow-0353.jpg",
        "patch_name": "S1_20190530_154010_154150_VV_0",
        "start_time": "2019-05-30T15:40:10",
        "end_time": "2019-05-30T15:41:50",
        "sentinel_id": "S1A_IW_GRDH_1SDV_20190530T154100_20190530T154125_027459_031913_DA3E.SAFE",
        "class_name": "oil",
        "confidence": 0.6606,
        "bbox_pixels": [
          298.8,
          311.37,
          312.39,
          333.37
        ],
        "centroid_lon": 34.285879,
        "centroid_lat": 32.960884,
        "estimated_area_km2": 0.1715,
        "status": "candidate_detection",
        "note": "AI-generated suspected oil-spill candidate; not verified."
      }
    },
    {
      "type": "Feature",
      "geometry": {
        "type": "Polygon",
        "coordinates": [
          [
            [
              33.16181449852782,
              32.88272555626156
            ],
            [
              33.153044085874846,
              32.88397438253215
            ],
            [
              33.15047280721203,
              32.871453373391475
            ],
            [
              33.159243219865,
              32.87020454712089
            ],
            [
              33.16181449852782,
              32.88272555626156
            ]
          ]
        ]
      },
      "properties": {
        "event_id": "ow-0361_0",
        "image_name": "ow-0361.jpg",
        "patch_name": "S1_20190531_034300_034440_VV_8",
        "start_time": "2019-05-31T03:43:00",
        "end_time": "2019-05-31T03:44:40",
        "sentinel_id": "S1A_IW_GRDH_1SDV_20190531T034350_20190531T034415_027466_031954_419E.SAFE",
        "class_name": "oil",
        "confidence": 0.8277,
        "bbox_pixels": [
          334.31,
          306.29,
          376.07,
          375.88
        ],
        "centroid_lon": 33.156144,
        "centroid_lat": 32.877089,
        "estimated_area_km2": 1.6254,
        "status": "candidate_detection",
        "note": "AI-generated suspected oil-spill candidate; not verified."
      }
    },
    {
      "type": "Feature",
      "geometry": {
        "type": "Polygon",
        "coordinates": [
          [
            [
              33.1755356000198,
              32.886872823648055
            ],
            [
              33.16657817248717,
              32.88814827912116
            ],
            [
              33.16422134501889,
              32.876671554058206
            ],
            [
              33.17317877255151,
              32.87539609858511
            ],
            [
              33.1755356000198,
              32.886872823648055
            ]
          ]
        ]
      },
      "properties": {
        "event_id": "ow-0361_1",
        "image_name": "ow-0361.jpg",
        "patch_name": "S1_20190531_034300_034440_VV_8",
        "start_time": "2019-05-31T03:43:00",
        "end_time": "2019-05-31T03:44:40",
        "sentinel_id": "S1A_IW_GRDH_1SDV_20190531T034350_20190531T034415_027466_031954_419E.SAFE",
        "class_name": "oil",
        "confidence": 0.7994,
        "bbox_pixels": [
          274.78,
          273.35,
          317.43,
          337.14
        ],
        "centroid_lon": 33.169878,
        "centroid_lat": 32.881772,
        "estimated_area_km2": 1.5015,
        "status": "candidate_detection",
        "note": "AI-generated suspected oil-spill candidate; not verified."
      }
    },
    {
      "type": "Feature",
      "geometry": {
        "type": "Polygon",
        "coordinates": [
          [
            [
              30.409879448011296,
              33.678452354088556
            ],
            [
              30.413795043407124,
              33.679047405044855
            ],
            [
              30.412520331252,
              33.68482071493045
            ],
            [
              30.408604735856173,
              33.68422566397415
            ],
            [
              30.409879448011296,
              33.678452354088556
            ]
          ]
        ]
      },
      "properties": {
        "event_id": "ow-0366_0",
        "image_name": "ow-0366.jpg",
        "patch_name": "S1_20190603_155643_155737_VV_0",
        "start_time": "2019-06-03T15:56:43",
        "end_time": "2019-06-03T15:57:37",
        "sentinel_id": "S1B_IW_GRDH_1SDV_20190603T155643_20190603T155712_016534_01F1F5_107F.SAFE",
        "class_name": "oil",
        "confidence": 0.7437,
        "bbox_pixels": [
          310.16,
          305.89,
          328.6,
          337.88
        ],
        "centroid_lon": 30.4112,
        "centroid_lat": 33.681637,
        "estimated_area_km2": 0.3408,
        "status": "candidate_detection",
        "note": "AI-generated suspected oil-spill candidate; not verified."
      }
    },
    {
      "type": "Feature",
      "geometry": {
        "type": "Polygon",
        "coordinates": [
          [
            [
              30.826344665132503,
              34.49232863589829
            ],
            [
              30.83480336972785,
              34.49356073051164
            ],
            [
              30.83295271334344,
              34.50214799375885
            ],
            [
              30.824494008748086,
              34.5009158991455
            ],
            [
              30.826344665132503,
              34.49232863589829
            ]
          ]
        ]
      },
      "properties": {
        "event_id": "ow-0367_0",
        "image_name": "ow-0367.jpg",
        "patch_name": "S1_20190603_155643_155737_VV_1",
        "start_time": "2019-06-03T15:56:43",
        "end_time": "2019-06-03T15:57:37",
        "sentinel_id": "S1B_IW_GRDH_1SDV_20190603T155712_20190603T155737_016534_01F1F5_67D1.SAFE",
        "class_name": "oil",
        "confidence": 0.8535,
        "bbox_pixels": [
          282.68,
          316.21,
          322.13,
          363.81
        ],
        "centroid_lon": 30.829649,
        "centroid_lat": 34.497238,
        "estimated_area_km2": 1.0339,
        "status": "candidate_detection",
        "note": "AI-generated suspected oil-spill candidate; not verified."
      }
    },
    {
      "type": "Feature",
      "geometry": {
        "type": "Polygon",
        "coordinates": [
          [
            [
              32.765739932096864,
              34.490764528856985
            ],
            [
              32.77268652434094,
              34.491781457396016
            ],
            [
              32.77158220041888,
              34.49690304245942
            ],
            [
              32.764635608174814,
              34.49588611392039
            ],
            [
              32.765739932096864,
              34.490764528856985
            ]
          ]
        ]
      },
      "properties": {
        "event_id": "ow-0369_0",
        "image_name": "ow-0369.jpg",
        "patch_name": "S1_20190604_154838_155018_VV_0",
        "start_time": "2019-06-04T15:48:38",
        "end_time": "2019-06-04T15:50:18",
        "sentinel_id": "S1A_IW_GRDH_1SDV_20190604T154928_20190604T154953_027532_031B5A_1FA3.SAFE",
        "class_name": "oil",
        "confidence": 0.7987,
        "bbox_pixels": [
          302.78,
          307.63,
          335.25,
          336.1
        ],
        "centroid_lon": 32.768661,
        "centroid_lat": 34.493834,
        "estimated_area_km2": 0.5048,
        "status": "candidate_detection",
        "note": "AI-generated suspected oil-spill candidate; not verified."
      }
    },
    {
      "type": "Feature",
      "geometry": {
        "type": "Polygon",
        "coordinates": [
          [
            [
              34.55817035707868,
              34.67285863834584
            ],
            [
              34.63812296902787,
              34.68466817017625
            ],
            [
              34.62262055297,
              34.756063726894745
            ],
            [
              34.54266794102082,
              34.7442541950643
            ],
            [
              34.55817035707868,
              34.67285863834584
            ]
          ]
        ]
      },
      "properties": {
        "event_id": "ow-0373_0",
        "image_name": "ow-0373.jpg",
        "patch_name": "S1_20190605_153945_154100_VV_2",
        "start_time": "2019-06-05T15:39:45",
        "end_time": "2019-06-05T15:41:00",
        "sentinel_id": "S1B_IW_GRDH_1SDV_20190605T154035_20190605T154100_016563_01F2E3_849B.SAFE",
        "class_name": "oil",
        "confidence": 0.8181,
        "bbox_pixels": [
          249.79,
          243.27,
          621.8,
          640.0
        ],
        "centroid_lon": 34.590395,
        "centroid_lat": 34.714461,
        "estimated_area_km2": 80.9035,
        "status": "candidate_detection",
        "note": "AI-generated suspected oil-spill candidate; not verified."
      }
    },
    {
      "type": "Feature",
      "geometry": {
        "type": "Polygon",
        "coordinates": [
          [
            [
              30.15458310242082,
              31.612522124624675
            ],
            [
              30.146849678425664,
              31.613733652256883
            ],
            [
              30.144461657626035,
              31.60273180007355
            ],
            [
              30.15219508162119,
              31.60152027244134
            ],
            [
              30.15458310242082,
              31.612522124624675
            ]
          ]
        ]
      },
      "properties": {
        "event_id": "ow-0384_0",
        "image_name": "ow-0384.jpg",
        "patch_name": "S1_20190610_035930_040110_VV_9",
        "start_time": "2019-06-10T03:59:30",
        "end_time": "2019-06-10T04:01:10",
        "sentinel_id": "S1A_IW_GRDH_1SDV_20190610T040045_20190610T040110_027612_031DBE_F456.SAFE;S1A_IW_GRDH_1SDV_20190610T040020_20190610T040045_027612_031DBE_747E.SAFE",
        "class_name": "oil",
        "confidence": 0.8615,
        "bbox_pixels": [
          235.07,
          370.88,
          272.35,
          431.94
        ],
        "centroid_lon": 30.149522,
        "centroid_lat": 31.607627,
        "estimated_area_km2": 1.3046,
        "status": "candidate_detection",
        "note": "AI-generated suspected oil-spill candidate; not verified."
      }
    },
    {
      "type": "Feature",
      "geometry": {
        "type": "Polygon",
        "coordinates": [
          [
            [
              30.134212736554996,
              31.64429793650203
            ],
            [
              30.124922013423628,
              31.64575343251569
            ],
            [
              30.12343644879104,
              31.638909286728065
            ],
            [
              30.132727171922404,
              31.637453790714407
            ],
            [
              30.134212736554996,
              31.64429793650203
            ]
          ]
        ]
      },
      "properties": {
        "event_id": "ow-0384_1",
        "image_name": "ow-0384.jpg",
        "patch_name": "S1_20190610_035930_040110_VV_9",
        "start_time": "2019-06-10T03:59:30",
        "end_time": "2019-06-10T04:01:10",
        "sentinel_id": "S1A_IW_GRDH_1SDV_20190610T040045_20190610T040110_027612_031DBE_F456.SAFE;S1A_IW_GRDH_1SDV_20190610T040020_20190610T040045_027612_031DBE_747E.SAFE",
        "class_name": "oil",
        "confidence": 0.8259,
        "bbox_pixels": [
          362.19,
          217.45,
          406.97,
          255.44
        ],
        "centroid_lon": 30.128825,
        "centroid_lat": 31.641604,
        "estimated_area_km2": 0.9436,
        "status": "candidate_detection",
        "note": "AI-generated suspected oil-spill candidate; not verified."
      }
    },
    {
      "type": "Feature",
      "geometry": {
        "type": "Polygon",
        "coordinates": [
          [
            [
              30.200611790569454,
              31.641368885229607
            ],
            [
              30.19089068062912,
              31.642891806165515
            ],
            [
              30.1892166676258,
              31.635179459766224
            ],
            [
              30.19893777756613,
              31.63365653883031
            ],
            [
              30.200611790569454,
              31.641368885229607
            ]
          ]
        ]
      },
      "properties": {
        "event_id": "ow-0384_2",
        "image_name": "ow-0384.jpg",
        "patch_name": "S1_20190610_035930_040110_VV_9",
        "start_time": "2019-06-10T03:59:30",
        "end_time": "2019-06-10T04:01:10",
        "sentinel_id": "S1A_IW_GRDH_1SDV_20190610T040045_20190610T040110_027612_031DBE_F456.SAFE;S1A_IW_GRDH_1SDV_20190610T040020_20190610T040045_027612_031DBE_747E.SAFE",
        "class_name": "oil",
        "confidence": 0.6202,
        "bbox_pixels": [
          49.68,
          177.34,
          96.54,
          220.14
        ],
        "centroid_lon": 30.194914,
        "centroid_lat": 31.638274,
        "estimated_area_km2": 1.1103,
        "status": "candidate_detection",
        "note": "AI-generated suspected oil-spill candidate; not verified."
      }
    },
    {
      "type": "Feature",
      "geometry": {
        "type": "Polygon",
        "coordinates": [
          [
            [
              30.13799809517228,
              31.595416967073422
            ],
            [
              30.134104230071884,
              31.59602698472772
            ],
            [
              30.13313778716353,
              31.591574484974373
            ],
            [
              30.13703165226392,
              31.590964467320077
            ],
            [
              30.13799809517228,
              31.595416967073422
            ]
          ]
        ]
      },
      "properties": {
        "event_id": "ow-0384_3",
        "image_name": "ow-0384.jpg",
        "patch_name": "S1_20190610_035930_040110_VV_9",
        "start_time": "2019-06-10T03:59:30",
        "end_time": "2019-06-10T04:01:10",
        "sentinel_id": "S1A_IW_GRDH_1SDV_20190610T040045_20190610T040110_027612_031DBE_F456.SAFE;S1A_IW_GRDH_1SDV_20190610T040020_20190610T040045_027612_031DBE_747E.SAFE",
        "class_name": "oil",
        "confidence": 0.5802,
        "bbox_pixels": [
          295.08,
          476.64,
          313.85,
          501.35
        ],
        "centroid_lon": 30.135568,
        "centroid_lat": 31.593496,
        "estimated_area_km2": 0.2597,
        "status": "candidate_detection",
        "note": "AI-generated suspected oil-spill candidate; not verified."
      }
    },
    {
      "type": "Feature",
      "geometry": {
        "type": "Polygon",
        "coordinates": [
          [
            [
              32.70870902592007,
              31.46462014686004
            ],
            [
              32.714272935462944,
              31.46550211214445
            ],
            [
              32.71015913332725,
              31.48434199201648
            ],
            [
              32.70459522378439,
              31.483460026732068
            ],
            [
              32.70870902592007,
              31.46462014686004
            ]
          ]
        ]
      },
      "properties": {
        "event_id": "ow-0390_0",
        "image_name": "ow-0390.jpg",
        "patch_name": "S1_20190610_154748_154928_VV_3",
        "start_time": "2019-06-10T15:47:48",
        "end_time": "2019-06-10T15:49:28",
        "sentinel_id": "S1B_IW_GRDH_1SDV_20190610T154813_20190610T154838_016636_01F4FD_EE80.SAFE",
        "class_name": "oil",
        "confidence": 0.7867,
        "bbox_pixels": [
          306.02,
          268.82,
          332.97,
          373.19
        ],
        "centroid_lon": 32.709434,
        "centroid_lat": 31.474481,
        "estimated_area_km2": 2.0172,
        "status": "candidate_detection",
        "note": "AI-generated suspected oil-spill candidate; not verified."
      }
    },
    {
      "type": "Feature",
      "geometry": {
        "type": "Polygon",
        "coordinates": [
          [
            [
              32.43600589629843,
              31.564775147526092
            ],
            [
              32.43773334127962,
              31.565050730434308
            ],
            [
              32.43666685954546,
              31.569862273797455
            ],
            [
              32.43493941456427,
              31.56958669088923
            ],
            [
              32.43600589629843,
              31.564775147526092
            ]
          ]
        ]
      },
      "properties": {
        "event_id": "ow-0391_0",
        "image_name": "ow-0391.jpg",
        "patch_name": "S1_20190610_154748_154928_VV_5",
        "start_time": "2019-06-10T15:47:48",
        "end_time": "2019-06-10T15:49:28",
        "sentinel_id": "S1B_IW_GRDH_1SDV_20190610T154813_20190610T154838_016636_01F4FD_EE80.SAFE",
        "class_name": "oil",
        "confidence": 0.6244,
        "bbox_pixels": [
          471.39,
          378.12,
          479.71,
          404.77
        ],
        "centroid_lon": 32.436336,
        "centroid_lat": 31.567319,
        "estimated_area_km2": 0.1501,
        "status": "candidate_detection",
        "note": "AI-generated suspected oil-spill candidate; not verified."
      }
    },
    {
      "type": "Feature",
      "geometry": {
        "type": "Polygon",
        "coordinates": [
          [
            [
              32.40925092808351,
              31.59571973386334
            ],
            [
              32.41214596206609,
              31.596181584685223
            ],
            [
              32.41160555668283,
              31.598619679827383
            ],
            [
              32.40871052270024,
              31.598157829005494
            ],
            [
              32.40925092808351,
              31.59571973386334
            ]
          ]
        ]
      },
      "properties": {
        "event_id": "ow-0391_1",
        "image_name": "ow-0391.jpg",
        "patch_name": "S1_20190610_154748_154928_VV_5",
        "start_time": "2019-06-10T15:47:48",
        "end_time": "2019-06-10T15:49:28",
        "sentinel_id": "S1B_IW_GRDH_1SDV_20190610T154813_20190610T154838_016636_01F4FD_EE80.SAFE",
        "class_name": "oil",
        "confidence": 0.5903,
        "bbox_pixels": [
          378.84,
          566.53,
          392.78,
          580.03
        ],
        "centroid_lon": 32.410428,
        "centroid_lat": 31.59717,
        "estimated_area_km2": 0.1052,
        "status": "candidate_detection",
        "note": "AI-generated suspected oil-spill candidate; not verified."
      }
    },
    {
      "type": "Feature",
      "geometry": {
        "type": "Polygon",
        "coordinates": [
          [
            [
              32.40313360416165,
              31.500311693483372
            ],
            [
              32.40577697953258,
              31.50073339668097
            ],
            [
              32.40517676188653,
              31.503441341073128
            ],
            [
              32.402533386515586,
              31.50301963787553
            ],
            [
              32.40313360416165,
              31.500311693483372
            ]
          ]
        ]
      },
      "properties": {
        "event_id": "ow-0391_2",
        "image_name": "ow-0391.jpg",
        "patch_name": "S1_20190610_154748_154928_VV_5",
        "start_time": "2019-06-10T15:47:48",
        "end_time": "2019-06-10T15:49:28",
        "sentinel_id": "S1B_IW_GRDH_1SDV_20190610T154813_20190610T154838_016636_01F4FD_EE80.SAFE",
        "class_name": "oil",
        "confidence": 0.5625,
        "bbox_pixels": [
          252.01,
          61.27,
          264.74,
          76.27
        ],
        "centroid_lon": 32.404155,
        "centroid_lat": 31.501877,
        "estimated_area_km2": 0.1073,
        "status": "candidate_detection",
        "note": "AI-generated suspected oil-spill candidate; not verified."
      }
    },
    {
      "type": "Feature",
      "geometry": {
        "type": "Polygon",
        "coordinates": [
          [
            [
              33.967866453877264,
              32.67134457461637
            ],
            [
              33.975163543448375,
              32.672388278217795
            ],
            [
              33.97183380940314,
              32.68879912887928
            ],
            [
              33.96453671983202,
              32.68775542527785
            ],
            [
              33.967866453877264,
              32.67134457461637
            ]
          ]
        ]
      },
      "properties": {
        "event_id": "ow-0401_0",
        "image_name": "ow-0401.jpg",
        "patch_name": "S1_20190610_154748_154928_VV_15",
        "start_time": "2019-06-10T15:47:48",
        "end_time": "2019-06-10T15:49:28",
        "sentinel_id": "S1B_IW_GRDH_1SDV_20190610T154813_20190610T154838_016636_01F4FD_EE80.SAFE",
        "class_name": "oil",
        "confidence": 0.8438,
        "bbox_pixels": [
          318.46,
          163.23,
          353.17,
          254.26
        ],
        "centroid_lon": 33.96985,
        "centroid_lat": 32.680072,
        "estimated_area_km2": 1.9347,
        "status": "candidate_detection",
        "note": "AI-generated suspected oil-spill candidate; not verified."
      }
    },
    {
      "type": "Feature",
      "geometry": {
        "type": "Polygon",
        "coordinates": [
          [
            [
              33.96072107356387,
              32.71513890821057
            ],
            [
              33.96410576727125,
              32.71562302135975
            ],
            [
              33.96328703560545,
              32.71965820342435
            ],
            [
              33.95990234189807,
              32.719174090275175
            ],
            [
              33.96072107356387,
              32.71513890821057
            ]
          ]
        ]
      },
      "properties": {
        "event_id": "ow-0401_1",
        "image_name": "ow-0401.jpg",
        "patch_name": "S1_20190610_154748_154928_VV_15",
        "start_time": "2019-06-10T15:47:48",
        "end_time": "2019-06-10T15:49:28",
        "sentinel_id": "S1B_IW_GRDH_1SDV_20190610T154813_20190610T154838_016636_01F4FD_EE80.SAFE",
        "class_name": "oil",
        "confidence": 0.6852,
        "bbox_pixels": [
          326.51,
          404.81,
          342.6,
          427.19
        ],
        "centroid_lon": 33.962004,
        "centroid_lat": 32.717399,
        "estimated_area_km2": 0.1981,
        "status": "candidate_detection",
        "note": "AI-generated suspected oil-spill candidate; not verified."
      }
    },
    {
      "type": "Feature",
      "geometry": {
        "type": "Polygon",
        "coordinates": [
          [
            [
              33.96098899437085,
              32.69214845446727
            ],
            [
              33.96716527271899,
              32.6930318483043
            ],
            [
              33.96422501412774,
              32.70752313919766
            ],
            [
              33.958048735779606,
              32.70663974536064
            ],
            [
              33.96098899437085,
              32.69214845446727
            ]
          ]
        ]
      },
      "properties": {
        "event_id": "ow-0401_2",
        "image_name": "ow-0401.jpg",
        "patch_name": "S1_20190610_154748_154928_VV_15",
        "start_time": "2019-06-10T15:47:48",
        "end_time": "2019-06-10T15:49:28",
        "sentinel_id": "S1B_IW_GRDH_1SDV_20190610T154813_20190610T154838_016636_01F4FD_EE80.SAFE",
        "class_name": "oil",
        "confidence": 0.6785,
        "bbox_pixels": [
          306.19,
          280.67,
          335.56,
          361.05
        ],
        "centroid_lon": 33.962607,
        "centroid_lat": 32.699836,
        "estimated_area_km2": 1.4616,
        "status": "candidate_detection",
        "note": "AI-generated suspected oil-spill candidate; not verified."
      }
    },
    {
      "type": "Feature",
      "geometry": {
        "type": "Polygon",
        "coordinates": [
          [
            [
              33.95830825770685,
              32.72129729939285
            ],
            [
              33.969527580166464,
              32.722902000437365
            ],
            [
              33.9635851715103,
              32.752189619118255
            ],
            [
              33.95236584905069,
              32.75058491807374
            ],
            [
              33.95830825770685,
              32.72129729939285
            ]
          ]
        ]
      },
      "properties": {
        "event_id": "ow-0401_3",
        "image_name": "ow-0401.jpg",
        "patch_name": "S1_20190610_154748_154928_VV_15",
        "start_time": "2019-06-10T15:47:48",
        "end_time": "2019-06-10T15:49:28",
        "sentinel_id": "S1B_IW_GRDH_1SDV_20190610T154813_20190610T154838_016636_01F4FD_EE80.SAFE",
        "class_name": "oil",
        "confidence": 0.6025,
        "bbox_pixels": [
          321.13,
          439.86,
          374.49,
          602.32
        ],
        "centroid_lon": 33.960947,
        "centroid_lat": 32.736743,
        "estimated_area_km2": 5.5264,
        "status": "candidate_detection",
        "note": "AI-generated suspected oil-spill candidate; not verified."
      }
    },
    {
      "type": "Feature",
      "geometry": {
        "type": "Polygon",
        "coordinates": [
          [
            [
              33.95494074612,
              32.738408302569745
            ],
            [
              33.96267826232638,
              32.739515000445934
            ],
            [
              33.96022611952762,
              32.75160057506669
            ],
            [
              33.95248860332125,
              32.7504938771905
            ],
            [
              33.95494074612,
              32.738408302569745
            ]
          ]
        ]
      },
      "properties": {
        "event_id": "ow-0401_4",
        "image_name": "ow-0401.jpg",
        "patch_name": "S1_20190610_154748_154928_VV_15",
        "start_time": "2019-06-10T15:47:48",
        "end_time": "2019-06-10T15:49:28",
        "sentinel_id": "S1B_IW_GRDH_1SDV_20190610T154813_20190610T154838_016636_01F4FD_EE80.SAFE",
        "class_name": "oil",
        "confidence": 0.578,
        "bbox_pixels": [
          321.61,
          534.69,
          358.41,
          601.73
        ],
        "centroid_lon": 33.957583,
        "centroid_lat": 32.745004,
        "estimated_area_km2": 1.4011,
        "status": "candidate_detection",
        "note": "AI-generated suspected oil-spill candidate; not verified."
      }
    },
    {
      "type": "Feature",
      "geometry": {
        "type": "Polygon",
        "coordinates": [
          [
            [
              33.89349735669818,
              32.698308006110565
            ],
            [
              33.90598959690023,
              32.700094772733294
            ],
            [
              33.89596361575936,
              32.74950859287698
            ],
            [
              33.883471375557306,
              32.74772182625424
            ],
            [
              33.89349735669818,
              32.698308006110565
            ]
          ]
        ]
      },
      "properties": {
        "event_id": "ow-0401_5",
        "image_name": "ow-0401.jpg",
        "patch_name": "S1_20190610_154748_154928_VV_15",
        "start_time": "2019-06-10T15:47:48",
        "end_time": "2019-06-10T15:49:28",
        "sentinel_id": "S1B_IW_GRDH_1SDV_20190610T154813_20190610T154838_016636_01F4FD_EE80.SAFE",
        "class_name": "oil",
        "confidence": 0.4132,
        "bbox_pixels": [
          0.03,
          365.91,
          59.45,
          640.0
        ],
        "centroid_lon": 33.89473,
        "centroid_lat": 32.723908,
        "estimated_area_km2": 12.0198,
        "status": "candidate_detection",
        "note": "AI-generated suspected oil-spill candidate; not verified."
      }
    },
    {
      "type": "Feature",
      "geometry": {
        "type": "Polygon",
        "coordinates": [
          [
            [
              34.032035598745864,
              33.997716963230005
            ],
            [
              34.0822304389852,
              34.00462486740206
            ],
            [
              34.073977100801045,
              34.045664663769536
            ],
            [
              34.02378226056173,
              34.038756759597476
            ],
            [
              34.032035598745864,
              33.997716963230005
            ]
          ]
        ]
      },
      "properties": {
        "event_id": "ow-0403_0",
        "image_name": "ow-0403.jpg",
        "patch_name": "S1_20190610_154748_154928_VV_17",
        "start_time": "2019-06-10T15:47:48",
        "end_time": "2019-06-10T15:49:28",
        "sentinel_id": "S1B_IW_GRDH_1SDV_20190610T154838_20190610T154903_016636_01F4FD_6C1D.SAFE",
        "class_name": "oil",
        "confidence": 0.9669,
        "bbox_pixels": [
          290.35,
          208.96,
          525.82,
          436.71
        ],
        "centroid_lon": 34.053006,
        "centroid_lat": 34.021691,
        "estimated_area_km2": 28.7838,
        "status": "candidate_detection",
        "note": "AI-generated suspected oil-spill candidate; not verified."
      }
    },
    {
      "type": "Feature",
      "geometry": {
        "type": "Polygon",
        "coordinates": [
          [
            [
              31.502306766608456,
              34.40474091298126
            ],
            [
              31.50838942102217,
              34.40569581460944
            ],
            [
              31.50751902559691,
              34.40947256580808
            ],
            [
              31.501436371183193,
              34.408517664179904
            ],
            [
              31.502306766608456,
              34.40474091298126
            ]
          ]
        ]
      },
      "properties": {
        "event_id": "ow-0404_0",
        "image_name": "ow-0404.jpg",
        "patch_name": "S1_20190610_154748_154928_VV_19",
        "start_time": "2019-06-10T15:47:48",
        "end_time": "2019-06-10T15:49:28",
        "sentinel_id": "S1B_IW_GRDH_1SDV_20190610T154903_20190610T154928_016636_01F4FD_9997.SAFE",
        "class_name": "oil",
        "confidence": 0.7454,
        "bbox_pixels": [
          261.2,
          101.98,
          289.74,
          122.92
        ],
        "centroid_lon": 31.504913,
        "centroid_lat": 34.407107,
        "estimated_area_km2": 0.3364,
        "status": "candidate_detection",
        "note": "AI-generated suspected oil-spill candidate; not verified."
      }
    },
    {
      "type": "Feature",
      "geometry": {
        "type": "Polygon",
        "coordinates": [
          [
            [
              31.518981688763287,
              34.40798883372446
            ],
            [
              31.523274666711643,
              34.40866277824832
            ],
            [
              31.522469715960906,
              34.41215555707559
            ],
            [
              31.518176738012546,
              34.41148161255173
            ],
            [
              31.518981688763287,
              34.40798883372446
            ]
          ]
        ]
      },
      "properties": {
        "event_id": "ow-0404_1",
        "image_name": "ow-0404.jpg",
        "patch_name": "S1_20190610_154748_154928_VV_19",
        "start_time": "2019-06-10T15:47:48",
        "end_time": "2019-06-10T15:49:28",
        "sentinel_id": "S1B_IW_GRDH_1SDV_20190610T154903_20190610T154928_016636_01F4FD_9997.SAFE",
        "class_name": "oil",
        "confidence": 0.7143,
        "bbox_pixels": [
          340.09,
          105.36,
          360.23,
          124.72
        ],
        "centroid_lon": 31.520726,
        "centroid_lat": 34.410072,
        "estimated_area_km2": 0.2172,
        "status": "candidate_detection",
        "note": "AI-generated suspected oil-spill candidate; not verified."
      }
    },
    {
      "type": "Feature",
      "geometry": {
        "type": "Polygon",
        "coordinates": [
          [
            [
              31.470277243218653,
              34.443204641539815
            ],
            [
              31.473587950826897,
              34.443724381750336
            ],
            [
              31.4725112549795,
              34.44839629547393
            ],
            [
              31.46920054737126,
              34.447876555263406
            ],
            [
              31.470277243218653,
              34.443204641539815
            ]
          ]
        ]
      },
      "properties": {
        "event_id": "ow-0404_2",
        "image_name": "ow-0404.jpg",
        "patch_name": "S1_20190610_154748_154928_VV_19",
        "start_time": "2019-06-10T15:47:48",
        "end_time": "2019-06-10T15:49:28",
        "sentinel_id": "S1B_IW_GRDH_1SDV_20190610T154903_20190610T154928_016636_01F4FD_9997.SAFE",
        "class_name": "oil",
        "confidence": 0.7047,
        "bbox_pixels": [
          156.32,
          334.66,
          171.85,
          360.55
        ],
        "centroid_lon": 31.471394,
        "centroid_lat": 34.4458,
        "estimated_area_km2": 0.2328,
        "status": "candidate_detection",
        "note": "AI-generated suspected oil-spill candidate; not verified."
      }
    },
    {
      "type": "Feature",
      "geometry": {
        "type": "Polygon",
        "coordinates": [
          [
            [
              31.491101283472943,
              34.4699691736869
            ],
            [
              31.4946804217346,
              34.47053105419516
            ],
            [
              31.49346350673811,
              34.47581139579426
            ],
            [
              31.489884368476446,
              34.475249515285995
            ],
            [
              31.491101283472943,
              34.4699691736869
            ]
          ]
        ]
      },
      "properties": {
        "event_id": "ow-0404_3",
        "image_name": "ow-0404.jpg",
        "patch_name": "S1_20190610_154748_154928_VV_19",
        "start_time": "2019-06-10T15:47:48",
        "end_time": "2019-06-10T15:49:28",
        "sentinel_id": "S1B_IW_GRDH_1SDV_20190610T154903_20190610T154928_016636_01F4FD_9997.SAFE",
        "class_name": "oil",
        "confidence": 0.6969,
        "bbox_pixels": [
          278.53,
          460.35,
          295.32,
          489.62
        ],
        "centroid_lon": 31.492282,
        "centroid_lat": 34.47289,
        "estimated_area_km2": 0.2862,
        "status": "candidate_detection",
        "note": "AI-generated suspected oil-spill candidate; not verified."
      }
    },
    {
      "type": "Feature",
      "geometry": {
        "type": "Polygon",
        "coordinates": [
          [
            [
              31.474975846054143,
              34.40836801165376
            ],
            [
              31.477378243319706,
              34.40874515835721
            ],
            [
              31.475928652359023,
              34.41503510915363
            ],
            [
              31.47352625509346,
              34.41465796245017
            ],
            [
              31.474975846054143,
              34.40836801165376
            ]
          ]
        ]
      },
      "properties": {
        "event_id": "ow-0404_4",
        "image_name": "ow-0404.jpg",
        "patch_name": "S1_20190610_154748_154928_VV_19",
        "start_time": "2019-06-10T15:47:48",
        "end_time": "2019-06-10T15:49:28",
        "sentinel_id": "S1B_IW_GRDH_1SDV_20190610T154903_20190610T154928_016636_01F4FD_9997.SAFE",
        "class_name": "oil",
        "confidence": 0.6715,
        "bbox_pixels": [
          141.24,
          144.34,
          152.51,
          179.21
        ],
        "centroid_lon": 31.475452,
        "centroid_lat": 34.411702,
        "estimated_area_km2": 0.2626,
        "status": "candidate_detection",
        "note": "AI-generated suspected oil-spill candidate; not verified."
      }
    },
    {
      "type": "Feature",
      "geometry": {
        "type": "Polygon",
        "coordinates": [
          [
            [
              31.49395950395111,
              34.481941637690134
            ],
            [
              31.496935727885685,
              34.48240886809444
            ],
            [
              31.495753394113144,
              34.48753915757327
            ],
            [
              31.49277717017857,
              34.48707192716897
            ],
            [
              31.49395950395111,
              34.481941637690134
            ]
          ]
        ]
      },
      "properties": {
        "event_id": "ow-0404_5",
        "image_name": "ow-0404.jpg",
        "patch_name": "S1_20190610_154748_154928_VV_19",
        "start_time": "2019-06-10T15:47:48",
        "end_time": "2019-06-10T15:49:28",
        "sentinel_id": "S1B_IW_GRDH_1SDV_20190610T154903_20190610T154928_016636_01F4FD_9997.SAFE",
        "class_name": "oil",
        "confidence": 0.6479,
        "bbox_pixels": [
          303.96,
          522.0,
          317.92,
          550.44
        ],
        "centroid_lon": 31.494856,
        "centroid_lat": 34.48474,
        "estimated_area_km2": 0.2378,
        "status": "candidate_detection",
        "note": "AI-generated suspected oil-spill candidate; not verified."
      }
    },
    {
      "type": "Feature",
      "geometry": {
        "type": "Polygon",
        "coordinates": [
          [
            [
              31.489562606237378,
              34.407251144081
            ],
            [
              31.49362365703077,
              34.4078886789056
            ],
            [
              31.492343698481207,
              34.41344257411919
            ],
            [
              31.48828264768781,
              34.41280503929459
            ],
            [
              31.489562606237378,
              34.407251144081
            ]
          ]
        ]
      },
      "properties": {
        "event_id": "ow-0404_6",
        "image_name": "ow-0404.jpg",
        "patch_name": "S1_20190610_154748_154928_VV_19",
        "start_time": "2019-06-10T15:47:48",
        "end_time": "2019-06-10T15:49:28",
        "sentinel_id": "S1B_IW_GRDH_1SDV_20190610T154903_20190610T154928_016636_01F4FD_9997.SAFE",
        "class_name": "oil",
        "confidence": 0.6322,
        "bbox_pixels": [
          206.12,
          126.12,
          225.17,
          156.9
        ],
        "centroid_lon": 31.490953,
        "centroid_lat": 34.410347,
        "estimated_area_km2": 0.3381,
        "status": "candidate_detection",
        "note": "AI-generated suspected oil-spill candidate; not verified."
      }
    },
    {
      "type": "Feature",
      "geometry": {
        "type": "Polygon",
        "coordinates": [
          [
            [
              31.462963223028293,
              34.41557554596167
            ],
            [
              31.467156779927286,
              34.41623388260853
            ],
            [
              31.46641275390646,
              34.419462301651684
            ],
            [
              31.462219197007464,
              34.41880396500483
            ],
            [
              31.462963223028293,
              34.41557554596167
            ]
          ]
        ]
      },
      "properties": {
        "event_id": "ow-0404_7",
        "image_name": "ow-0404.jpg",
        "patch_name": "S1_20190610_154748_154928_VV_19",
        "start_time": "2019-06-10T15:47:48",
        "end_time": "2019-06-10T15:49:28",
        "sentinel_id": "S1B_IW_GRDH_1SDV_20190610T154903_20190610T154928_016636_01F4FD_9997.SAFE",
        "class_name": "oil",
        "confidence": 0.5964,
        "bbox_pixels": [
          94.38,
          192.99,
          114.05,
          210.89
        ],
        "centroid_lon": 31.464688,
        "centroid_lat": 34.417519,
        "estimated_area_km2": 0.1962,
        "status": "candidate_detection",
        "note": "AI-generated suspected oil-spill candidate; not verified."
      }
    },
    {
      "type": "Feature",
      "geometry": {
        "type": "Polygon",
        "coordinates": [
          [
            [
              31.459431369743733,
              34.420715144695805
            ],
            [
              31.47052679072761,
              34.42245698877279
            ],
            [
              31.466824272230816,
              34.438522665090666
            ],
            [
              31.45572885124693,
              34.436780821013684
            ],
            [
              31.459431369743733,
              34.420715144695805
            ]
          ]
        ]
      },
      "properties": {
        "event_id": "ow-0404_8",
        "image_name": "ow-0404.jpg",
        "patch_name": "S1_20190610_154748_154928_VV_19",
        "start_time": "2019-06-10T15:47:48",
        "end_time": "2019-06-10T15:49:28",
        "sentinel_id": "S1B_IW_GRDH_1SDV_20190610T154903_20190610T154928_016636_01F4FD_9997.SAFE",
        "class_name": "oil",
        "confidence": 0.5869,
        "bbox_pixels": [
          83.75,
          223.45,
          135.8,
          312.51
        ],
        "centroid_lon": 31.463128,
        "centroid_lat": 34.429619,
        "estimated_area_km2": 2.6935,
        "status": "candidate_detection",
        "note": "AI-generated suspected oil-spill candidate; not verified."
      }
    },
    {
      "type": "Feature",
      "geometry": {
        "type": "Polygon",
        "coordinates": [
          [
            [
              31.50902913959223,
              34.40783630957235
            ],
            [
              31.51687809105878,
              34.4090684980258
            ],
            [
              31.515458643212227,
              34.41522765419816
            ],
            [
              31.507609691745678,
              34.413995465744705
            ],
            [
              31.50902913959223,
              34.40783630957235
            ]
          ]
        ]
      },
      "properties": {
        "event_id": "ow-0404_9",
        "image_name": "ow-0404.jpg",
        "patch_name": "S1_20190610_154748_154928_VV_19",
        "start_time": "2019-06-10T15:47:48",
        "end_time": "2019-06-10T15:49:28",
        "sentinel_id": "S1B_IW_GRDH_1SDV_20190610T154903_20190610T154928_016636_01F4FD_9997.SAFE",
        "class_name": "oil",
        "confidence": 0.5591,
        "bbox_pixels": [
          294.87,
          112.9,
          331.69,
          147.04
        ],
        "centroid_lon": 31.512244,
        "centroid_lat": 34.411532,
        "estimated_area_km2": 0.7004,
        "status": "candidate_detection",
        "note": "AI-generated suspected oil-spill candidate; not verified."
      }
    },
    {
      "type": "Feature",
      "geometry": {
        "type": "Polygon",
        "coordinates": [
          [
            [
              31.457031423975216,
              34.43272157363778
            ],
            [
              31.46294973946329,
              34.43365067608406
            ],
            [
              31.461856964666268,
              34.43839235831808
            ],
            [
              31.455938649178186,
              34.4374632558718
            ],
            [
              31.457031423975216,
              34.43272157363778
            ]
          ]
        ]
      },
      "properties": {
        "event_id": "ow-0404_10",
        "image_name": "ow-0404.jpg",
        "patch_name": "S1_20190610_154748_154928_VV_19",
        "start_time": "2019-06-10T15:47:48",
        "end_time": "2019-06-10T15:49:28",
        "sentinel_id": "S1B_IW_GRDH_1SDV_20190610T154903_20190610T154928_016636_01F4FD_9997.SAFE",
        "class_name": "oil",
        "confidence": 0.5581,
        "bbox_pixels": [
          85.41,
          289.7,
          113.18,
          315.98
        ],
        "centroid_lon": 31.459444,
        "centroid_lat": 34.435557,
        "estimated_area_km2": 0.4064,
        "status": "candidate_detection",
        "note": "AI-generated suspected oil-spill candidate; not verified."
      }
    },
    {
      "type": "Feature",
      "geometry": {
        "type": "Polygon",
        "coordinates": [
          [
            [
              31.478187685414976,
              34.448091112712305
            ],
            [
              31.48257913791728,
              34.44878051652507
            ],
            [
              31.48134498052155,
              34.45413567498336
            ],
            [
              31.476953528019244,
              34.4534462711706
            ],
            [
              31.478187685414976,
              34.448091112712305
            ]
          ]
        ]
      },
      "properties": {
        "event_id": "ow-0404_11",
        "image_name": "ow-0404.jpg",
        "patch_name": "S1_20190610_154748_154928_VV_19",
        "start_time": "2019-06-10T15:47:48",
        "end_time": "2019-06-10T15:49:28",
        "sentinel_id": "S1B_IW_GRDH_1SDV_20190610T154903_20190610T154928_016636_01F4FD_9997.SAFE",
        "class_name": "oil",
        "confidence": 0.4895,
        "bbox_pixels": [
          197.23,
          354.15,
          217.84,
          383.84
        ],
        "centroid_lon": 31.479766,
        "centroid_lat": 34.451113,
        "estimated_area_km2": 0.3475,
        "status": "candidate_detection",
        "note": "AI-generated suspected oil-spill candidate; not verified."
      }
    },
    {
      "type": "Feature",
      "geometry": {
        "type": "Polygon",
        "coordinates": [
          [
            [
              31.491067105596812,
              34.47553047211616
            ],
            [
              31.495140132321886,
              34.476169887014144
            ],
            [
              31.493950158098414,
              34.48133332933522
            ],
            [
              31.489877131373337,
              34.48069391443724
            ],
            [
              31.491067105596812,
              34.47553047211616
            ]
          ]
        ]
      },
      "properties": {
        "event_id": "ow-0404_12",
        "image_name": "ow-0404.jpg",
        "patch_name": "S1_20190610_154748_154928_VV_19",
        "start_time": "2019-06-10T15:47:48",
        "end_time": "2019-06-10T15:49:28",
        "sentinel_id": "S1B_IW_GRDH_1SDV_20190610T154903_20190610T154928_016636_01F4FD_9997.SAFE",
        "class_name": "oil",
        "confidence": 0.4548,
        "bbox_pixels": [
          284.18,
          490.13,
          303.28,
          518.75
        ],
        "centroid_lon": 31.492509,
        "centroid_lat": 34.478432,
        "estimated_area_km2": 0.312,
        "status": "candidate_detection",
        "note": "AI-generated suspected oil-spill candidate; not verified."
      }
    },
    {
      "type": "Feature",
      "geometry": {
        "type": "Polygon",
        "coordinates": [
          [
            [
              31.481695286011686,
              34.4069462009479
            ],
            [
              31.483862835322,
              34.40728647942253
            ],
            [
              31.48338531221365,
              34.40935851004162
            ],
            [
              31.481217762903334,
              34.40901823156699
            ],
            [
              31.481695286011686,
              34.4069462009479
            ]
          ]
        ]
      },
      "properties": {
        "event_id": "ow-0404_13",
        "image_name": "ow-0404.jpg",
        "patch_name": "S1_20190610_154748_154928_VV_19",
        "start_time": "2019-06-10T15:47:48",
        "end_time": "2019-06-10T15:49:28",
        "sentinel_id": "S1B_IW_GRDH_1SDV_20190610T154903_20190610T154928_016636_01F4FD_9997.SAFE",
        "class_name": "oil",
        "confidence": 0.4051,
        "bbox_pixels": [
          170.18,
          131.09,
          180.35,
          142.58
        ],
        "centroid_lon": 31.48254,
        "centroid_lat": 34.408152,
        "estimated_area_km2": 0.0652,
        "status": "candidate_detection",
        "note": "AI-generated suspected oil-spill candidate; not verified."
      }
    },
    {
      "type": "Feature",
      "geometry": {
        "type": "Polygon",
        "coordinates": [
          [
            [
              32.69914428879465,
              31.507202575484776
            ],
            [
              32.67196765430137,
              31.511544747034314
            ],
            [
              32.66052328452023,
              31.459888817700346
            ],
            [
              32.6876999190135,
              31.455546646150808
            ],
            [
              32.69914428879465,
              31.507202575484776
            ]
          ]
        ]
      },
      "properties": {
        "event_id": "ow-0407_0",
        "image_name": "ow-0407.jpg",
        "patch_name": "S1_20190611_035043_035222_VV_1",
        "start_time": "2019-06-11T03:50:43",
        "end_time": "2019-06-11T03:52:22",
        "sentinel_id": "S1B_IW_GRDH_1SDV_20190611T035133_20190611T035158_016643_01F530_8193.SAFE",
        "class_name": "oil",
        "confidence": 0.7815,
        "bbox_pixels": [
          402.61,
          260.1,
          533.61,
          546.9
        ],
        "centroid_lon": 32.679834,
        "centroid_lat": 31.483546,
        "estimated_area_km2": 22.8552,
        "status": "candidate_detection",
        "note": "AI-generated suspected oil-spill candidate; not verified."
      }
    },
    {
      "type": "Feature",
      "geometry": {
        "type": "Polygon",
        "coordinates": [
          [
            [
              32.7676370909861,
              31.525312889290603
            ],
            [
              32.72032712759623,
              31.53287188181751
            ],
            [
              32.71623703825267,
              31.514410632300024
            ],
            [
              32.763547001642536,
              31.506851639773117
            ],
            [
              32.7676370909861,
              31.525312889290603
            ]
          ]
        ]
      },
      "properties": {
        "event_id": "ow-0407_1",
        "image_name": "ow-0407.jpg",
        "patch_name": "S1_20190611_035043_035222_VV_1",
        "start_time": "2019-06-11T03:50:43",
        "end_time": "2019-06-11T03:52:22",
        "sentinel_id": "S1B_IW_GRDH_1SDV_20190611T035133_20190611T035158_016643_01F530_8193.SAFE",
        "class_name": "oil",
        "confidence": 0.5803,
        "bbox_pixels": [
          102.4,
          104.31,
          330.46,
          206.81
        ],
        "centroid_lon": 32.741937,
        "centroid_lat": 31.519862,
        "estimated_area_km2": 14.1285,
        "status": "candidate_detection",
        "note": "AI-generated suspected oil-spill candidate; not verified."
      }
    },
    {
      "type": "Feature",
      "geometry": {
        "type": "Polygon",
        "coordinates": [
          [
            [
              34.19385507479126,
              34.193240367293924
            ],
            [
              34.17923172032931,
              34.195361712655256
            ],
            [
              34.17780607608594,
              34.18885911468172
            ],
            [
              34.19242943054788,
              34.186737769320395
            ],
            [
              34.19385507479126,
              34.193240367293924
            ]
          ]
        ]
      },
      "properties": {
        "event_id": "ow-0414_0",
        "image_name": "ow-0414.jpg",
        "patch_name": "S1_20190612_034300_034440_VV_2",
        "start_time": "2019-06-12T03:43:00",
        "end_time": "2019-06-12T03:44:40",
        "sentinel_id": "S1A_IW_GRDH_1SDV_20190612T034325_20190612T034350_027641_031EA9_55D4.SAFE",
        "class_name": "oil",
        "confidence": 0.8896,
        "bbox_pixels": [
          351.8,
          291.25,
          420.12,
          327.4
        ],
        "centroid_lon": 34.185831,
        "centroid_lat": 34.19105,
        "estimated_area_km2": 1.4187,
        "status": "candidate_detection",
        "note": "AI-generated suspected oil-spill candidate; not verified."
      }
    },
    {
      "type": "Feature",
      "geometry": {
        "type": "Polygon",
        "coordinates": [
          [
            [
              34.210901430829125,
              34.1827055312363
            ],
            [
              34.20738511587274,
              34.18321562749644
            ],
            [
              34.20693110417854,
              34.181144805454856
            ],
            [
              34.21044741913492,
              34.18063470919472
            ],
            [
              34.210901430829125,
              34.1827055312363
            ]
          ]
        ]
      },
      "properties": {
        "event_id": "ow-0414_1",
        "image_name": "ow-0414.jpg",
        "patch_name": "S1_20190612_034300_034440_VV_2",
        "start_time": "2019-06-12T03:43:00",
        "end_time": "2019-06-12T03:44:40",
        "sentinel_id": "S1A_IW_GRDH_1SDV_20190612T034325_20190612T034350_027641_031EA9_55D4.SAFE",
        "class_name": "oil",
        "confidence": 0.5297,
        "bbox_pixels": [
          264.15,
          334.68,
          280.58,
          346.19
        ],
        "centroid_lon": 34.208916,
        "centroid_lat": 34.181925,
        "estimated_area_km2": 0.105,
        "status": "candidate_detection",
        "note": "AI-generated suspected oil-spill candidate; not verified."
      }
    },
    {
      "type": "Feature",
      "geometry": {
        "type": "Polygon",
        "coordinates": [
          [
            [
              34.32966982513449,
              34.12641075653884
            ],
            [
              34.272964495592,
              34.13472494047174
            ],
            [
              34.26762303100252,
              34.110237611332884
            ],
            [
              34.324328360545024,
              34.10192342739998
            ],
            [
              34.32966982513449,
              34.12641075653884
            ]
          ]
        ]
      },
      "properties": {
        "event_id": "ow-0436_0",
        "image_name": "ow-0436.jpg",
        "patch_name": "S1_20190618_034221_034401_VV_0",
        "start_time": "2019-06-18T03:42:21",
        "end_time": "2019-06-18T03:44:01",
        "sentinel_id": "S1B_IW_GRDH_1SDV_20190618T034246_20190618T034311_016745_01F848_4829.SAFE",
        "class_name": "oil",
        "confidence": 0.9837,
        "bbox_pixels": [
          188.13,
          253.03,
          453.63,
          389.15
        ],
        "centroid_lon": 34.298646,
        "centroid_lat": 34.118324,
        "estimated_area_km2": 20.8799,
        "status": "candidate_detection",
        "note": "AI-generated suspected oil-spill candidate; not verified."
      }
    },
    {
      "type": "Feature",
      "geometry": {
        "type": "Polygon",
        "coordinates": [
          [
            [
              33.92221077011368,
              33.27186511546621
            ],
            [
              33.934444685580054,
              33.273596609850955
            ],
            [
              33.9333849955071,
              33.278800794775236
            ],
            [
              33.92115108004073,
              33.27706930039049
            ],
            [
              33.92221077011368,
              33.27186511546621
            ]
          ]
        ]
      },
      "properties": {
        "event_id": "ow-0443_0",
        "image_name": "ow-0443.jpg",
        "patch_name": "S1_20190622_154749_154929_VV_4",
        "start_time": "2019-06-22T15:47:49",
        "end_time": "2019-06-22T15:49:29",
        "sentinel_id": "S1B_IW_GRDH_1SDV_20190622T154839_20190622T154904_016811_01FA2F_72AA.SAFE",
        "class_name": "oil",
        "confidence": 0.5756,
        "bbox_pixels": [
          67.43,
          355.36,
          125.21,
          384.23
        ],
        "centroid_lon": 33.927798,
        "centroid_lat": 33.275333,
        "estimated_area_km2": 0.9552,
        "status": "candidate_detection",
        "note": "AI-generated suspected oil-spill candidate; not verified."
      }
    },
    {
      "type": "Feature",
      "geometry": {
        "type": "Polygon",
        "coordinates": [
          [
            [
              33.91634634094018,
              33.253749594847825
            ],
            [
              33.98649619809852,
              33.2636780665701
            ],
            [
              33.98301039836608,
              33.28079698358135
            ],
            [
              33.91286054120775,
              33.270868511859064
            ],
            [
              33.91634634094018,
              33.253749594847825
            ]
          ]
        ]
      },
      "properties": {
        "event_id": "ow-0443_1",
        "image_name": "ow-0443.jpg",
        "patch_name": "S1_20190622_154749_154929_VV_4",
        "start_time": "2019-06-22T15:47:49",
        "end_time": "2019-06-22T15:49:29",
        "sentinel_id": "S1B_IW_GRDH_1SDV_20190622T154839_20190622T154904_016811_01FA2F_72AA.SAFE",
        "class_name": "oil",
        "confidence": 0.5164,
        "bbox_pixels": [
          23.57,
          262.16,
          354.91,
          357.12
        ],
        "centroid_lon": 33.949678,
        "centroid_lat": 33.267273,
        "estimated_area_km2": 20.6362,
        "status": "candidate_detection",
        "note": "AI-generated suspected oil-spill candidate; not verified."
      }
    },
    {
      "type": "Feature",
      "geometry": {
        "type": "Polygon",
        "coordinates": [
          [
            [
              32.792493771399116,
              31.963146568755835
            ],
            [
              32.75406537793085,
              31.96928636261471
            ],
            [
              32.73348404762711,
              31.876385676988576
            ],
            [
              32.77191244109538,
              31.870245883129716
            ],
            [
              32.792493771399116,
              31.963146568755835
            ]
          ]
        ]
      },
      "properties": {
        "event_id": "ow-0447_0",
        "image_name": "ow-0447.jpg",
        "patch_name": "S1_20190623_035044_035223_VV_0",
        "start_time": "2019-06-23T03:50:44",
        "end_time": "2019-06-23T03:52:23",
        "sentinel_id": "S1B_IW_GRDH_1SDV_20190623T035134_20190623T035159_016818_01FA62_D8E1.SAFE",
        "class_name": "oil",
        "confidence": 0.8921,
        "bbox_pixels": [
          59.98,
          0.0,
          245.23,
          515.78
        ],
        "centroid_lon": 32.762989,
        "centroid_lat": 31.919766,
        "estimated_area_km2": 61.4727,
        "status": "candidate_detection",
        "note": "AI-generated suspected oil-spill candidate; not verified."
      }
    },
    {
      "type": "Feature",
      "geometry": {
        "type": "Polygon",
        "coordinates": [
          [
            [
              32.78469062873229,
              31.873415568021322
            ],
            [
              32.74396237257283,
              31.879922816294833
            ],
            [
              32.73195882261418,
              31.82574079770572
            ],
            [
              32.77268707877365,
              31.81923354943222
            ],
            [
              32.78469062873229,
              31.873415568021322
            ]
          ]
        ]
      },
      "properties": {
        "event_id": "ow-0447_1",
        "image_name": "ow-0447.jpg",
        "patch_name": "S1_20190623_035044_035223_VV_0",
        "start_time": "2019-06-23T03:50:44",
        "end_time": "2019-06-23T03:52:23",
        "sentinel_id": "S1B_IW_GRDH_1SDV_20190623T035134_20190623T035159_016818_01FA62_D8E1.SAFE",
        "class_name": "oil",
        "confidence": 0.749,
        "bbox_pixels": [
          3.76,
          487.84,
          200.09,
          788.65
        ],
        "centroid_lon": 32.758325,
        "centroid_lat": 31.849578,
        "estimated_area_km2": 33.687,
        "status": "candidate_detection",
        "note": "AI-generated suspected oil-spill candidate; not verified."
      }
    },
    {
      "type": "Feature",
      "geometry": {
        "type": "Polygon",
        "coordinates": [
          [
            [
              32.76910856025871,
              31.79947152924352
            ],
            [
              32.74768472680416,
              31.80289446497425
            ],
            [
              32.744527342570976,
              31.788642560179035
            ],
            [
              32.765951176025524,
              31.785219624448303
            ],
            [
              32.76910856025871,
              31.79947152924352
            ]
          ]
        ]
      },
      "properties": {
        "event_id": "ow-0447_2",
        "image_name": "ow-0447.jpg",
        "patch_name": "S1_20190623_035044_035223_VV_0",
        "start_time": "2019-06-23T03:50:44",
        "end_time": "2019-06-23T03:52:23",
        "sentinel_id": "S1B_IW_GRDH_1SDV_20190623T035134_20190623T035159_016818_01FA62_D8E1.SAFE",
        "class_name": "oil",
        "confidence": 0.6646,
        "bbox_pixels": [
          0.04,
          897.68,
          103.31,
          976.81
        ],
        "centroid_lon": 32.756818,
        "centroid_lat": 31.794057,
        "estimated_area_km2": 4.5761,
        "status": "candidate_detection",
        "note": "AI-generated suspected oil-spill candidate; not verified."
      }
    },
    {
      "type": "Feature",
      "geometry": {
        "type": "Polygon",
        "coordinates": [
          [
            [
              32.72430709918858,
              31.923776189664764
            ],
            [
              32.71060320056248,
              31.925965693441352
            ],
            [
              32.70574178214888,
              31.90402206311841
            ],
            [
              32.71944568077497,
              31.90183255934182
            ],
            [
              32.72430709918858,
              31.923776189664764
            ]
          ]
        ]
      },
      "properties": {
        "event_id": "ow-0447_3",
        "image_name": "ow-0447.jpg",
        "patch_name": "S1_20190623_035044_035223_VV_0",
        "start_time": "2019-06-23T03:50:44",
        "end_time": "2019-06-23T03:52:23",
        "sentinel_id": "S1B_IW_GRDH_1SDV_20190623T035134_20190623T035159_016818_01FA62_D8E1.SAFE",
        "class_name": "oil",
        "confidence": 0.4673,
        "bbox_pixels": [
          336.83,
          269.53,
          402.89,
          391.36
        ],
        "centroid_lon": 32.715024,
        "centroid_lat": 31.913899,
        "estimated_area_km2": 4.7129,
        "status": "candidate_detection",
        "note": "AI-generated suspected oil-spill candidate; not verified."
      }
    },
    {
      "type": "Feature",
      "geometry": {
        "type": "Polygon",
        "coordinates": [
          [
            [
              32.19445795529794,
              32.14421527532252
            ],
            [
              32.17295151463391,
              32.147507385369394
            ],
            [
              32.125716875398254,
              31.925670517809277
            ],
            [
              32.147223316062295,
              31.922378407762405
            ],
            [
              32.19445795529794,
              32.14421527532252
            ]
          ]
        ]
      },
      "properties": {
        "event_id": "ow-0485_0",
        "image_name": "ow-0485.jpg",
        "patch_name": "S1_20190705_035045_035224_VV_0",
        "start_time": "2019-07-05T03:50:45",
        "end_time": "2019-07-05T03:52:24",
        "sentinel_id": "S1B_IW_GRDH_1SDV_20190705T035135_20190705T035200_016993_01FF91_128D.SAFE",
        "class_name": "oil",
        "confidence": 0.4397,
        "bbox_pixels": [
          394.28,
          201.31,
          497.67,
          1432.47
        ],
        "centroid_lon": 32.160087,
        "centroid_lat": 32.034943,
        "estimated_area_km2": 162.5732,
        "status": "candidate_detection",
        "note": "AI-generated suspected oil-spill candidate; not verified."
      }
    },
    {
      "type": "Feature",
      "geometry": {
        "type": "Polygon",
        "coordinates": [
          [
            [
              34.30680822929462,
              32.973020932195396
            ],
            [
              34.350060046979024,
              32.97979639075517
            ],
            [
              34.34616389784197,
              32.997117099946934
            ],
            [
              34.302912080157576,
              32.99034164138716
            ],
            [
              34.30680822929462,
              32.973020932195396
            ]
          ]
        ]
      },
      "properties": {
        "event_id": "ow-0490_0",
        "image_name": "ow-0490.jpg",
        "patch_name": "S1_20190705_154012_154152_VV_1",
        "start_time": "2019-07-05T15:40:12",
        "end_time": "2019-07-05T15:41:52",
        "sentinel_id": "S1A_IW_GRDH_1SDV_20190705T154102_20190705T154127_027984_0328EF_8C32.SAFE",
        "class_name": "oil",
        "confidence": 0.9091,
        "bbox_pixels": [
          381.93,
          210.07,
          586.94,
          306.19
        ],
        "centroid_lon": 34.326486,
        "centroid_lat": 32.985069,
        "estimated_area_km2": 11.8092,
        "status": "candidate_detection",
        "note": "AI-generated suspected oil-spill candidate; not verified."
      }
    },
    {
      "type": "Feature",
      "geometry": {
        "type": "Polygon",
        "coordinates": [
          [
            [
              34.21846936097546,
              32.996229051240945
            ],
            [
              34.235999102087554,
              32.99897511003864
            ],
            [
              34.23438648128406,
              33.006144172359285
            ],
            [
              34.21685674017197,
              33.00339811356159
            ],
            [
              34.21846936097546,
              32.996229051240945
            ]
          ]
        ]
      },
      "properties": {
        "event_id": "ow-0490_1",
        "image_name": "ow-0490.jpg",
        "patch_name": "S1_20190705_154012_154152_VV_1",
        "start_time": "2019-07-05T15:40:12",
        "end_time": "2019-07-05T15:41:52",
        "sentinel_id": "S1A_IW_GRDH_1SDV_20190705T154102_20190705T154127_027984_0328EF_8C32.SAFE",
        "class_name": "oil",
        "confidence": 0.5897,
        "bbox_pixels": [
          1.37,
          408.67,
          84.46,
          448.45
        ],
        "centroid_lon": 34.226428,
        "centroid_lat": 33.001187,
        "estimated_area_km2": 1.9725,
        "status": "candidate_detection",
        "note": "AI-generated suspected oil-spill candidate; not verified."
      }
    },
    {
      "type": "Feature",
      "geometry": {
        "type": "Polygon",
        "coordinates": [
          [
            [
              34.09672908348955,
              33.00158262316756
            ],
            [
              34.1710934912673,
              33.01323191307479
            ],
            [
              34.16619732515828,
              33.03499829478803
            ],
            [
              34.09183291738053,
              33.0233490048808
            ],
            [
              34.09672908348955,
              33.00158262316756
            ]
          ]
        ]
      },
      "properties": {
        "event_id": "ow-0491_0",
        "image_name": "ow-0491.jpg",
        "patch_name": "S1_20190705_154012_154152_VV_2",
        "start_time": "2019-07-05T15:40:12",
        "end_time": "2019-07-05T15:41:52",
        "sentinel_id": "S1A_IW_GRDH_1SDV_20190705T154102_20190705T154127_027984_0328EF_8C32.SAFE",
        "class_name": "oil",
        "confidence": 0.774,
        "bbox_pixels": [
          125.49,
          271.6,
          477.97,
          392.4
        ],
        "centroid_lon": 34.131463,
        "centroid_lat": 33.01829,
        "estimated_area_km2": 27.5204,
        "status": "candidate_detection",
        "note": "AI-generated suspected oil-spill candidate; not verified."
      }
    },
    {
      "type": "Feature",
      "geometry": {
        "type": "Polygon",
        "coordinates": [
          [
            [
              31.66507769486121,
              33.19023587574603
            ],
            [
              31.68369982086555,
              33.19291616053665
            ],
            [
              31.68228699447476,
              33.1997466777366
            ],
            [
              31.663664868470427,
              33.197066392945985
            ],
            [
              31.66507769486121,
              33.19023587574603
            ]
          ]
        ]
      },
      "properties": {
        "event_id": "ow-0492_0",
        "image_name": "ow-0492.jpg",
        "patch_name": "S1_20190709_155646_155740_VV_0",
        "start_time": "2019-07-09T15:56:46",
        "end_time": "2019-07-09T15:57:40",
        "sentinel_id": "S1B_IW_GRDH_1SDV_20190709T155646_20190709T155715_017059_020187_97CC.SAFE",
        "class_name": "oil",
        "confidence": 0.7841,
        "bbox_pixels": [
          258.41,
          304.99,
          346.45,
          342.84
        ],
        "centroid_lon": 31.673682,
        "centroid_lat": 33.194991,
        "estimated_area_km2": 1.976,
        "status": "candidate_detection",
        "note": "AI-generated suspected oil-spill candidate; not verified."
      }
    },
    {
      "type": "Feature",
      "geometry": {
        "type": "Polygon",
        "coordinates": [
          [
            [
              32.99869469374054,
              31.974772839058094
            ],
            [
              33.006775600650194,
              31.976018880098422
            ],
            [
              33.00575269237794,
              31.980790550344587
            ],
            [
              32.99767178546827,
              31.97954450930426
            ],
            [
              32.99869469374054,
              31.974772839058094
            ]
          ]
        ]
      },
      "properties": {
        "event_id": "ow-0503_0",
        "image_name": "ow-0503.jpg",
        "patch_name": "S1_20190710_154840_155020_VV_6",
        "start_time": "2019-07-10T15:48:40",
        "end_time": "2019-07-10T15:50:20",
        "sentinel_id": "S1A_IW_GRDH_1SDV_20190710T154905_20190710T154930_028057_032B2E_E9D6.SAFE",
        "class_name": "oil",
        "confidence": 0.8096,
        "bbox_pixels": [
          323.65,
          291.76,
          362.52,
          318.24
        ],
        "centroid_lon": 33.002224,
        "centroid_lat": 31.977782,
        "estimated_area_km2": 0.5759,
        "status": "candidate_detection",
        "note": "AI-generated suspected oil-spill candidate; not verified."
      }
    },
    {
      "type": "Feature",
      "geometry": {
        "type": "Polygon",
        "coordinates": [
          [
            [
              30.148619750833426,
              32.60281338865626
            ],
            [
              30.129833326327205,
              32.605667348792494
            ],
            [
              30.12885377390585,
              32.601082137068325
            ],
            [
              30.147640198412073,
              32.59822817693209
            ],
            [
              30.148619750833426,
              32.60281338865626
            ]
          ]
        ]
      },
      "properties": {
        "event_id": "ow-0516_0",
        "image_name": "ow-0516.jpg",
        "patch_name": "S1_20190716_035932_040112_VV_3",
        "start_time": "2019-07-16T03:59:32",
        "end_time": "2019-07-16T04:01:12",
        "sentinel_id": "S1A_IW_GRDH_1SDV_20190716T040022_20190716T040047_028137_032D90_2975.SAFE",
        "class_name": "oil",
        "confidence": 0.6928,
        "bbox_pixels": [
          274.38,
          308.28,
          364.22,
          333.72
        ],
        "centroid_lon": 30.138737,
        "centroid_lat": 32.601948,
        "estimated_area_km2": 1.5351,
        "status": "candidate_detection",
        "note": "AI-generated suspected oil-spill candidate; not verified."
      }
    },
    {
      "type": "Feature",
      "geometry": {
        "type": "Polygon",
        "coordinates": [
          [
            [
              32.14114854828563,
              32.43437921232836
            ],
            [
              32.21416720620552,
              32.44602094999642
            ],
            [
              32.20862042689869,
              32.470738435250304
            ],
            [
              32.135601768978795,
              32.459096697582254
            ],
            [
              32.14114854828563,
              32.43437921232836
            ]
          ]
        ]
      },
      "properties": {
        "event_id": "ow-0523_0",
        "image_name": "ow-0523.jpg",
        "patch_name": "S1_20190716_154751_154931_VV_6",
        "start_time": "2019-07-16T15:47:51",
        "end_time": "2019-07-16T15:49:31",
        "sentinel_id": "S1B_IW_GRDH_1SDV_20190716T154816_20190716T154841_017161_020487_EEF7.SAFE",
        "class_name": "oil",
        "confidence": 0.9383,
        "bbox_pixels": [
          138.96,
          252.18,
          488.49,
          389.05
        ],
        "centroid_lon": 32.174884,
        "centroid_lat": 32.452559,
        "estimated_area_km2": 29.8711,
        "status": "candidate_detection",
        "note": "AI-generated suspected oil-spill candidate; not verified."
      }
    },
    {
      "type": "Feature",
      "geometry": {
        "type": "Polygon",
        "coordinates": [
          [
            [
              31.215600291916402,
              32.38579982255586
            ],
            [
              31.188362468985986,
              32.38977091972167
            ],
            [
              31.181581251030206,
              32.35660007017531
            ],
            [
              31.208819073960626,
              32.35262897300951
            ],
            [
              31.215600291916402,
              32.38579982255586
            ]
          ]
        ]
      },
      "properties": {
        "event_id": "ow-0545_0",
        "image_name": "ow-0545.jpg",
        "patch_name": "S1_20190723_035122_035304_VV_4",
        "start_time": "2019-07-23T03:51:22",
        "end_time": "2019-07-23T03:53:04",
        "sentinel_id": "S1A_IW_GRDH_1SDV_20190723T035212_20190723T035237_028239_0330A7_A061.SAFE",
        "class_name": "oil",
        "confidence": 0.9327,
        "bbox_pixels": [
          253.87,
          229.09,
          384.16,
          413.22
        ],
        "centroid_lon": 31.198591,
        "centroid_lat": 32.3712,
        "estimated_area_km2": 13.2246,
        "status": "candidate_detection",
        "note": "AI-generated suspected oil-spill candidate; not verified."
      }
    },
    {
      "type": "Feature",
      "geometry": {
        "type": "Polygon",
        "coordinates": [
          [
            [
              34.297812390984966,
              34.494497603998724
            ],
            [
              34.303738638115746,
              34.495380192040116
            ],
            [
              34.30296491983604,
              34.498915951565166
            ],
            [
              34.29703867270526,
              34.49803336352378
            ],
            [
              34.297812390984966,
              34.494497603998724
            ]
          ]
        ]
      },
      "properties": {
        "event_id": "ow-0550_0",
        "image_name": "ow-0550.jpg",
        "patch_name": "S1_20190723_153948_154103_VV_5",
        "start_time": "2019-07-23T15:39:48",
        "end_time": "2019-07-23T15:41:03",
        "sentinel_id": "S1B_IW_GRDH_1SDV_20190723T154038_20190723T154103_017263_020781_85CD.SAFE",
        "class_name": "oil",
        "confidence": 0.8035,
        "bbox_pixels": [
          78.32,
          321.64,
          105.9,
          341.28
        ],
        "centroid_lon": 34.300389,
        "centroid_lat": 34.496707,
        "estimated_area_km2": 0.3023,
        "status": "candidate_detection",
        "note": "AI-generated suspected oil-spill candidate; not verified."
      }
    },
    {
      "type": "Feature",
      "geometry": {
        "type": "Polygon",
        "coordinates": [
          [
            [
              34.397549060028226,
              34.50500655086438
            ],
            [
              34.40380833129582,
              34.50593873574407
            ],
            [
              34.40271777493076,
              34.51092239085021
            ],
            [
              34.396458503663155,
              34.50999020597053
            ],
            [
              34.397549060028226,
              34.50500655086438
            ]
          ]
        ]
      },
      "properties": {
        "event_id": "ow-0550_1",
        "image_name": "ow-0550.jpg",
        "patch_name": "S1_20190723_153948_154103_VV_5",
        "start_time": "2019-07-23T15:39:48",
        "end_time": "2019-07-23T15:41:03",
        "sentinel_id": "S1B_IW_GRDH_1SDV_20190723T154038_20190723T154103_017263_020781_85CD.SAFE",
        "class_name": "oil",
        "confidence": 0.7746,
        "bbox_pixels": [
          538.33,
          298.28,
          567.47,
          325.95
        ],
        "centroid_lon": 34.400133,
        "centroid_lat": 34.507964,
        "estimated_area_km2": 0.444,
        "status": "candidate_detection",
        "note": "AI-generated suspected oil-spill candidate; not verified."
      }
    },
    {
      "type": "Feature",
      "geometry": {
        "type": "Polygon",
        "coordinates": [
          [
            [
              32.764334488993306,
              31.48440015914344
            ],
            [
              32.750833914698696,
              31.48636928186251
            ],
            [
              32.75011761601192,
              31.482874784021305
            ],
            [
              32.763618190306524,
              31.480905661302238
            ],
            [
              32.764334488993306,
              31.48440015914344
            ]
          ]
        ]
      },
      "properties": {
        "event_id": "ow-0554_0",
        "image_name": "ow-0554.jpg",
        "patch_name": "S1_20190724_034223_034403_VV_8",
        "start_time": "2019-07-24T03:42:23",
        "end_time": "2019-07-24T03:44:03",
        "sentinel_id": "S1B_IW_GRDH_1SDV_20190724T034338_20190724T034403_017270_0207B2_57DF.SAFE",
        "class_name": "oil",
        "confidence": 0.7542,
        "bbox_pixels": [
          288.67,
          310.2,
          353.91,
          329.62
        ],
        "centroid_lon": 32.757226,
        "centroid_lat": 31.483637,
        "estimated_area_km2": 0.8209,
        "status": "candidate_detection",
        "note": "AI-generated suspected oil-spill candidate; not verified."
      }
    },
    {
      "type": "Feature",
      "geometry": {
        "type": "Polygon",
        "coordinates": [
          [
            [
              31.708665464184698,
              31.839375041164676
            ],
            [
              31.711585887856934,
              31.839812042873252
            ],
            [
              31.71103275337915,
              31.842471358315553
            ],
            [
              31.708112329706914,
              31.842034356606973
            ],
            [
              31.708665464184698,
              31.839375041164676
            ]
          ]
        ]
      },
      "properties": {
        "event_id": "ow-0555_0",
        "image_name": "ow-0555.jpg",
        "patch_name": "S1_20190727_155643_155823_VV_2",
        "start_time": "2019-07-27T15:56:43",
        "end_time": "2019-07-27T15:58:23",
        "sentinel_id": "S1A_IW_GRDH_1SDV_20190727T155708_20190727T155733_028305_0332B2_BDB8.SAFE",
        "class_name": "oil",
        "confidence": 0.5427,
        "bbox_pixels": [
          326.35,
          278.83,
          340.39,
          293.56
        ],
        "centroid_lon": 31.709849,
        "centroid_lat": 31.840923,
        "estimated_area_km2": 0.1132,
        "status": "candidate_detection",
        "note": "AI-generated suspected oil-spill candidate; not verified."
      }
    },
    {
      "type": "Feature",
      "geometry": {
        "type": "Polygon",
        "coordinates": [
          [
            [
              33.63750505754031,
              32.08186590741066
            ],
            [
              33.624839884079854,
              32.08375974470693
            ],
            [
              33.62348579817464,
              32.07731656519989
            ],
            [
              33.636150971635104,
              32.075422727903614
            ],
            [
              33.63750505754031,
              32.08186590741066
            ]
          ]
        ]
      },
      "properties": {
        "event_id": "ow-0566_0",
        "image_name": "ow-0566.jpg",
        "patch_name": "S1_20190730_034303_034443_VV_6",
        "start_time": "2019-07-30T03:43:03",
        "end_time": "2019-07-30T03:44:43",
        "sentinel_id": "S1A_IW_GRDH_1SDV_20190730T034353_20190730T034418_028341_0333D2_2D41.SAFE",
        "class_name": "oil",
        "confidence": 0.7533,
        "bbox_pixels": [
          302.77,
          310.62,
          363.57,
          346.38
        ],
        "centroid_lon": 33.630495,
        "centroid_lat": 32.079591,
        "estimated_area_km2": 1.2272,
        "status": "candidate_detection",
        "note": "AI-generated suspected oil-spill candidate; not verified."
      }
    },
    {
      "type": "Feature",
      "geometry": {
        "type": "Polygon",
        "coordinates": [
          [
            [
              32.04469234622246,
              31.75602588247794
            ],
            [
              32.03035222152003,
              31.758213308679974
            ],
            [
              32.02909947569737,
              31.752337845365865
            ],
            [
              32.04343960039981,
              31.75015041916383
            ],
            [
              32.04469234622246,
              31.75602588247794
            ]
          ]
        ]
      },
      "properties": {
        "event_id": "ow-0572_0",
        "image_name": "ow-0572.jpg",
        "patch_name": "S1_20190804_035123_035304_VV_2",
        "start_time": "2019-08-04T03:51:23",
        "end_time": "2019-08-04T03:53:04",
        "sentinel_id": "S1A_IW_GRDH_1SDV_20190804T035213_20190804T035238_028414_0335FE_557C.SAFE",
        "class_name": "oil",
        "confidence": 0.796,
        "bbox_pixels": [
          69.24,
          552.75,
          138.02,
          585.35
        ],
        "centroid_lon": 32.036896,
        "centroid_lat": 31.754182,
        "estimated_area_km2": 1.3248,
        "status": "candidate_detection",
        "note": "AI-generated suspected oil-spill candidate; not verified."
      }
    },
    {
      "type": "Feature",
      "geometry": {
        "type": "Polygon",
        "coordinates": [
          [
            [
              34.480263140387635,
              32.98386580645116
            ],
            [
              34.47193687512382,
              32.98512616958533
            ],
            [
              34.46984054108995,
              32.97518811227711
            ],
            [
              34.47816680635378,
              32.973927749142945
            ],
            [
              34.480263140387635,
              32.98386580645116
            ]
          ]
        ]
      },
      "properties": {
        "event_id": "ow-0584_0",
        "image_name": "ow-0584.jpg",
        "patch_name": "S1_20190811_034304_034444_VV_4",
        "start_time": "2019-08-11T03:43:04",
        "end_time": "2019-08-11T03:44:44",
        "sentinel_id": "S1A_IW_GRDH_1SDV_20190811T034354_20190811T034419_028516_03394F_EA40.SAFE",
        "class_name": "oil",
        "confidence": 0.778,
        "bbox_pixels": [
          301.88,
          291.56,
          341.39,
          346.64
        ],
        "centroid_lon": 34.475052,
        "centroid_lat": 32.979527,
        "estimated_area_km2": 1.2133,
        "status": "candidate_detection",
        "note": "AI-generated suspected oil-spill candidate; not verified."
      }
    },
    {
      "type": "Feature",
      "geometry": {
        "type": "Polygon",
        "coordinates": [
          [
            [
              34.48819003664205,
              33.02080456674792
            ],
            [
              34.48648556372753,
              33.021062576162294
            ],
            [
              34.48597481803787,
              33.01864129222009
            ],
            [
              34.4876792909524,
              33.018383282805715
            ],
            [
              34.48819003664205,
              33.02080456674792
            ]
          ]
        ]
      },
      "properties": {
        "event_id": "ow-0584_1",
        "image_name": "ow-0584.jpg",
        "patch_name": "S1_20190811_034304_034444_VV_4",
        "start_time": "2019-08-11T03:43:04",
        "end_time": "2019-08-11T03:44:44",
        "sentinel_id": "S1A_IW_GRDH_1SDV_20190811T034354_20190811T034419_028516_03394F_EA40.SAFE",
        "class_name": "oil",
        "confidence": 0.4372,
        "bbox_pixels": [
          301.26,
          86.71,
          309.35,
          100.13
        ],
        "centroid_lon": 34.487082,
        "centroid_lat": 33.019723,
        "estimated_area_km2": 0.0617,
        "status": "candidate_detection",
        "note": "AI-generated suspected oil-spill candidate; not verified."
      }
    },
    {
      "type": "Feature",
      "geometry": {
        "type": "Polygon",
        "coordinates": [
          [
            [
              32.33044335317675,
              31.8556241372533
            ],
            [
              32.336365982466404,
              31.85646950473005
            ],
            [
              32.334967718550494,
              31.863495239069962
            ],
            [
              32.32904508926083,
              31.862649871593213
            ],
            [
              32.33044335317675,
              31.8556241372533
            ]
          ]
        ]
      },
      "properties": {
        "event_id": "ow-0621_0",
        "image_name": "ow-0621.jpg",
        "patch_name": "S1_20190820_155645_155825_VV_7",
        "start_time": "2019-08-20T15:56:45",
        "end_time": "2019-08-20T15:58:25",
        "sentinel_id": "S1A_IW_GRDH_1SDV_20190820T155710_20190820T155735_028655_033E24_AFFA.SAFE",
        "class_name": "oil",
        "confidence": 0.6826,
        "bbox_pixels": [
          279.45,
          393.52,
          307.88,
          432.47
        ],
        "centroid_lon": 32.332706,
        "centroid_lat": 31.85956,
        "estimated_area_km2": 0.6065,
        "status": "candidate_detection",
        "note": "AI-generated suspected oil-spill candidate; not verified."
      }
    },
    {
      "type": "Feature",
      "geometry": {
        "type": "Polygon",
        "coordinates": [
          [
            [
              32.324593518054215,
              31.861844045900177
            ],
            [
              32.334267328998486,
              31.863224838914313
            ],
            [
              32.332494997487146,
              31.872130117967302
            ],
            [
              32.322821186542875,
              31.870749324953167
            ],
            [
              32.324593518054215,
              31.861844045900177
            ]
          ]
        ]
      },
      "properties": {
        "event_id": "ow-0621_1",
        "image_name": "ow-0621.jpg",
        "patch_name": "S1_20190820_155645_155825_VV_7",
        "start_time": "2019-08-20T15:56:45",
        "end_time": "2019-08-20T15:58:25",
        "sentinel_id": "S1A_IW_GRDH_1SDV_20190820T155710_20190820T155735_028655_033E24_AFFA.SAFE",
        "class_name": "oil",
        "confidence": 0.5813,
        "bbox_pixels": [
          257.92,
          431.56,
          304.36,
          480.93
        ],
        "centroid_lon": 32.328544,
        "centroid_lat": 31.866987,
        "estimated_area_km2": 1.2391,
        "status": "candidate_detection",
        "note": "AI-generated suspected oil-spill candidate; not verified."
      }
    },
    {
      "type": "Feature",
      "geometry": {
        "type": "Polygon",
        "coordinates": [
          [
            [
              32.31636286359235,
              31.808722142533913
            ],
            [
              32.322330420239815,
              31.80957392272455
            ],
            [
              32.3207836580442,
              31.817345803375847
            ],
            [
              32.31481610139674,
              31.816494023185207
            ],
            [
              32.31636286359235,
              31.808722142533913
            ]
          ]
        ]
      },
      "properties": {
        "event_id": "ow-0621_2",
        "image_name": "ow-0621.jpg",
        "patch_name": "S1_20190820_155645_155825_VV_7",
        "start_time": "2019-08-20T15:56:45",
        "end_time": "2019-08-20T15:58:25",
        "sentinel_id": "S1A_IW_GRDH_1SDV_20190820T155710_20190820T155735_028655_033E24_AFFA.SAFE",
        "class_name": "oil",
        "confidence": 0.5272,
        "bbox_pixels": [
          170.16,
          151.47,
          198.8,
          194.56
        ],
        "centroid_lon": 32.318573,
        "centroid_lat": 31.813034,
        "estimated_area_km2": 0.6824,
        "status": "candidate_detection",
        "note": "AI-generated suspected oil-spill candidate; not verified."
      }
    },
    {
      "type": "Feature",
      "geometry": {
        "type": "Polygon",
        "coordinates": [
          [
            [
              32.314810880435026,
              31.809063953981102
            ],
            [
              32.33736141317538,
              31.81228270802255
            ],
            [
              32.33175034721485,
              31.840476140144922
            ],
            [
              32.30919981447449,
              31.837257386103484
            ],
            [
              32.314810880435026,
              31.809063953981102
            ]
          ]
        ]
      },
      "properties": {
        "event_id": "ow-0621_3",
        "image_name": "ow-0621.jpg",
        "patch_name": "S1_20190820_155645_155825_VV_7",
        "start_time": "2019-08-20T15:56:45",
        "end_time": "2019-08-20T15:58:25",
        "sentinel_id": "S1A_IW_GRDH_1SDV_20190820T155710_20190820T155735_028655_033E24_AFFA.SAFE",
        "class_name": "oil",
        "confidence": 0.482,
        "bbox_pixels": [
          163.23,
          154.51,
          271.48,
          310.84
        ],
        "centroid_lon": 32.323281,
        "centroid_lat": 31.82477,
        "estimated_area_km2": 9.3143,
        "status": "candidate_detection",
        "note": "AI-generated suspected oil-spill candidate; not verified."
      }
    },
    {
      "type": "Feature",
      "geometry": {
        "type": "Polygon",
        "coordinates": [
          [
            [
              30.735943875435435,
              32.30831832040755
            ],
            [
              30.75923565368314,
              32.311933775658005
            ],
            [
              30.753758536956354,
              32.33706454180083
            ],
            [
              30.73046675870865,
              32.333449086550374
            ],
            [
              30.735943875435435,
              32.30831832040755
            ]
          ]
        ]
      },
      "properties": {
        "event_id": "ow-0626_0",
        "image_name": "ow-0626.jpg",
        "patch_name": "S1_20190820_155645_155825_VV_12",
        "start_time": "2019-08-20T15:56:45",
        "end_time": "2019-08-20T15:58:25",
        "sentinel_id": "S1A_IW_GRDH_1SDV_20190820T155710_20190820T155735_028655_033E24_AFFA.SAFE",
        "class_name": "oil",
        "confidence": 0.9133,
        "bbox_pixels": [
          255.19,
          267.78,
          366.72,
          406.99
        ],
        "centroid_lon": 30.744851,
        "centroid_lat": 32.322691,
        "estimated_area_km2": 8.6603,
        "status": "candidate_detection",
        "note": "AI-generated suspected oil-spill candidate; not verified."
      }
    },
    {
      "type": "Feature",
      "geometry": {
        "type": "Polygon",
        "coordinates": [
          [
            [
              32.378137614367496,
              31.291761258926712
            ],
            [
              32.41726807303295,
              31.298097195575927
            ],
            [
              32.41271847651011,
              31.3185286583142
            ],
            [
              32.373588017844654,
              31.31219272166498
            ],
            [
              32.378137614367496,
              31.291761258926712
            ]
          ]
        ]
      },
      "properties": {
        "event_id": "ow-0636_0",
        "image_name": "ow-0636.jpg",
        "patch_name": "S1_20190821_154753_154933_VV_2",
        "start_time": "2019-08-21T15:47:53",
        "end_time": "2019-08-21T15:49:33",
        "sentinel_id": "S1B_IW_GRDH_1SDV_20190821T154818_20190821T154843_017686_021461_4D57.SAFE",
        "class_name": "oil",
        "confidence": 0.9681,
        "bbox_pixels": [
          49.42,
          383.9,
          239.19,
          497.01
        ],
        "centroid_lon": 32.395428,
        "centroid_lat": 31.305145,
        "estimated_area_km2": 12.3795,
        "status": "candidate_detection",
        "note": "AI-generated suspected oil-spill candidate; not verified."
      }
    },
    {
      "type": "Feature",
      "geometry": {
        "type": "Polygon",
        "coordinates": [
          [
            [
              32.38132244951384,
              31.2483082512677
            ],
            [
              32.39108864775838,
              31.249889577311187
            ],
            [
              32.38827009322475,
              31.26254722544339
            ],
            [
              32.378503894980206,
              31.260965899399913
            ],
            [
              32.38132244951384,
              31.2483082512677
            ]
          ]
        ]
      },
      "properties": {
        "event_id": "ow-0636_1",
        "image_name": "ow-0636.jpg",
        "patch_name": "S1_20190821_154753_154933_VV_2",
        "start_time": "2019-08-21T15:47:53",
        "end_time": "2019-08-21T15:49:33",
        "sentinel_id": "S1B_IW_GRDH_1SDV_20190821T154818_20190821T154843_017686_021461_4D57.SAFE",
        "class_name": "oil",
        "confidence": 0.8894,
        "bbox_pixels": [
          19.03,
          148.95,
          66.39,
          219.03
        ],
        "centroid_lon": 32.384796,
        "centroid_lat": 31.255428,
        "estimated_area_km2": 1.8983,
        "status": "candidate_detection",
        "note": "AI-generated suspected oil-spill candidate; not verified."
      }
    },
    {
      "type": "Feature",
      "geometry": {
        "type": "Polygon",
        "coordinates": [
          [
            [
              32.42425250166567,
              31.261899935194386
            ],
            [
              32.441468565498006,
              31.264687530676532
            ],
            [
              32.434548305244476,
              31.29576524027105
            ],
            [
              32.41733224141214,
              31.292977644788895
            ],
            [
              32.42425250166567,
              31.261899935194386
            ]
          ]
        ]
      },
      "properties": {
        "event_id": "ow-0636_2",
        "image_name": "ow-0636.jpg",
        "patch_name": "S1_20190821_154753_154933_VV_2",
        "start_time": "2019-08-21T15:47:53",
        "end_time": "2019-08-21T15:49:33",
        "sentinel_id": "S1B_IW_GRDH_1SDV_20190821T154818_20190821T154843_017686_021461_4D57.SAFE",
        "class_name": "oil",
        "confidence": 0.8218,
        "bbox_pixels": [
          234.15,
          184.44,
          317.65,
          356.49
        ],
        "centroid_lon": 32.4294,
        "centroid_lat": 31.278833,
        "estimated_area_km2": 8.6569,
        "status": "candidate_detection",
        "note": "AI-generated suspected oil-spill candidate; not verified."
      }
    },
    {
      "type": "Feature",
      "geometry": {
        "type": "Polygon",
        "coordinates": [
          [
            [
              32.383759379137146,
              31.278611923678472
            ],
            [
              32.38738616951793,
              31.279199167346867
            ],
            [
              32.38628408670859,
              31.284148433450035
            ],
            [
              32.38265729632781,
              31.283561189781636
            ],
            [
              32.383759379137146,
              31.278611923678472
            ]
          ]
        ]
      },
      "properties": {
        "event_id": "ow-0636_3",
        "image_name": "ow-0636.jpg",
        "patch_name": "S1_20190821_154753_154933_VV_2",
        "start_time": "2019-08-21T15:47:53",
        "end_time": "2019-08-21T15:49:33",
        "sentinel_id": "S1B_IW_GRDH_1SDV_20190821T154818_20190821T154843_017686_021461_4D57.SAFE",
        "class_name": "oil",
        "confidence": 0.5763,
        "bbox_pixels": [
          62.02,
          308.77,
          79.61,
          336.17
        ],
        "centroid_lon": 32.385022,
        "centroid_lat": 31.28138,
        "estimated_area_km2": 0.2773,
        "status": "candidate_detection",
        "note": "AI-generated suspected oil-spill candidate; not verified."
      }
    },
    {
      "type": "Feature",
      "geometry": {
        "type": "Polygon",
        "coordinates": [
          [
            [
              32.417963702862764,
              31.274512975086836
            ],
            [
              32.42188470358726,
              31.27514785678869
            ],
            [
              32.42087414585488,
              31.27968609936704
            ],
            [
              32.41695314513038,
              31.279051217665184
            ],
            [
              32.417963702862764,
              31.274512975086836
            ]
          ]
        ]
      },
      "properties": {
        "event_id": "ow-0636_4",
        "image_name": "ow-0636.jpg",
        "patch_name": "S1_20190821_154753_154933_VV_2",
        "start_time": "2019-08-21T15:47:53",
        "end_time": "2019-08-21T15:49:33",
        "sentinel_id": "S1B_IW_GRDH_1SDV_20190821T154818_20190821T154843_017686_021461_4D57.SAFE",
        "class_name": "oil",
        "confidence": 0.474,
        "bbox_pixels": [
          217.86,
          257.27,
          236.88,
          282.4
        ],
        "centroid_lon": 32.419419,
        "centroid_lat": 31.2771,
        "estimated_area_km2": 0.2702,
        "status": "candidate_detection",
        "note": "AI-generated suspected oil-spill candidate; not verified."
      }
    },
    {
      "type": "Feature",
      "geometry": {
        "type": "Polygon",
        "coordinates": [
          [
            [
              32.40948560550342,
              31.29547500551351
            ],
            [
              32.41520461146531,
              31.296401017134805
            ],
            [
              32.41367923361405,
              31.303251229142266
            ],
            [
              32.40796022765216,
              31.302325217520973
            ],
            [
              32.40948560550342,
              31.29547500551351
            ]
          ]
        ]
      },
      "properties": {
        "event_id": "ow-0636_5",
        "image_name": "ow-0636.jpg",
        "patch_name": "S1_20190821_154753_154933_VV_2",
        "start_time": "2019-08-21T15:47:53",
        "end_time": "2019-08-21T15:49:33",
        "sentinel_id": "S1B_IW_GRDH_1SDV_20190821T154818_20190821T154843_017686_021461_4D57.SAFE",
        "class_name": "oil",
        "confidence": 0.4504,
        "bbox_pixels": [
          200.03,
          376.62,
          227.76,
          414.54
        ],
        "centroid_lon": 32.411582,
        "centroid_lat": 31.299363,
        "estimated_area_km2": 0.5965,
        "status": "candidate_detection",
        "note": "AI-generated suspected oil-spill candidate; not verified."
      }
    },
    {
      "type": "Feature",
      "geometry": {
        "type": "Polygon",
        "coordinates": [
          [
            [
              32.42990977509508,
              34.502787190062904
            ],
            [
              32.42158653210815,
              34.50401649584311
            ],
            [
              32.42088223990603,
              34.500770843942206
            ],
            [
              32.42920548289296,
              34.49954153816199
            ],
            [
              32.42990977509508,
              34.502787190062904
            ]
          ]
        ]
      },
      "properties": {
        "event_id": "ow-0648_0",
        "image_name": "ow-0648.jpg",
        "patch_name": "S1_20190822_035047_035226_VV_2",
        "start_time": "2019-08-22T03:50:47",
        "end_time": "2019-08-22T03:52:26",
        "sentinel_id": "S1B_IW_GRDH_1SDV_20190822T035047_20190822T035112_017693_021497_D54D.SAFE",
        "class_name": "oil",
        "confidence": 0.778,
        "bbox_pixels": [
          242.08,
          325.59,
          281.02,
          343.61
        ],
        "centroid_lon": 32.425396,
        "centroid_lat": 34.501779,
        "estimated_area_km2": 0.4126,
        "status": "candidate_detection",
        "note": "AI-generated suspected oil-spill candidate; not verified."
      }
    },
    {
      "type": "Feature",
      "geometry": {
        "type": "Polygon",
        "coordinates": [
          [
            [
              32.09706386421721,
              31.718459470116446
            ],
            [
              32.05794094489275,
              31.724492641103883
            ],
            [
              32.04506024378518,
              31.66441207373937
            ],
            [
              32.08418316310964,
              31.65837890275194
            ],
            [
              32.09706386421721,
              31.718459470116446
            ]
          ]
        ]
      },
      "properties": {
        "event_id": "ow-0651_0",
        "image_name": "ow-0651.jpg",
        "patch_name": "S1_20190822_035047_035226_VV_6",
        "start_time": "2019-08-22T03:50:47",
        "end_time": "2019-08-22T03:52:26",
        "sentinel_id": "S1B_IW_GRDH_1SDV_20190822T035137_20190822T035202_017693_021497_9677.SAFE",
        "class_name": "oil",
        "confidence": 0.9097,
        "bbox_pixels": [
          217.2,
          161.07,
          405.37,
          494.48
        ],
        "centroid_lon": 32.071062,
        "centroid_lat": 31.691436,
        "estimated_area_km2": 36.2531,
        "status": "candidate_detection",
        "note": "AI-generated suspected oil-spill candidate; not verified."
      }
    },
    {
      "type": "Feature",
      "geometry": {
        "type": "Polygon",
        "coordinates": [
          [
            [
              31.982436917771693,
              31.636510005211917
            ],
            [
              31.991175597041387,
              31.63786243621924
            ],
            [
              31.989231884468488,
              31.64699660553968
            ],
            [
              31.980493205198787,
              31.645644174532354
            ],
            [
              31.982436917771693,
              31.636510005211917
            ]
          ]
        ]
      },
      "properties": {
        "event_id": "ow-0660_0",
        "image_name": "ow-0660.jpg",
        "patch_name": "S1_20190826_155617_155642_VV_1",
        "start_time": "2019-08-26T15:56:17",
        "end_time": "2019-08-26T15:56:42",
        "sentinel_id": "S1B_IW_GRDH_1SDV_20190826T155617_20190826T155642_017759_0216AD_1EE1.SAFE",
        "class_name": "oil",
        "confidence": 0.7798,
        "bbox_pixels": [
          495.83,
          151.37,
          538.14,
          202.16
        ],
        "centroid_lon": 31.985834,
        "centroid_lat": 31.641753,
        "estimated_area_km2": 1.1818,
        "status": "candidate_detection",
        "note": "AI-generated suspected oil-spill candidate; not verified."
      }
    },
    {
      "type": "Feature",
      "geometry": {
        "type": "Polygon",
        "coordinates": [
          [
            [
              31.90433027029891,
              31.678135684893707
            ],
            [
              31.909259829118522,
              31.678898602034195
            ],
            [
              31.908695758749012,
              31.681549361377712
            ],
            [
              31.9037661999294,
              31.68078644423722
            ],
            [
              31.90433027029891,
              31.678135684893707
            ]
          ]
        ]
      },
      "properties": {
        "event_id": "ow-0660_1",
        "image_name": "ow-0660.jpg",
        "patch_name": "S1_20190826_155617_155642_VV_1",
        "start_time": "2019-08-26T15:56:17",
        "end_time": "2019-08-26T15:56:42",
        "sentinel_id": "S1B_IW_GRDH_1SDV_20190826T155617_20190826T155642_017759_0216AD_1EE1.SAFE",
        "class_name": "oil",
        "confidence": 0.6652,
        "bbox_pixels": [
          171.25,
          440.53,
          195.11,
          455.28
        ],
        "centroid_lon": 31.906513,
        "centroid_lat": 31.679843,
        "estimated_area_km2": 0.1978,
        "status": "candidate_detection",
        "note": "AI-generated suspected oil-spill candidate; not verified."
      }
    },
    {
      "type": "Feature",
      "geometry": {
        "type": "Polygon",
        "coordinates": [
          [
            [
              31.889743895198443,
              31.6816184555841
            ],
            [
              31.893877607942038,
              31.682258204580172
            ],
            [
              31.893215464374435,
              31.685369843381736
            ],
            [
              31.88908175163084,
              31.68473009438566
            ],
            [
              31.889743895198443,
              31.6816184555841
            ]
          ]
        ]
      },
      "properties": {
        "event_id": "ow-0660_2",
        "image_name": "ow-0660.jpg",
        "patch_name": "S1_20190826_155617_155642_VV_1",
        "start_time": "2019-08-26T15:56:17",
        "end_time": "2019-08-26T15:56:42",
        "sentinel_id": "S1B_IW_GRDH_1SDV_20190826T155617_20190826T155642_017759_0216AD_1EE1.SAFE",
        "class_name": "oil",
        "confidence": 0.5029,
        "bbox_pixels": [
          106.35,
          471.44,
          126.37,
          488.74
        ],
        "centroid_lon": 31.89148,
        "centroid_lat": 31.683494,
        "estimated_area_km2": 0.1897,
        "status": "candidate_detection",
        "note": "AI-generated suspected oil-spill candidate; not verified."
      }
    },
    {
      "type": "Feature",
      "geometry": {
        "type": "Polygon",
        "coordinates": [
          [
            [
              31.2578881473206,
              34.689738218358436
            ],
            [
              31.332966677667,
              34.70030763036766
            ],
            [
              31.326650140252735,
              34.730561150745075
            ],
            [
              31.25157160990634,
              34.71999173873585
            ],
            [
              31.2578881473206,
              34.689738218358436
            ]
          ]
        ]
      },
      "properties": {
        "event_id": "ow-0665_0",
        "image_name": "ow-0665.jpg",
        "patch_name": "S1_20190826_155648_155742_VV_2",
        "start_time": "2019-08-26T15:56:48",
        "end_time": "2019-08-26T15:57:42",
        "sentinel_id": "S1B_IW_GRDH_1SDV_20190826T155717_20190826T155742_017759_0216AE_718C.SAFE",
        "class_name": "oil",
        "confidence": 0.9041,
        "bbox_pixels": [
          10.6,
          453.33,
          360.13,
          621.01
        ],
        "centroid_lon": 31.292269,
        "centroid_lat": 34.71015,
        "estimated_area_km2": 33.8488,
        "status": "candidate_detection",
        "note": "AI-generated suspected oil-spill candidate; not verified."
      }
    },
    {
      "type": "Feature",
      "geometry": {
        "type": "Polygon",
        "coordinates": [
          [
            [
              31.363625069474224,
              34.67105308748636
            ],
            [
              31.369392201939366,
              34.67186497337243
            ],
            [
              31.368575682023987,
              34.67577575554287
            ],
            [
              31.362808549558846,
              34.67496386965679
            ],
            [
              31.363625069474224,
              34.67105308748636
            ]
          ]
        ]
      },
      "properties": {
        "event_id": "ow-0665_1",
        "image_name": "ow-0665.jpg",
        "patch_name": "S1_20190826_155648_155742_VV_2",
        "start_time": "2019-08-26T15:56:48",
        "end_time": "2019-08-26T15:57:42",
        "sentinel_id": "S1B_IW_GRDH_1SDV_20190826T155717_20190826T155742_017759_0216AE_718C.SAFE",
        "class_name": "oil",
        "confidence": 0.7136,
        "bbox_pixels": [
          471.15,
          272.57,
          498.0,
          294.25
        ],
        "centroid_lon": 31.3661,
        "centroid_lat": 34.673414,
        "estimated_area_km2": 0.3169,
        "status": "candidate_detection",
        "note": "AI-generated suspected oil-spill candidate; not verified."
      }
    },
    {
      "type": "Feature",
      "geometry": {
        "type": "Polygon",
        "coordinates": [
          [
            [
              31.310146961479518,
              34.63913681512644
            ],
            [
              31.373701931619824,
              34.64808396235412
            ],
            [
              31.36920109844536,
              34.66964103377293
            ],
            [
              31.30564612830506,
              34.66069388654525
            ],
            [
              31.310146961479518,
              34.63913681512644
            ]
          ]
        ]
      },
      "properties": {
        "event_id": "ow-0665_2",
        "image_name": "ow-0665.jpg",
        "patch_name": "S1_20190826_155648_155742_VV_2",
        "start_time": "2019-08-26T15:56:48",
        "end_time": "2019-08-26T15:57:42",
        "sentinel_id": "S1B_IW_GRDH_1SDV_20190826T155717_20190826T155742_017759_0216AE_718C.SAFE",
        "class_name": "oil",
        "confidence": 0.6923,
        "bbox_pixels": [
          199.16,
          141.26,
          495.04,
          260.74
        ],
        "centroid_lon": 31.339674,
        "centroid_lat": 34.654389,
        "estimated_area_km2": 21.1621,
        "status": "candidate_detection",
        "note": "AI-generated suspected oil-spill candidate; not verified."
      }
    },
    {
      "type": "Feature",
      "geometry": {
        "type": "Polygon",
        "coordinates": [
          [
            [
              31.300100684550383,
              34.68140472104261
            ],
            [
              31.34207895564574,
              34.68731434181695
            ],
            [
              31.339110699952165,
              34.70153102070628
            ],
            [
              31.297132428856806,
              34.69562139993194
            ],
            [
              31.300100684550383,
              34.68140472104261
            ]
          ]
        ]
      },
      "properties": {
        "event_id": "ow-0665_3",
        "image_name": "ow-0665.jpg",
        "patch_name": "S1_20190826_155648_155742_VV_2",
        "start_time": "2019-08-26T15:56:48",
        "end_time": "2019-08-26T15:57:42",
        "sentinel_id": "S1B_IW_GRDH_1SDV_20190826T155717_20190826T155742_017759_0216AE_718C.SAFE",
        "class_name": "oil",
        "confidence": 0.6544,
        "bbox_pixels": [
          193.64,
          376.46,
          389.07,
          455.26
        ],
        "centroid_lon": 31.319606,
        "centroid_lat": 34.691468,
        "estimated_area_km2": 9.2172,
        "status": "candidate_detection",
        "note": "AI-generated suspected oil-spill candidate; not verified."
      }
    },
    {
      "type": "Feature",
      "geometry": {
        "type": "Polygon",
        "coordinates": [
          [
            [
              31.3617992401327,
              34.65348731487185
            ],
            [
              31.372278817687285,
              34.65496260977102
            ],
            [
              31.371061139261904,
              34.66079477012078
            ],
            [
              31.360581561707328,
              34.659319475221615
            ],
            [
              31.3617992401327,
              34.65348731487185
            ]
          ]
        ]
      },
      "properties": {
        "event_id": "ow-0665_4",
        "image_name": "ow-0665.jpg",
        "patch_name": "S1_20190826_155648_155742_VV_2",
        "start_time": "2019-08-26T15:56:48",
        "end_time": "2019-08-26T15:57:42",
        "sentinel_id": "S1B_IW_GRDH_1SDV_20190826T155717_20190826T155742_017759_0216AE_718C.SAFE",
        "class_name": "oil",
        "confidence": 0.4723,
        "bbox_pixels": [
          446.31,
          179.37,
          495.1,
          211.7
        ],
        "centroid_lon": 31.36643,
        "centroid_lat": 34.657141,
        "estimated_area_km2": 0.8713,
        "status": "candidate_detection",
        "note": "AI-generated suspected oil-spill candidate; not verified."
      }
    },
    {
      "type": "Feature",
      "geometry": {
        "type": "Polygon",
        "coordinates": [
          [
            [
              31.306109042280582,
              34.667919666887066
            ],
            [
              31.343857629715178,
              34.673233840879575
            ],
            [
              31.34024022525594,
              34.69055966551156
            ],
            [
              31.30249163782134,
              34.68524549151905
            ],
            [
              31.306109042280582,
              34.667919666887066
            ]
          ]
        ]
      },
      "properties": {
        "event_id": "ow-0665_5",
        "image_name": "ow-0665.jpg",
        "patch_name": "S1_20190826_155648_155742_VV_2",
        "start_time": "2019-08-26T15:56:48",
        "end_time": "2019-08-26T15:57:42",
        "sentinel_id": "S1B_IW_GRDH_1SDV_20190826T155717_20190826T155742_017759_0216AE_718C.SAFE",
        "class_name": "oil",
        "confidence": 0.4053,
        "bbox_pixels": [
          208.08,
          299.3,
          383.82,
          395.33
        ],
        "centroid_lon": 31.323175,
        "centroid_lat": 34.67924,
        "estimated_area_km2": 9.5438,
        "status": "candidate_detection",
        "note": "AI-generated suspected oil-spill candidate; not verified."
      }
    },
    {
      "type": "Feature",
      "geometry": {
        "type": "Polygon",
        "coordinates": [
          [
            [
              30.142668688565198,
              31.592317149296548
            ],
            [
              30.11766950063915,
              31.596220358047223
            ],
            [
              30.113711435397807,
              31.577838432530104
            ],
            [
              30.13871062332386,
              31.57393522377943
            ],
            [
              30.142668688565198,
              31.592317149296548
            ]
          ]
        ]
      },
      "properties": {
        "event_id": "ow-0669_0",
        "image_name": "ow-0669.jpg",
        "patch_name": "S1_20190827_035858_040037_VV_3",
        "start_time": "2019-08-27T03:58:58",
        "end_time": "2019-08-27T04:00:37",
        "sentinel_id": "S1B_IW_GRDH_1SDV_20190827T035948_20190827T040013_017766_0216ED_1CA7.SAFE",
        "class_name": "oil",
        "confidence": 0.8738,
        "bbox_pixels": [
          261.7,
          283.5,
          382.47,
          385.49
        ],
        "centroid_lon": 30.12819,
        "centroid_lat": 31.585078,
        "estimated_area_km2": 6.8122,
        "status": "candidate_detection",
        "note": "AI-generated suspected oil-spill candidate; not verified."
      }
    },
    {
      "type": "Feature",
      "geometry": {
        "type": "Polygon",
        "coordinates": [
          [
            [
              32.6202805556516,
              32.67259786228084
            ],
            [
              32.56189422196377,
              32.68162475234119
            ],
            [
              32.55901018469457,
              32.668441665866695
            ],
            [
              32.61739651838239,
              32.65941477580634
            ],
            [
              32.6202805556516,
              32.67259786228084
            ]
          ]
        ]
      },
      "properties": {
        "event_id": "ow-0678_0",
        "image_name": "ow-0678.jpg",
        "patch_name": "S1_20190828_035124_035306_VV_3",
        "start_time": "2019-08-28T03:51:24",
        "end_time": "2019-08-28T03:53:06",
        "sentinel_id": "S1A_IW_GRDH_1SDV_20190828T035214_20190828T035239_028764_0341F0_762B.SAFE",
        "class_name": "oil",
        "confidence": 0.8004,
        "bbox_pixels": [
          173.79,
          285.92,
          452.31,
          359.04
        ],
        "centroid_lon": 32.589645,
        "centroid_lat": 32.67052,
        "estimated_area_km2": 14.1954,
        "status": "candidate_detection",
        "note": "AI-generated suspected oil-spill candidate; not verified."
      }
    },
    {
      "type": "Feature",
      "geometry": {
        "type": "Polygon",
        "coordinates": [
          [
            [
              32.56878048304772,
              32.6749127210022
            ],
            [
              32.55753040171153,
              32.676652053496255
            ],
            [
              32.55617387682097,
              32.670451306672334
            ],
            [
              32.56742395815716,
              32.66871197417828
            ],
            [
              32.56878048304772,
              32.6749127210022
            ]
          ]
        ]
      },
      "properties": {
        "event_id": "ow-0678_1",
        "image_name": "ow-0678.jpg",
        "patch_name": "S1_20190828_035124_035306_VV_3",
        "start_time": "2019-08-28T03:51:24",
        "end_time": "2019-08-28T03:53:06",
        "sentinel_id": "S1A_IW_GRDH_1SDV_20190828T035214_20190828T035239_028764_0341F0_762B.SAFE",
        "class_name": "oil",
        "confidence": 0.6178,
        "bbox_pixels": [
          413.76,
          316.22,
          467.43,
          350.61
        ],
        "centroid_lon": 32.562477,
        "centroid_lat": 32.672682,
        "estimated_area_km2": 1.0441,
        "status": "candidate_detection",
        "note": "AI-generated suspected oil-spill candidate; not verified."
      }
    },
    {
      "type": "Feature",
      "geometry": {
        "type": "Polygon",
        "coordinates": [
          [
            [
              32.10556081877368,
              31.79386075939007
            ],
            [
              32.09991578244375,
              31.79473457507062
            ],
            [
              32.09904784390697,
              31.79071903898608
            ],
            [
              32.10469288023691,
              31.789845223305534
            ],
            [
              32.10556081877368,
              31.79386075939007
            ]
          ]
        ]
      },
      "properties": {
        "event_id": "ow-0685_0",
        "image_name": "ow-0685.jpg",
        "patch_name": "S1_20190828_035124_035306_VV_10",
        "start_time": "2019-08-28T03:51:24",
        "end_time": "2019-08-28T03:53:06",
        "sentinel_id": "S1A_IW_GRDH_1SDV_20190828T035214_20190828T035239_028764_0341F0_762B.SAFE",
        "class_name": "oil",
        "confidence": 0.7184,
        "bbox_pixels": [
          308.75,
          309.37,
          335.85,
          331.64
        ],
        "centroid_lon": 32.102304,
        "centroid_lat": 31.79229,
        "estimated_area_km2": 0.3354,
        "status": "candidate_detection",
        "note": "AI-generated suspected oil-spill candidate; not verified."
      }
    },
    {
      "type": "Feature",
      "geometry": {
        "type": "Polygon",
        "coordinates": [
          [
            [
              30.856871773484762,
              32.2797208067847
            ],
            [
              30.736324573696685,
              32.29689022427804
            ],
            [
              30.725481211257836,
              32.242677910136464
            ],
            [
              30.84602841104591,
              32.22550849264312
            ],
            [
              30.856871773484762,
              32.2797208067847
            ]
          ]
        ]
      },
      "properties": {
        "event_id": "ow-0706_0",
        "image_name": "ow-0706.jpg",
        "patch_name": "S1_20190909_035125_035306_VV_2",
        "start_time": "2019-09-09T03:51:25",
        "end_time": "2019-09-09T03:53:06",
        "sentinel_id": "S1A_IW_GRDH_1SDV_20190909T035215_20190909T035240_028939_034806_84EA.SAFE",
        "class_name": "oil",
        "confidence": 0.8669,
        "bbox_pixels": [
          63.4,
          154.75,
          640.0,
          455.78
        ],
        "centroid_lon": 30.791176,
        "centroid_lat": 32.261199,
        "estimated_area_km2": 98.2822,
        "status": "candidate_detection",
        "note": "AI-generated suspected oil-spill candidate; not verified."
      }
    },
    {
      "type": "Feature",
      "geometry": {
        "type": "Polygon",
        "coordinates": [
          [
            [
              30.20490320409971,
              31.395767557009535
            ],
            [
              30.20938104629919,
              31.396420168780743
            ],
            [
              30.208536501242985,
              31.400576798887553
            ],
            [
              30.204058659043504,
              31.399924187116344
            ],
            [
              30.20490320409971,
              31.395767557009535
            ]
          ]
        ]
      },
      "properties": {
        "event_id": "ow-0709_0",
        "image_name": "ow-0709.jpg",
        "patch_name": "S1_20190912_160413_160553_VV_0",
        "start_time": "2019-09-12T16:04:13",
        "end_time": "2019-09-12T16:05:53",
        "sentinel_id": "S1B_IW_GRDH_1SDV_20190912T160438_20190912T160503_018007_021E66_0739.SAFE",
        "class_name": "oil",
        "confidence": 0.6048,
        "bbox_pixels": [
          308.82,
          308.69,
          330.38,
          331.75
        ],
        "centroid_lon": 30.20672,
        "centroid_lat": 31.398172,
        "estimated_area_km2": 0.2707,
        "status": "candidate_detection",
        "note": "AI-generated suspected oil-spill candidate; not verified."
      }
    },
    {
      "type": "Feature",
      "geometry": {
        "type": "Polygon",
        "coordinates": [
          [
            [
              32.716769241348466,
              31.256637488299518
            ],
            [
              32.727106499846535,
              31.25828768161753
            ],
            [
              32.72601457427093,
              31.263255909951287
            ],
            [
              32.71567731577286,
              31.26160571663327
            ],
            [
              32.716769241348466,
              31.256637488299518
            ]
          ]
        ]
      },
      "properties": {
        "event_id": "ow-0712_0",
        "image_name": "ow-0712.jpg",
        "patch_name": "S1_20190914_154754_154934_VV_2",
        "start_time": "2019-09-14T15:47:54",
        "end_time": "2019-09-14T15:49:34",
        "sentinel_id": "S1B_IW_GRDH_1SDV_20190914T154819_20190914T154844_018036_021F43_FE67.SAFE;S1B_IW_GRDH_1SDV_20190914T154754_20190914T154819_018036_021F43_FD90.SAFE",
        "class_name": "oil",
        "confidence": 0.7705,
        "bbox_pixels": [
          297.07,
          307.41,
          347.16,
          334.92
        ],
        "centroid_lon": 32.721392,
        "centroid_lat": 31.259947,
        "estimated_area_km2": 0.8013,
        "status": "candidate_detection",
        "note": "AI-generated suspected oil-spill candidate; not verified."
      }
    },
    {
      "type": "Feature",
      "geometry": {
        "type": "Polygon",
        "coordinates": [
          [
            [
              33.440034252981775,
              34.32404552860946
            ],
            [
              33.45437154067216,
              34.32606677108759
            ],
            [
              33.45292549653788,
              34.33299887594741
            ],
            [
              33.43858820884749,
              34.33097763346928
            ],
            [
              33.440034252981775,
              34.32404552860946
            ]
          ]
        ]
      },
      "properties": {
        "event_id": "ow-0716_0",
        "image_name": "ow-0716.jpg",
        "patch_name": "S1_20190914_154754_154934_VV_7",
        "start_time": "2019-09-14T15:47:54",
        "end_time": "2019-09-14T15:49:34",
        "sentinel_id": "S1B_IW_GRDH_1SDV_20190914T154844_20190914T154909_018036_021F43_27F9.SAFE",
        "class_name": "oil",
        "confidence": 0.85,
        "bbox_pixels": [
          294.65,
          299.93,
          361.48,
          338.36
        ],
        "centroid_lon": 33.44648,
        "centroid_lat": 34.328522,
        "estimated_area_km2": 1.4462,
        "status": "candidate_detection",
        "note": "AI-generated suspected oil-spill candidate; not verified."
      }
    },
    {
      "type": "Feature",
      "geometry": {
        "type": "Polygon",
        "coordinates": [
          [
            [
              35.02346083371298,
              34.08830991411066
            ],
            [
              35.132812503682864,
              34.10418000728101
            ],
            [
              35.123552286318635,
              34.1474493824292
            ],
            [
              35.014200616348745,
              34.13157928925888
            ],
            [
              35.02346083371298,
              34.08830991411066
            ]
          ]
        ]
      },
      "properties": {
        "event_id": "ow-0719_0",
        "image_name": "ow-0719.jpg",
        "patch_name": "S1_20190921_153951_154106_VV_1",
        "start_time": "2019-09-21T15:39:51",
        "end_time": "2019-09-21T15:41:06",
        "sentinel_id": "S1B_IW_GRDH_1SDV_20190921T154041_20190921T154106_018138_022283_3509.SAFE",
        "class_name": "oil",
        "confidence": 0.8694,
        "bbox_pixels": [
          56.44,
          194.15,
          567.28,
          434.39
        ],
        "centroid_lon": 35.073507,
        "centroid_lat": 34.11788,
        "estimated_area_km2": 71.9651,
        "status": "candidate_detection",
        "note": "AI-generated suspected oil-spill candidate; not verified."
      }
    },
    {
      "type": "Feature",
      "geometry": {
        "type": "Polygon",
        "coordinates": [
          [
            [
              35.02405783082384,
              34.05778908675194
            ],
            [
              35.0393405767076,
              34.06000705563291
            ],
            [
              35.03598317108631,
              34.075694899410124
            ],
            [
              35.02070042520254,
              34.07347693052917
            ],
            [
              35.02405783082384,
              34.05778908675194
            ]
          ]
        ]
      },
      "properties": {
        "event_id": "ow-0719_1",
        "image_name": "ow-0719.jpg",
        "patch_name": "S1_20190921_153951_154106_VV_1",
        "start_time": "2019-09-21T15:39:51",
        "end_time": "2019-09-21T15:41:06",
        "sentinel_id": "S1B_IW_GRDH_1SDV_20190921T154041_20190921T154106_018138_022283_3509.SAFE",
        "class_name": "oil",
        "confidence": 0.7581,
        "bbox_pixels": [
          29.55,
          29.33,
          100.95,
          116.43
        ],
        "centroid_lon": 35.030021,
        "centroid_lat": 34.066742,
        "estimated_area_km2": 3.4263,
        "status": "candidate_detection",
        "note": "AI-generated suspected oil-spill candidate; not verified."
      }
    },
    {
      "type": "Feature",
      "geometry": {
        "type": "Polygon",
        "coordinates": [
          [
            [
              30.909760860428378,
              31.689587227254712
            ],
            [
              30.944484600456928,
              31.694942570873145
            ],
            [
              30.942191729936358,
              31.705660340788548
            ],
            [
              30.907467989907808,
              31.7003049971701
            ],
            [
              30.909760860428378,
              31.689587227254712
            ]
          ]
        ]
      },
      "properties": {
        "event_id": "ow-0724_0",
        "image_name": "ow-0724.jpg",
        "patch_name": "S1_20190925_155647_155827_VV_12",
        "start_time": "2019-09-25T15:56:47",
        "end_time": "2019-09-25T15:58:27",
        "sentinel_id": "S1A_IW_GRDH_1SDV_20190925T155712_20190925T155737_029180_035045_0057.SAFE",
        "class_name": "oil",
        "confidence": 0.7705,
        "bbox_pixels": [
          249.6,
          314.79,
          416.82,
          374.15
        ],
        "centroid_lon": 30.925976,
        "centroid_lat": 31.697624,
        "estimated_area_km2": 6.2732,
        "status": "candidate_detection",
        "note": "AI-generated suspected oil-spill candidate; not verified."
      }
    },
    {
      "type": "Feature",
      "geometry": {
        "type": "Polygon",
        "coordinates": [
          [
            [
              29.965231109894493,
              31.630361068853567
            ],
            [
              30.020859942803686,
              31.639452891586828
            ],
            [
              30.019026488017772,
              31.647575593985053
            ],
            [
              29.963397655108583,
              31.638483771251778
            ],
            [
              29.965231109894493,
              31.630361068853567
            ]
          ]
        ]
      },
      "properties": {
        "event_id": "ow-0725_0",
        "image_name": "ow-0725.jpg",
        "patch_name": "S1_20190925_155647_155827_VV_14",
        "start_time": "2019-09-25T15:56:47",
        "end_time": "2019-09-25T15:58:27",
        "sentinel_id": "S1A_IW_GRDH_1SDV_20190925T155712_20190925T155737_029180_035045_0057.SAFE",
        "class_name": "oil",
        "confidence": 0.9084,
        "bbox_pixels": [
          37.53,
          293.6,
          306.43,
          338.57
        ],
        "centroid_lon": 29.992129,
        "centroid_lat": 31.638968,
        "estimated_area_km2": 10.4362,
        "status": "candidate_detection",
        "note": "AI-generated suspected oil-spill candidate; not verified."
      }
    },
    {
      "type": "Feature",
      "geometry": {
        "type": "Polygon",
        "coordinates": [
          [
            [
              30.027525046681735,
              31.642501677168095
            ],
            [
              30.048716189361457,
              31.64596509897085
            ],
            [
              30.046878363815615,
              31.654107165022015
            ],
            [
              30.025687221135893,
              31.65064374321926
            ],
            [
              30.027525046681735,
              31.642501677168095
            ]
          ]
        ]
      },
      "properties": {
        "event_id": "ow-0725_1",
        "image_name": "ow-0725.jpg",
        "patch_name": "S1_20190925_155647_155827_VV_14",
        "start_time": "2019-09-25T15:56:47",
        "end_time": "2019-09-25T15:58:27",
        "sentinel_id": "S1A_IW_GRDH_1SDV_20190925T155712_20190925T155737_029180_035045_0057.SAFE",
        "class_name": "oil",
        "confidence": 0.8601,
        "bbox_pixels": [
          340.71,
          304.06,
          443.15,
          349.14
        ],
        "centroid_lon": 30.037202,
        "centroid_lat": 31.648304,
        "estimated_area_km2": 2.8194,
        "status": "candidate_detection",
        "note": "AI-generated suspected oil-spill candidate; not verified."
      }
    },
    {
      "type": "Feature",
      "geometry": {
        "type": "Polygon",
        "coordinates": [
          [
            [
              32.1499862177146,
              33.01616430589188
            ],
            [
              32.19494184432654,
              33.022442339749816
            ],
            [
              32.18751578584177,
              33.059539045536404
            ],
            [
              32.142560159229824,
              33.05326101167846
            ],
            [
              32.1499862177146,
              33.01616430589188
            ]
          ]
        ]
      },
      "properties": {
        "event_id": "ow-0729_0",
        "image_name": "ow-0729.jpg",
        "patch_name": "S1_20190925_155647_155827_VV_19",
        "start_time": "2019-09-25T15:56:47",
        "end_time": "2019-09-25T15:58:27",
        "sentinel_id": "S1A_IW_GRDH_1SDV_20190925T155737_20190925T155802_029180_035045_5FA1.SAFE",
        "class_name": "oil",
        "confidence": 0.9547,
        "bbox_pixels": [
          225.15,
          217.74,
          438.03,
          423.49
        ],
        "centroid_lon": 32.168751,
        "centroid_lat": 33.037852,
        "estimated_area_km2": 23.603,
        "status": "candidate_detection",
        "note": "AI-generated suspected oil-spill candidate; not verified."
      }
    },
    {
      "type": "Feature",
      "geometry": {
        "type": "Polygon",
        "coordinates": [
          [
            [
              30.811012484965985,
              32.03745965209335
            ],
            [
              30.756919512213138,
              32.04604780448423
            ],
            [
              30.750918093969617,
              32.019081075073515
            ],
            [
              30.805011066722464,
              32.010492922682644
            ],
            [
              30.811012484965985,
              32.03745965209335
            ]
          ]
        ]
      },
      "properties": {
        "event_id": "ow-0730_0",
        "image_name": "ow-0730.jpg",
        "patch_name": "S1_20190926_035936_040116_VV_0",
        "start_time": "2019-09-26T03:59:36",
        "end_time": "2019-09-26T04:01:16",
        "sentinel_id": "S1A_IW_GRDH_1SDV_20190926T040026_20190926T040051_029187_035080_F816.SAFE",
        "class_name": "oil",
        "confidence": 0.9381,
        "bbox_pixels": [
          232.7,
          260.55,
          492.1,
          410.11
        ],
        "centroid_lon": 30.780965,
        "centroid_lat": 32.02827,
        "estimated_area_km2": 22.4474,
        "status": "candidate_detection",
        "note": "AI-generated suspected oil-spill candidate; not verified."
      }
    },
    {
      "type": "Feature",
      "geometry": {
        "type": "Polygon",
        "coordinates": [
          [
            [
              30.851648484276982,
              32.04895099587583
            ],
            [
              30.82474788878566,
              32.0532219094849
            ],
            [
              30.82199640381202,
              32.04085840676754
            ],
            [
              30.848896999303342,
              32.03658749315847
            ],
            [
              30.851648484276982,
              32.04895099587583
            ]
          ]
        ]
      },
      "properties": {
        "event_id": "ow-0730_1",
        "image_name": "ow-0730.jpg",
        "patch_name": "S1_20190926_035936_040116_VV_0",
        "start_time": "2019-09-26T03:59:36",
        "end_time": "2019-09-26T04:01:16",
        "sentinel_id": "S1A_IW_GRDH_1SDV_20190926T040026_20190926T040051_029187_035080_F816.SAFE",
        "class_name": "oil",
        "confidence": 0.9053,
        "bbox_pixels": [
          56.32,
          164.43,
          185.32,
          233.0
        ],
        "centroid_lon": 30.836822,
        "centroid_lat": 32.044905,
        "estimated_area_km2": 5.181,
        "status": "candidate_detection",
        "note": "AI-generated suspected oil-spill candidate; not verified."
      }
    },
    {
      "type": "Feature",
      "geometry": {
        "type": "Polygon",
        "coordinates": [
          [
            [
              30.81542260562931,
              32.04044860417566
            ],
            [
              30.801481855293453,
              32.04266192842527
            ],
            [
              30.80006416522124,
              32.03629169008922
            ],
            [
              30.814004915557092,
              32.03407836583961
            ],
            [
              30.81542260562931,
              32.04044860417566
            ]
          ]
        ]
      },
      "properties": {
        "event_id": "ow-0730_2",
        "image_name": "ow-0730.jpg",
        "patch_name": "S1_20190926_035936_040116_VV_0",
        "start_time": "2019-09-26T03:59:36",
        "end_time": "2019-09-26T04:01:16",
        "sentinel_id": "S1A_IW_GRDH_1SDV_20190926T040026_20190926T040051_029187_035080_F816.SAFE",
        "class_name": "oil",
        "confidence": 0.6307,
        "bbox_pixels": [
          215.35,
          240.79,
          282.2,
          276.12
        ],
        "centroid_lon": 30.807743,
        "centroid_lat": 32.03837,
        "estimated_area_km2": 1.3848,
        "status": "candidate_detection",
        "note": "AI-generated suspected oil-spill candidate; not verified."
      }
    },
    {
      "type": "Feature",
      "geometry": {
        "type": "Polygon",
        "coordinates": [
          [
            [
              31.206575004253665,
              31.68675967620067
            ],
            [
              31.19344784881283,
              31.6886908781024
            ],
            [
              31.187792304876986,
              31.66107296746249
            ],
            [
              31.200919460317817,
              31.659141765560765
            ],
            [
              31.206575004253665,
              31.68675967620067
            ]
          ]
        ]
      },
      "properties": {
        "event_id": "ow-0742_0",
        "image_name": "ow-0742.jpg",
        "patch_name": "S1_20190927_035049_035228_VV_5",
        "start_time": "2019-09-27T03:50:49",
        "end_time": "2019-09-27T03:52:28",
        "sentinel_id": "S1B_IW_GRDH_1SDV_20190927T035139_20190927T035204_018218_0224DC_E6A4.SAFE",
        "class_name": "oil",
        "confidence": 0.7863,
        "bbox_pixels": [
          285.61,
          141.53,
          348.76,
          294.9
        ],
        "centroid_lon": 31.197184,
        "centroid_lat": 31.673916,
        "estimated_area_km2": 5.8533,
        "status": "candidate_detection",
        "note": "AI-generated suspected oil-spill candidate; not verified."
      }
    },
    {
      "type": "Feature",
      "geometry": {
        "type": "Polygon",
        "coordinates": [
          [
            [
              31.18912883063424,
              31.62533495294177
            ],
            [
              31.18270889620069,
              31.626279421805794
            ],
            [
              31.181452131041034,
              31.620142217627304
            ],
            [
              31.18787206547458,
              31.619197748763277
            ],
            [
              31.18912883063424,
              31.62533495294177
            ]
          ]
        ]
      },
      "properties": {
        "event_id": "ow-0742_1",
        "image_name": "ow-0742.jpg",
        "patch_name": "S1_20190927_035049_035228_VV_5",
        "start_time": "2019-09-27T03:50:49",
        "end_time": "2019-09-27T03:52:28",
        "sentinel_id": "S1B_IW_GRDH_1SDV_20190927T035139_20190927T035204_018218_0224DC_E6A4.SAFE",
        "class_name": "oil",
        "confidence": 0.6001,
        "bbox_pixels": [
          308.34,
          486.5,
          339.22,
          520.59
        ],
        "centroid_lon": 31.18529,
        "centroid_lat": 31.622739,
        "estimated_area_km2": 0.5737,
        "status": "candidate_detection",
        "note": "AI-generated suspected oil-spill candidate; not verified."
      }
    },
    {
      "type": "Feature",
      "geometry": {
        "type": "Polygon",
        "coordinates": [
          [
            [
              31.19489094500604,
              31.626912290880178
            ],
            [
              31.190587717443,
              31.627545360343763
            ],
            [
              31.189678965205992,
              31.62310761954283
            ],
            [
              31.19398219276903,
              31.622474550079247
            ],
            [
              31.19489094500604,
              31.626912290880178
            ]
          ]
        ]
      },
      "properties": {
        "event_id": "ow-0742_2",
        "image_name": "ow-0742.jpg",
        "patch_name": "S1_20190927_035049_035228_VV_5",
        "start_time": "2019-09-27T03:50:49",
        "end_time": "2019-09-27T03:52:28",
        "sentinel_id": "S1B_IW_GRDH_1SDV_20190927T035139_20190927T035204_018218_0224DC_E6A4.SAFE",
        "class_name": "oil",
        "confidence": 0.5832,
        "bbox_pixels": [
          282.94,
          473.43,
          303.64,
          498.07
        ],
        "centroid_lon": 31.192285,
        "centroid_lat": 31.62501,
        "estimated_area_km2": 0.2789,
        "status": "candidate_detection",
        "note": "AI-generated suspected oil-spill candidate; not verified."
      }
    },
    {
      "type": "Feature",
      "geometry": {
        "type": "Polygon",
        "coordinates": [
          [
            [
              35.05998861284673,
              33.69045925249241
            ],
            [
              34.94917928894434,
              33.707606871463845
            ],
            [
              34.93777574992437,
              33.6570243053203
            ],
            [
              35.04858507382672,
              33.639876686348906
            ],
            [
              35.05998861284673,
              33.69045925249241
            ]
          ]
        ]
      },
      "properties": {
        "event_id": "ow-0751_0",
        "image_name": "ow-0751.jpg",
        "patch_name": "S1_20190928_034306_034446_VV_7",
        "start_time": "2019-09-28T03:43:06",
        "end_time": "2019-09-28T03:44:46",
        "sentinel_id": "S1A_IW_GRDH_1SDV_20190928T034331_20190928T034356_029216_035188_442B.SAFE",
        "class_name": "oil",
        "confidence": 0.8445,
        "bbox_pixels": [
          60.84,
          224.46,
          584.03,
          505.11
        ],
        "centroid_lon": 34.998882,
        "centroid_lat": 33.673742,
        "estimated_area_km2": 85.3646,
        "status": "candidate_detection",
        "note": "AI-generated suspected oil-spill candidate; not verified."
      }
    },
    {
      "type": "Feature",
      "geometry": {
        "type": "Polygon",
        "coordinates": [
          [
            [
              30.85228710372898,
              31.62792395289139
            ],
            [
              30.85603293119196,
              31.628503637065123
            ],
            [
              30.85542173578399,
              31.631375870542406
            ],
            [
              30.851675908321006,
              31.630796186368674
            ],
            [
              30.85228710372898,
              31.62792395289139
            ]
          ]
        ]
      },
      "properties": {
        "event_id": "ow-0756_0",
        "image_name": "ow-0756.jpg",
        "patch_name": "S1_20191001_155619_155644_VV_8",
        "start_time": "2019-10-01T15:56:19",
        "end_time": "2019-10-01T15:56:44",
        "sentinel_id": "S1B_IW_GRDH_1SDV_20191001T155619_20191001T155644_018284_0226F2_D309.SAFE",
        "class_name": "oil",
        "confidence": 0.6138,
        "bbox_pixels": [
          311.1,
          313.93,
          329.23,
          329.9
        ],
        "centroid_lon": 30.853854,
        "centroid_lat": 31.62965,
        "estimated_area_km2": 0.1587,
        "status": "candidate_detection",
        "note": "AI-generated suspected oil-spill candidate; not verified."
      }
    },
    {
      "type": "Feature",
      "geometry": {
        "type": "Polygon",
        "coordinates": [
          [
            [
              30.8797740282332,
              31.62067546994912
            ],
            [
              30.88137827977062,
              31.620923735315348
            ],
            [
              30.88104874785205,
              31.622472327788394
            ],
            [
              30.879444496314633,
              31.622224062422166
            ],
            [
              30.8797740282332,
              31.62067546994912
            ]
          ]
        ]
      },
      "properties": {
        "event_id": "ow-0756_1",
        "image_name": "ow-0756.jpg",
        "patch_name": "S1_20191001_155619_155644_VV_8",
        "start_time": "2019-10-01T15:56:19",
        "end_time": "2019-10-01T15:56:44",
        "sentinel_id": "S1B_IW_GRDH_1SDV_20191001T155619_20191001T155644_018284_0226F2_D309.SAFE",
        "class_name": "oil",
        "confidence": 0.5219,
        "bbox_pixels": [
          432.7,
          252.0,
          440.47,
          260.62
        ],
        "centroid_lon": 30.880411,
        "centroid_lat": 31.621574,
        "estimated_area_km2": 0.0367,
        "status": "candidate_detection",
        "note": "AI-generated suspected oil-spill candidate; not verified."
      }
    },
    {
      "type": "Feature",
      "geometry": {
        "type": "Polygon",
        "coordinates": [
          [
            [
              30.901582238579028,
              31.624271104670925
            ],
            [
              30.903438832888142,
              31.62455842125148
            ],
            [
              30.903139743959226,
              31.62596395084664
            ],
            [
              30.90128314965011,
              31.625676634266082
            ],
            [
              30.901582238579028,
              31.624271104670925
            ]
          ]
        ]
      },
      "properties": {
        "event_id": "ow-0756_2",
        "image_name": "ow-0756.jpg",
        "patch_name": "S1_20191001_155619_155644_VV_8",
        "start_time": "2019-10-01T15:56:19",
        "end_time": "2019-10-01T15:56:44",
        "sentinel_id": "S1B_IW_GRDH_1SDV_20191001T155619_20191001T155644_018284_0226F2_D309.SAFE",
        "class_name": "oil",
        "confidence": 0.4717,
        "bbox_pixels": [
          538.51,
          253.19,
          547.49,
          261.01
        ],
        "centroid_lon": 30.902361,
        "centroid_lat": 31.625118,
        "estimated_area_km2": 0.0385,
        "status": "candidate_detection",
        "note": "AI-generated suspected oil-spill candidate; not verified."
      }
    },
    {
      "type": "Feature",
      "geometry": {
        "type": "Polygon",
        "coordinates": [
          [
            [
              31.442367423931856,
              31.861795070081342
            ],
            [
              31.45422710621009,
              31.863575527727136
            ],
            [
              31.451694147578998,
              31.87569558188473
            ],
            [
              31.439834465300763,
              31.87391512423895
            ],
            [
              31.442367423931856,
              31.861795070081342
            ]
          ]
        ]
      },
      "properties": {
        "event_id": "ow-0759_0",
        "image_name": "ow-0759.jpg",
        "patch_name": "S1_20191001_155619_155644_VV_11",
        "start_time": "2019-10-01T15:56:19",
        "end_time": "2019-10-01T15:56:44",
        "sentinel_id": "S1B_IW_GRDH_1SDV_20191001T155619_20191001T155644_018284_0226F2_D309.SAFE",
        "class_name": "oil",
        "confidence": 0.798,
        "bbox_pixels": [
          293.13,
          339.18,
          350.11,
          406.64
        ],
        "centroid_lon": 31.447031,
        "centroid_lat": 31.868745,
        "estimated_area_km2": 2.1055,
        "status": "candidate_detection",
        "note": "AI-generated suspected oil-spill candidate; not verified."
      }
    },
    {
      "type": "Feature",
      "geometry": {
        "type": "Polygon",
        "coordinates": [
          [
            [
              31.449815032931248,
              31.862908791692266
            ],
            [
              31.454132941327117,
              31.86355702600723
            ],
            [
              31.453116480435835,
              31.868420730017306
            ],
            [
              31.448798572039973,
              31.867772495702347
            ],
            [
              31.449815032931248,
              31.862908791692266
            ]
          ]
        ]
      },
      "properties": {
        "event_id": "ow-0759_1",
        "image_name": "ow-0759.jpg",
        "patch_name": "S1_20191001_155619_155644_VV_11",
        "start_time": "2019-10-01T15:56:19",
        "end_time": "2019-10-01T15:56:44",
        "sentinel_id": "S1B_IW_GRDH_1SDV_20191001T155619_20191001T155644_018284_0226F2_D309.SAFE",
        "class_name": "oil",
        "confidence": 0.5786,
        "bbox_pixels": [
          328.91,
          339.15,
          349.65,
          366.23
        ],
        "centroid_lon": 31.451466,
        "centroid_lat": 31.865665,
        "estimated_area_km2": 0.3094,
        "status": "candidate_detection",
        "note": "AI-generated suspected oil-spill candidate; not verified."
      }
    },
    {
      "type": "Feature",
      "geometry": {
        "type": "Polygon",
        "coordinates": [
          [
            [
              30.814338041405332,
              32.383667428914414
            ],
            [
              31.00124220073554,
              32.41187906147508
            ],
            [
              30.925865015385604,
              32.76430011424924
            ],
            [
              30.738960856055392,
              32.736088481688576
            ],
            [
              30.814338041405332,
              32.383667428914414
            ]
          ]
        ]
      },
      "properties": {
        "event_id": "ow-0760_0",
        "image_name": "ow-0760.jpg",
        "patch_name": "S1_20191001_155650_155744_VV_0",
        "start_time": "2019-10-01T15:56:50",
        "end_time": "2019-10-01T15:57:44",
        "sentinel_id": "S1B_IW_GRDH_1SDV_20191001T155650_20191001T155719_018284_0226F3_A521.SAFE",
        "class_name": "oil",
        "confidence": 0.4451,
        "bbox_pixels": [
          158.24,
          0.0,
          1048.79,
          1951.58
        ],
        "centroid_lon": 30.870102,
        "centroid_lat": 32.573984,
        "estimated_area_km2": 1042.5366,
        "status": "candidate_detection",
        "note": "AI-generated suspected oil-spill candidate; not verified."
      }
    },
    {
      "type": "Feature",
      "geometry": {
        "type": "Polygon",
        "coordinates": [
          [
            [
              32.62435022022101,
              31.348280522907864
            ],
            [
              32.62671028116161,
              31.34865803673803
            ],
            [
              32.625185626938745,
              31.355576509902345
            ],
            [
              32.62282556599814,
              31.355198996072183
            ],
            [
              32.62435022022101,
              31.348280522907864
            ]
          ]
        ]
      },
      "properties": {
        "event_id": "ow-0766_0",
        "image_name": "ow-0766.jpg",
        "patch_name": "S1_20191002_154845_155025_VV_3",
        "start_time": "2019-10-02T15:48:45",
        "end_time": "2019-10-02T15:50:25",
        "sentinel_id": "S1A_IW_GRDH_1SDV_20191002T154845_20191002T154910_029282_0353D1_FBA2.SAFE",
        "class_name": "oil",
        "confidence": 0.6763,
        "bbox_pixels": [
          320.49,
          293.95,
          331.93,
          332.33
        ],
        "centroid_lon": 32.624768,
        "centroid_lat": 31.351929,
        "estimated_area_km2": 0.2999,
        "status": "candidate_detection",
        "note": "AI-generated suspected oil-spill candidate; not verified."
      }
    },
    {
      "type": "Feature",
      "geometry": {
        "type": "Polygon",
        "coordinates": [
          [
            [
              32.66477431294365,
              31.389802102106568
            ],
            [
              32.666825019238644,
              31.39013013176658
            ],
            [
              32.66632062730198,
              31.392418927498603
            ],
            [
              32.66426992100699,
              31.39209089783859
            ],
            [
              32.66477431294365,
              31.389802102106568
            ]
          ]
        ]
      },
      "properties": {
        "event_id": "ow-0766_1",
        "image_name": "ow-0766.jpg",
        "patch_name": "S1_20191002_154845_155025_VV_3",
        "start_time": "2019-10-02T15:48:45",
        "end_time": "2019-10-02T15:50:25",
        "sentinel_id": "S1A_IW_GRDH_1SDV_20191002T154845_20191002T154910_029282_0353D1_FBA2.SAFE",
        "class_name": "oil",
        "confidence": 0.6265,
        "bbox_pixels": [
          552.73,
          481.81,
          562.67,
          494.51
        ],
        "centroid_lon": 32.665547,
        "centroid_lat": 31.391111,
        "estimated_area_km2": 0.0707,
        "status": "candidate_detection",
        "note": "AI-generated suspected oil-spill candidate; not verified."
      }
    },
    {
      "type": "Feature",
      "geometry": {
        "type": "Polygon",
        "coordinates": [
          [
            [
              32.596462751907445,
              34.07718587587088
            ],
            [
              32.67199361512434,
              34.08833495514474
            ],
            [
              32.66629649125444,
              34.114552948677385
            ],
            [
              32.59076562803756,
              34.10340386940353
            ],
            [
              32.596462751907445,
              34.07718587587088
            ]
          ]
        ]
      },
      "properties": {
        "event_id": "ow-0775_0",
        "image_name": "ow-0775.jpg",
        "patch_name": "S1_20191002_154845_155025_VV_12",
        "start_time": "2019-10-02T15:48:45",
        "end_time": "2019-10-02T15:50:25",
        "sentinel_id": "S1A_IW_GRDH_1SDV_20191002T154935_20191002T155000_029282_0353D1_AD9D.SAFE",
        "class_name": "oil",
        "confidence": 0.7896,
        "bbox_pixels": [
          147.67,
          268.16,
          500.96,
          413.75
        ],
        "centroid_lon": 32.63138,
        "centroid_lat": 34.095869,
        "estimated_area_km2": 31.1476,
        "status": "candidate_detection",
        "note": "AI-generated suspected oil-spill candidate; not verified."
      }
    },
    {
      "type": "Feature",
      "geometry": {
        "type": "Polygon",
        "coordinates": [
          [
            [
              30.39108365231352,
              31.6677863042098
            ],
            [
              30.400602704383928,
              31.669298287545168
            ],
            [
              30.39783509598071,
              31.68188613782076
            ],
            [
              30.3883160439103,
              31.680374154485392
            ],
            [
              30.39108365231352,
              31.6677863042098
            ]
          ]
        ]
      },
      "properties": {
        "event_id": "ow-0787_0",
        "image_name": "ow-0787.jpg",
        "patch_name": "S1_20191007_155647_155827_VV_5",
        "start_time": "2019-10-07T15:56:47",
        "end_time": "2019-10-07T15:58:27",
        "sentinel_id": "S1A_IW_GRDH_1SDV_20191007T155712_20191007T155737_029355_035652_8FCF.SAFE",
        "class_name": "oil",
        "confidence": 0.696,
        "bbox_pixels": [
          399.79,
          830.28,
          445.72,
          899.98
        ],
        "centroid_lon": 30.394459,
        "centroid_lat": 31.674836,
        "estimated_area_km2": 1.827,
        "status": "candidate_detection",
        "note": "AI-generated suspected oil-spill candidate; not verified."
      }
    },
    {
      "type": "Feature",
      "geometry": {
        "type": "Polygon",
        "coordinates": [
          [
            [
              30.3491869674685,
              31.591216015243642
            ],
            [
              30.552930891376747,
              31.623578210066533
            ],
            [
              30.546636174162067,
              31.652208329028994
            ],
            [
              30.342892250253836,
              31.6198461342061
            ],
            [
              30.3491869674685,
              31.591216015243642
            ]
          ]
        ]
      },
      "properties": {
        "event_id": "ow-0787_1",
        "image_name": "ow-0787.jpg",
        "patch_name": "S1_20191007_155647_155827_VV_5",
        "start_time": "2019-10-07T15:56:47",
        "end_time": "2019-10-07T15:58:27",
        "sentinel_id": "S1A_IW_GRDH_1SDV_20191007T155712_20191007T155737_029355_035652_8FCF.SAFE",
        "class_name": "oil",
        "confidence": 0.4749,
        "bbox_pixels": [
          125.99,
          456.18,
          1109.0,
          614.72
        ],
        "centroid_lon": 30.447912,
        "centroid_lat": 31.621712,
        "estimated_area_km2": 135.1823,
        "status": "candidate_detection",
        "note": "AI-generated suspected oil-spill candidate; not verified."
      }
    },
    {
      "type": "Feature",
      "geometry": {
        "type": "Polygon",
        "coordinates": [
          [
            [
              30.94698033590571,
              32.742130451748736
            ],
            [
              30.938505664967202,
              32.743475354173285
            ],
            [
              30.93508983520715,
              32.728321720744475
            ],
            [
              30.943564506145655,
              32.726976818319926
            ],
            [
              30.94698033590571,
              32.742130451748736
            ]
          ]
        ]
      },
      "properties": {
        "event_id": "ow-0792_0",
        "image_name": "ow-0792.jpg",
        "patch_name": "S1_20191008_035936_040116_VV_3",
        "start_time": "2019-10-08T03:59:36",
        "end_time": "2019-10-08T04:01:16",
        "sentinel_id": "S1A_IW_GRDH_1SDV_20191008T040026_20191008T040051_029362_03568A_5355.SAFE",
        "class_name": "oil",
        "confidence": 0.9293,
        "bbox_pixels": [
          194.06,
          313.47,
          234.45,
          397.53
        ],
        "centroid_lon": 30.941035,
        "centroid_lat": 32.735226,
        "estimated_area_km2": 2.0449,
        "status": "candidate_detection",
        "note": "AI-generated suspected oil-spill candidate; not verified."
      }
    },
    {
      "type": "Feature",
      "geometry": {
        "type": "Polygon",
        "coordinates": [
          [
            [
              30.910892708833398,
              32.7571947257615
            ],
            [
              30.89943460121998,
              32.7590130897808
            ],
            [
              30.897757839313734,
              32.75157447689329
            ],
            [
              30.909215946927148,
              32.74975611287398
            ],
            [
              30.910892708833398,
              32.7571947257615
            ]
          ]
        ]
      },
      "properties": {
        "event_id": "ow-0792_1",
        "image_name": "ow-0792.jpg",
        "patch_name": "S1_20191008_035936_040116_VV_3",
        "start_time": "2019-10-08T03:59:36",
        "end_time": "2019-10-08T04:01:16",
        "sentinel_id": "S1A_IW_GRDH_1SDV_20191008T040026_20191008T040051_029362_03568A_5355.SAFE",
        "class_name": "oil",
        "confidence": 0.7529,
        "bbox_pixels": [
          375.73,
          263.47,
          430.33,
          304.73
        ],
        "centroid_lon": 30.904325,
        "centroid_lat": 32.754385,
        "estimated_area_km2": 1.2672,
        "status": "candidate_detection",
        "note": "AI-generated suspected oil-spill candidate; not verified."
      }
    },
    {
      "type": "Feature",
      "geometry": {
        "type": "Polygon",
        "coordinates": [
          [
            [
              30.950538206146735,
              32.74761087236089
            ],
            [
              30.946248595010978,
              32.74829161954962
            ],
            [
              30.945307830016006,
              32.74411810714477
            ],
            [
              30.94959744115176,
              32.74343735995603
            ],
            [
              30.950538206146735,
              32.74761087236089
            ]
          ]
        ]
      },
      "properties": {
        "event_id": "ow-0792_2",
        "image_name": "ow-0792.jpg",
        "patch_name": "S1_20191008_035936_040116_VV_3",
        "start_time": "2019-10-08T03:59:36",
        "end_time": "2019-10-08T04:01:16",
        "sentinel_id": "S1A_IW_GRDH_1SDV_20191008T040026_20191008T040051_029362_03568A_5355.SAFE",
        "class_name": "oil",
        "confidence": 0.6669,
        "bbox_pixels": [
          183.37,
          281.1,
          203.82,
          304.25
        ],
        "centroid_lon": 30.947923,
        "centroid_lat": 32.745864,
        "estimated_area_km2": 0.2646,
        "status": "candidate_detection",
        "note": "AI-generated suspected oil-spill candidate; not verified."
      }
    },
    {
      "type": "Feature",
      "geometry": {
        "type": "Polygon",
        "coordinates": [
          [
            [
              30.897759145738902,
              32.75549463385991
            ],
            [
              30.890782311763353,
              32.75660183448132
            ],
            [
              30.88985895800806,
              32.75250556349718
            ],
            [
              30.896835791983605,
              32.751398362875776
            ],
            [
              30.897759145738902,
              32.75549463385991
            ]
          ]
        ]
      },
      "properties": {
        "event_id": "ow-0792_3",
        "image_name": "ow-0792.jpg",
        "patch_name": "S1_20191008_035936_040116_VV_3",
        "start_time": "2019-10-08T03:59:36",
        "end_time": "2019-10-08T04:01:16",
        "sentinel_id": "S1A_IW_GRDH_1SDV_20191008T040026_20191008T040051_029362_03568A_5355.SAFE",
        "class_name": "oil",
        "confidence": 0.6345,
        "bbox_pixels": [
          434.39,
          283.74,
          467.64,
          306.46
        ],
        "centroid_lon": 30.893809,
        "centroid_lat": 32.754,
        "estimated_area_km2": 0.4284,
        "status": "candidate_detection",
        "note": "AI-generated suspected oil-spill candidate; not verified."
      }
    },
    {
      "type": "Feature",
      "geometry": {
        "type": "Polygon",
        "coordinates": [
          [
            [
              30.951617249101204,
              32.752315953311175
            ],
            [
              30.94320896733062,
              32.75365031999297
            ],
            [
              30.941225498500756,
              32.7448510642699
            ],
            [
              30.949633780271334,
              32.743516697588106
            ],
            [
              30.951617249101204,
              32.752315953311175
            ]
          ]
        ]
      },
      "properties": {
        "event_id": "ow-0792_4",
        "image_name": "ow-0792.jpg",
        "patch_name": "S1_20191008_035936_040116_VV_3",
        "start_time": "2019-10-08T03:59:36",
        "end_time": "2019-10-08T04:01:16",
        "sentinel_id": "S1A_IW_GRDH_1SDV_20191008T040026_20191008T040051_029362_03568A_5355.SAFE",
        "class_name": "oil",
        "confidence": 0.5101,
        "bbox_pixels": [
          183.29,
          254.99,
          223.36,
          303.8
        ],
        "centroid_lon": 30.946421,
        "centroid_lat": 32.748584,
        "estimated_area_km2": 1.0975,
        "status": "candidate_detection",
        "note": "AI-generated suspected oil-spill candidate; not verified."
      }
    },
    {
      "type": "Feature",
      "geometry": {
        "type": "Polygon",
        "coordinates": [
          [
            [
              32.12650229147401,
              31.593921188794383
            ],
            [
              32.14365908338975,
              31.596720984245614
            ],
            [
              32.13836339326408,
              31.62016045154089
            ],
            [
              32.12120660134835,
              31.617360656089662
            ],
            [
              32.12650229147401,
              31.593921188794383
            ]
          ]
        ]
      },
      "properties": {
        "event_id": "ow-0821_0",
        "image_name": "ow-0821.jpg",
        "patch_name": "S1_20191014_154845_155025_VV_6",
        "start_time": "2019-10-14T15:48:45",
        "end_time": "2019-10-14T15:50:25",
        "sentinel_id": "S1A_IW_GRDH_1SDV_20191014T154910_20191014T154935_029457_0359DE_77C2.SAFE;S1A_IW_GRDH_1SDV_20191014T154845_20191014T154910_029457_0359DE_D1AE.SAFE",
        "class_name": "oil",
        "confidence": 0.7605,
        "bbox_pixels": [
          393.81,
          120.2,
          476.64,
          250.21
        ],
        "centroid_lon": 32.132433,
        "centroid_lat": 31.607041,
        "estimated_area_km2": 6.2177,
        "status": "candidate_detection",
        "note": "AI-generated suspected oil-spill candidate; not verified."
      }
    },
    {
      "type": "Feature",
      "geometry": {
        "type": "Polygon",
        "coordinates": [
          [
            [
              32.05779371251673,
              31.65376973462779
            ],
            [
              32.06112993116069,
              31.654314167982783
            ],
            [
              32.05993895380973,
              31.659585600790386
            ],
            [
              32.05660273516576,
              31.65904116743539
            ],
            [
              32.05779371251673,
              31.65376973462779
            ]
          ]
        ]
      },
      "properties": {
        "event_id": "ow-0821_1",
        "image_name": "ow-0821.jpg",
        "patch_name": "S1_20191014_154845_155025_VV_6",
        "start_time": "2019-10-14T15:48:45",
        "end_time": "2019-10-14T15:50:25",
        "sentinel_id": "S1A_IW_GRDH_1SDV_20191014T154910_20191014T154935_029457_0359DE_77C2.SAFE;S1A_IW_GRDH_1SDV_20191014T154845_20191014T154910_029457_0359DE_D1AE.SAFE",
        "class_name": "oil",
        "confidence": 0.539,
        "bbox_pixels": [
          136.86,
          500.34,
          152.97,
          529.58
        ],
        "centroid_lon": 32.058866,
        "centroid_lat": 31.656678,
        "estimated_area_km2": 0.2777,
        "status": "candidate_detection",
        "note": "AI-generated suspected oil-spill candidate; not verified."
      }
    },
    {
      "type": "Feature",
      "geometry": {
        "type": "Polygon",
        "coordinates": [
          [
            [
              32.08552303154081,
              31.616567251415614
            ],
            [
              32.087570486416915,
              31.616901373020447
            ],
            [
              32.08683031850044,
              31.620177460038306
            ],
            [
              32.08478286362434,
              31.619843338433466
            ],
            [
              32.08552303154081,
              31.616567251415614
            ]
          ]
        ]
      },
      "properties": {
        "event_id": "ow-0821_2",
        "image_name": "ow-0821.jpg",
        "patch_name": "S1_20191014_154845_155025_VV_6",
        "start_time": "2019-10-14T15:48:45",
        "end_time": "2019-10-14T15:50:25",
        "sentinel_id": "S1A_IW_GRDH_1SDV_20191014T154910_20191014T154935_029457_0359DE_77C2.SAFE;S1A_IW_GRDH_1SDV_20191014T154845_20191014T154910_029457_0359DE_D1AE.SAFE",
        "class_name": "oil",
        "confidence": 0.538,
        "bbox_pixels": [
          226.83,
          277.12,
          236.72,
          295.29
        ],
        "centroid_lon": 32.086177,
        "centroid_lat": 31.618372,
        "estimated_area_km2": 0.1062,
        "status": "candidate_detection",
        "note": "AI-generated suspected oil-spill candidate; not verified."
      }
    },
    {
      "type": "Feature",
      "geometry": {
        "type": "Polygon",
        "coordinates": [
          [
            [
              32.983084983473844,
              34.128517210094046
            ],
            [
              32.93765046621556,
              34.135444505269184
            ],
            [
              32.93478058541344,
              34.12248579578909
            ],
            [
              32.98021510267172,
              34.11555850061396
            ],
            [
              32.983084983473844,
              34.128517210094046
            ]
          ]
        ]
      },
      "properties": {
        "event_id": "ow-0823_0",
        "image_name": "ow-0823.jpg",
        "patch_name": "S1_20191015_035126_035307_VV_3",
        "start_time": "2019-10-15T03:51:26",
        "end_time": "2019-10-15T03:53:07",
        "sentinel_id": "S1A_IW_GRDH_1SDV_20191015T035151_20191015T035216_029464_035A19_9D38.SAFE",
        "class_name": "oil",
        "confidence": 0.9522,
        "bbox_pixels": [
          224.82,
          283.68,
          437.88,
          355.57
        ],
        "centroid_lon": 32.958933,
        "centroid_lat": 34.125502,
        "estimated_area_km2": 9.854,
        "status": "candidate_detection",
        "note": "AI-generated suspected oil-spill candidate; not verified."
      }
    },
    {
      "type": "Feature",
      "geometry": {
        "type": "Polygon",
        "coordinates": [
          [
            [
              32.32094946852804,
              32.03700670027666
            ],
            [
              32.33556751300285,
              32.03909333891798
            ],
            [
              32.32827067706394,
              32.075751861618414
            ],
            [
              32.31365263258913,
              32.0736652229771
            ],
            [
              32.32094946852804,
              32.03700670027666
            ]
          ]
        ]
      },
      "properties": {
        "event_id": "ow-0832_0",
        "image_name": "ow-0832.jpg",
        "patch_name": "S1_20191019_155647_155827_VV_7",
        "start_time": "2019-10-19T15:56:47",
        "end_time": "2019-10-19T15:58:27",
        "sentinel_id": "S1A_IW_GRDH_1SDV_20191019T155712_20191019T155737_029530_035C5B_D123.SAFE",
        "class_name": "oil",
        "confidence": 0.4037,
        "bbox_pixels": [
          281.96,
          216.56,
          352.13,
          419.83
        ],
        "centroid_lon": 32.32461,
        "centroid_lat": 32.056379,
        "estimated_area_km2": 8.9178,
        "status": "candidate_detection",
        "note": "AI-generated suspected oil-spill candidate; not verified."
      }
    },
    {
      "type": "Feature",
      "geometry": {
        "type": "Polygon",
        "coordinates": [
          [
            [
              30.415979307768236,
              34.36838592610554
            ],
            [
              30.35599836624887,
              34.377254808173284
            ],
            [
              30.354109412273726,
              34.368549974708465
            ],
            [
              30.41409035379309,
              34.35968109264072
            ],
            [
              30.415979307768236,
              34.36838592610554
            ]
          ]
        ]
      },
      "properties": {
        "event_id": "ow-0835_0",
        "image_name": "ow-0835.jpg",
        "patch_name": "S1_20191020_035936_040116_VV_1",
        "start_time": "2019-10-20T03:59:36",
        "end_time": "2019-10-20T04:01:16",
        "sentinel_id": "S1A_IW_GRDH_1SDV_20191020T040001_20191020T040026_029537_035C98_67D9.SAFE",
        "class_name": "oil",
        "confidence": 0.9108,
        "bbox_pixels": [
          130.79,
          361.15,
          411.75,
          409.47
        ],
        "centroid_lon": 30.385044,
        "centroid_lat": 34.368468,
        "estimated_area_km2": 11.1216,
        "status": "candidate_detection",
        "note": "AI-generated suspected oil-spill candidate; not verified."
      }
    },
    {
      "type": "Feature",
      "geometry": {
        "type": "Polygon",
        "coordinates": [
          [
            [
              30.35098495403066,
              34.40174644889945
            ],
            [
              30.33990967063874,
              34.40338405877655
            ],
            [
              30.33834895094907,
              34.39619182161112
            ],
            [
              30.349424234340997,
              34.39455421173402
            ],
            [
              30.35098495403066,
              34.40174644889945
            ]
          ]
        ]
      },
      "properties": {
        "event_id": "ow-0835_1",
        "image_name": "ow-0835.jpg",
        "patch_name": "S1_20191020_035936_040116_VV_1",
        "start_time": "2019-10-20T03:59:36",
        "end_time": "2019-10-20T04:01:16",
        "sentinel_id": "S1A_IW_GRDH_1SDV_20191020T040001_20191020T040026_029537_035C98_67D9.SAFE",
        "class_name": "oil",
        "confidence": 0.8823,
        "bbox_pixels": [
          458.62,
          233.42,
          510.5,
          273.34
        ],
        "centroid_lon": 30.344667,
        "centroid_lat": 34.398969,
        "estimated_area_km2": 1.1408,
        "status": "candidate_detection",
        "note": "AI-generated suspected oil-spill candidate; not verified."
      }
    },
    {
      "type": "Feature",
      "geometry": {
        "type": "Polygon",
        "coordinates": [
          [
            [
              31.259995486736184,
              33.112763343357216
            ],
            [
              31.24794870290941,
              33.11468900367558
            ],
            [
              31.24404751590892,
              33.09749839638156
            ],
            [
              31.256094299735693,
              33.095572736063204
            ],
            [
              31.259995486736184,
              33.112763343357216
            ]
          ]
        ]
      },
      "properties": {
        "event_id": "ow-0837_0",
        "image_name": "ow-0837.jpg",
        "patch_name": "S1_20191020_035936_040116_VV_3",
        "start_time": "2019-10-20T03:59:36",
        "end_time": "2019-10-20T04:01:16",
        "sentinel_id": "S1A_IW_GRDH_1SDV_20191020T040026_20191020T040051_029537_035C98_A5AA.SAFE;S1A_IW_GRDH_1SDV_20191020T040001_20191020T040026_029537_035C98_67D9.SAFE",
        "class_name": "oil",
        "confidence": 0.4793,
        "bbox_pixels": [
          178.2,
          15.65,
          235.64,
          111.0
        ],
        "centroid_lon": 31.252022,
        "centroid_lat": 33.105131,
        "estimated_area_km2": 3.1647,
        "status": "candidate_detection",
        "note": "AI-generated suspected oil-spill candidate; not verified."
      }
    },
    {
      "type": "Feature",
      "geometry": {
        "type": "Polygon",
        "coordinates": [
          [
            [
              31.25032998799102,
              33.11723169836588
            ],
            [
              31.202282761059482,
              33.124911975495436
            ],
            [
              31.18447104395029,
              33.0464245218006
            ],
            [
              31.232518270881847,
              33.03874424467105
            ],
            [
              31.25032998799102,
              33.11723169836588
            ]
          ]
        ]
      },
      "properties": {
        "event_id": "ow-0837_1",
        "image_name": "ow-0837.jpg",
        "patch_name": "S1_20191020_035936_040116_VV_3",
        "start_time": "2019-10-20T03:59:36",
        "end_time": "2019-10-20T04:01:16",
        "sentinel_id": "S1A_IW_GRDH_1SDV_20191020T040026_20191020T040051_029537_035C98_A5AA.SAFE;S1A_IW_GRDH_1SDV_20191020T040001_20191020T040026_029537_035C98_67D9.SAFE",
        "class_name": "oil",
        "confidence": 0.4166,
        "bbox_pixels": [
          227.34,
          0.0,
          456.43,
          435.34
        ],
        "centroid_lon": 31.217401,
        "centroid_lat": 33.081828,
        "estimated_area_km2": 58.9242,
        "status": "candidate_detection",
        "note": "AI-generated suspected oil-spill candidate; not verified."
      }
    },
    {
      "type": "Feature",
      "geometry": {
        "type": "Polygon",
        "coordinates": [
          [
            [
              32.91826462366248,
              32.46463437690037
            ],
            [
              32.936586223565556,
              32.46742697163671
            ],
            [
              32.931959212282585,
              32.48891962526493
            ],
            [
              32.91363761237951,
              32.486127030528586
            ],
            [
              32.91826462366248,
              32.46463437690037
            ]
          ]
        ]
      },
      "properties": {
        "event_id": "ow-0845_0",
        "image_name": "ow-0845.jpg",
        "patch_name": "S1_20191020_154755_154935_VV_9",
        "start_time": "2019-10-20T15:47:55",
        "end_time": "2019-10-20T15:49:35",
        "sentinel_id": "S1B_IW_GRDH_1SDV_20191020T154820_20191020T154845_018561_022F8C_E7C6.SAFE",
        "class_name": "oil",
        "confidence": 0.8152,
        "bbox_pixels": [
          268.28,
          16.62,
          355.73,
          135.68
        ],
        "centroid_lon": 32.925112,
        "centroid_lat": 32.476777,
        "estimated_area_km2": 5.8262,
        "status": "candidate_detection",
        "note": "AI-generated suspected oil-spill candidate; not verified."
      }
    },
    {
      "type": "Feature",
      "geometry": {
        "type": "Polygon",
        "coordinates": [
          [
            [
              32.81160790067138,
              32.57363914355207
            ],
            [
              32.81763664508864,
              32.574572219249035
            ],
            [
              32.81665065309616,
              32.57908769842533
            ],
            [
              32.810621908678904,
              32.57815462272838
            ],
            [
              32.81160790067138,
              32.57363914355207
            ]
          ]
        ]
      },
      "properties": {
        "event_id": "ow-0846_0",
        "image_name": "ow-0846.jpg",
        "patch_name": "S1_20191020_154755_154935_VV_10",
        "start_time": "2019-10-20T15:47:55",
        "end_time": "2019-10-20T15:49:35",
        "sentinel_id": "S1B_IW_GRDH_1SDV_20191020T154820_20191020T154845_018561_022F8C_E7C6.SAFE",
        "class_name": "oil",
        "confidence": 0.7992,
        "bbox_pixels": [
          524.91,
          602.84,
          553.72,
          627.85
        ],
        "centroid_lon": 32.814129,
        "centroid_lat": 32.576363,
        "estimated_area_km2": 0.3991,
        "status": "candidate_detection",
        "note": "AI-generated suspected oil-spill candidate; not verified."
      }
    },
    {
      "type": "Feature",
      "geometry": {
        "type": "Polygon",
        "coordinates": [
          [
            [
              32.80551835491919,
              32.55534236618981
            ],
            [
              32.810669778429116,
              32.556139657922415
            ],
            [
              32.809763488637095,
              32.560290130456444
            ],
            [
              32.804612065127166,
              32.55949283872384
            ],
            [
              32.80551835491919,
              32.55534236618981
            ]
          ]
        ]
      },
      "properties": {
        "event_id": "ow-0846_1",
        "image_name": "ow-0846.jpg",
        "patch_name": "S1_20191020_154755_154935_VV_10",
        "start_time": "2019-10-20T15:47:55",
        "end_time": "2019-10-20T15:49:35",
        "sentinel_id": "S1B_IW_GRDH_1SDV_20191020T154820_20191020T154845_018561_022F8C_E7C6.SAFE",
        "class_name": "oil",
        "confidence": 0.7487,
        "bbox_pixels": [
          478.31,
          509.86,
          502.92,
          532.85
        ],
        "centroid_lon": 32.807641,
        "centroid_lat": 32.557816,
        "estimated_area_km2": 0.3131,
        "status": "candidate_detection",
        "note": "AI-generated suspected oil-spill candidate; not verified."
      }
    },
    {
      "type": "Feature",
      "geometry": {
        "type": "Polygon",
        "coordinates": [
          [
            [
              32.7421946992263,
              32.45303864402354
            ],
            [
              32.747378031179494,
              32.45384087426255
            ],
            [
              32.74612653087833,
              32.45957228343444
            ],
            [
              32.74094319892512,
              32.45877005319543
            ],
            [
              32.7421946992263,
              32.45303864402354
            ]
          ]
        ]
      },
      "properties": {
        "event_id": "ow-0846_2",
        "image_name": "ow-0846.jpg",
        "patch_name": "S1_20191020_154755_154935_VV_10",
        "start_time": "2019-10-20T15:47:55",
        "end_time": "2019-10-20T15:49:35",
        "sentinel_id": "S1B_IW_GRDH_1SDV_20191020T154820_20191020T154845_018561_022F8C_E7C6.SAFE",
        "class_name": "oil",
        "confidence": 0.5786,
        "bbox_pixels": [
          82.41,
          14.26,
          107.18,
          46.0
        ],
        "centroid_lon": 32.744161,
        "centroid_lat": 32.456305,
        "estimated_area_km2": 0.4396,
        "status": "candidate_detection",
        "note": "AI-generated suspected oil-spill candidate; not verified."
      }
    },
    {
      "type": "Feature",
      "geometry": {
        "type": "Polygon",
        "coordinates": [
          [
            [
              33.72473922620185,
              34.02226743446878
            ],
            [
              33.73805201918124,
              34.02413186665947
            ],
            [
              33.73724881543763,
              34.02806080570696
            ],
            [
              33.72393602245823,
              34.02619637351627
            ],
            [
              33.72473922620185,
              34.02226743446878
            ]
          ]
        ]
      },
      "properties": {
        "event_id": "ow-0847_0",
        "image_name": "ow-0847.jpg",
        "patch_name": "S1_20191020_154755_154935_VV_11",
        "start_time": "2019-10-20T15:47:55",
        "end_time": "2019-10-20T15:49:35",
        "sentinel_id": "S1B_IW_GRDH_1SDV_20191020T154845_20191020T154910_018561_022F8C_7ECC.SAFE",
        "class_name": "oil",
        "confidence": 0.7973,
        "bbox_pixels": [
          298.37,
          308.73,
          360.81,
          330.52
        ],
        "centroid_lon": 33.730994,
        "centroid_lat": 34.025164,
        "estimated_area_km2": 0.8399,
        "status": "candidate_detection",
        "note": "AI-generated suspected oil-spill candidate; not verified."
      }
    },
    {
      "type": "Feature",
      "geometry": {
        "type": "Polygon",
        "coordinates": [
          [
            [
              31.543392407730188,
              32.32704381702606
            ],
            [
              31.472810137937962,
              32.33743519188092
            ],
            [
              31.461848965208553,
              32.284750705943146
            ],
            [
              31.53243123500077,
              32.27435933108829
            ],
            [
              31.543392407730188,
              32.32704381702606
            ]
          ]
        ]
      },
      "properties": {
        "event_id": "ow-0858_0",
        "image_name": "ow-0858.jpg",
        "patch_name": "S1_20191021_035049_035228_VV_13",
        "start_time": "2019-10-21T03:50:49",
        "end_time": "2019-10-21T03:52:28",
        "sentinel_id": "S1B_IW_GRDH_1SDV_20191021T035139_20191021T035204_018568_022FC0_7FCF.SAFE",
        "class_name": "oil",
        "confidence": 0.7746,
        "bbox_pixels": [
          374.39,
          710.49,
          710.9,
          1003.03
        ],
        "centroid_lon": 31.502621,
        "centroid_lat": 32.305897,
        "estimated_area_km2": 53.8718,
        "status": "candidate_detection",
        "note": "AI-generated suspected oil-spill candidate; not verified."
      }
    },
    {
      "type": "Feature",
      "geometry": {
        "type": "Polygon",
        "coordinates": [
          [
            [
              31.49676087884366,
              32.267693493515885
            ],
            [
              31.48060833719773,
              32.27007152861727
            ],
            [
              31.47745442716444,
              32.25491237248501
            ],
            [
              31.49360696881037,
              32.25253433738362
            ],
            [
              31.49676087884366,
              32.267693493515885
            ]
          ]
        ]
      },
      "properties": {
        "event_id": "ow-0858_1",
        "image_name": "ow-0858.jpg",
        "patch_name": "S1_20191021_035049_035228_VV_13",
        "start_time": "2019-10-21T03:50:49",
        "end_time": "2019-10-21T03:52:28",
        "sentinel_id": "S1B_IW_GRDH_1SDV_20191021T035139_20191021T035204_018568_022FC0_7FCF.SAFE",
        "class_name": "oil",
        "confidence": 0.5396,
        "bbox_pixels": [
          532.99,
          1067.23,
          610.0,
          1151.4
        ],
        "centroid_lon": 31.487108,
        "centroid_lat": 32.261303,
        "estimated_area_km2": 3.548,
        "status": "candidate_detection",
        "note": "AI-generated suspected oil-spill candidate; not verified."
      }
    },
    {
      "type": "Feature",
      "geometry": {
        "type": "Polygon",
        "coordinates": [
          [
            [
              31.50785636252205,
              32.45344267342289
            ],
            [
              31.495309013962554,
              32.45528993907048
            ],
            [
              31.48104333214786,
              32.38672244802612
            ],
            [
              31.493590680707342,
              32.38487518237853
            ],
            [
              31.50785636252205,
              32.45344267342289
            ]
          ]
        ]
      },
      "properties": {
        "event_id": "ow-0858_2",
        "image_name": "ow-0858.jpg",
        "patch_name": "S1_20191021_035049_035228_VV_13",
        "start_time": "2019-10-21T03:50:49",
        "end_time": "2019-10-21T03:52:28",
        "sentinel_id": "S1B_IW_GRDH_1SDV_20191021T035139_20191021T035204_018568_022FC0_7FCF.SAFE",
        "class_name": "oil",
        "confidence": 0.506,
        "bbox_pixels": [
          660.43,
          57.7,
          720.25,
          438.42
        ],
        "centroid_lon": 31.49445,
        "centroid_lat": 32.420083,
        "estimated_area_km2": 19.7502,
        "status": "candidate_detection",
        "note": "AI-generated suspected oil-spill candidate; not verified."
      }
    },
    {
      "type": "Feature",
      "geometry": {
        "type": "Polygon",
        "coordinates": [
          [
            [
              31.48362404873794,
              32.3795215644739
            ],
            [
              31.47334932973447,
              32.38103424544899
            ],
            [
              31.47044719030821,
              32.3670852157633
            ],
            [
              31.480721909311676,
              32.365572534788214
            ],
            [
              31.48362404873794,
              32.3795215644739
            ]
          ]
        ]
      },
      "properties": {
        "event_id": "ow-0858_3",
        "image_name": "ow-0858.jpg",
        "patch_name": "S1_20191021_035049_035228_VV_13",
        "start_time": "2019-10-21T03:50:49",
        "end_time": "2019-10-21T03:52:28",
        "sentinel_id": "S1B_IW_GRDH_1SDV_20191021T035139_20191021T035204_018568_022FC0_7FCF.SAFE",
        "class_name": "oil",
        "confidence": 0.4692,
        "bbox_pixels": [
          701.38,
          475.17,
          750.37,
          552.63
        ],
        "centroid_lon": 31.477036,
        "centroid_lat": 32.373303,
        "estimated_area_km2": 2.1323,
        "status": "candidate_detection",
        "note": "AI-generated suspected oil-spill candidate; not verified."
      }
    },
    {
      "type": "Feature",
      "geometry": {
        "type": "Polygon",
        "coordinates": [
          [
            [
              34.47433167765579,
              34.35018960650147
            ],
            [
              34.45947025575717,
              34.352381711454505
            ],
            [
              34.45683411334825,
              34.34053931819554
            ],
            [
              34.47169553524687,
              34.3383472132425
            ],
            [
              34.47433167765579,
              34.35018960650147
            ]
          ]
        ]
      },
      "properties": {
        "event_id": "ow-0862_0",
        "image_name": "ow-0862.jpg",
        "patch_name": "S1_20191022_034306_034446_VV_2",
        "start_time": "2019-10-22T03:43:06",
        "end_time": "2019-10-22T03:44:46",
        "sentinel_id": "S1A_IW_GRDH_1SDV_20191022T034331_20191022T034356_029566_035D93_9262.SAFE",
        "class_name": "oil",
        "confidence": 0.8476,
        "bbox_pixels": [
          414.67,
          456.34,
          484.18,
          522.11
        ],
        "centroid_lon": 34.465583,
        "centroid_lat": 34.345364,
        "estimated_area_km2": 2.5126,
        "status": "candidate_detection",
        "note": "AI-generated suspected oil-spill candidate; not verified."
      }
    },
    {
      "type": "Feature",
      "geometry": {
        "type": "Polygon",
        "coordinates": [
          [
            [
              34.453385307893086,
              34.39226204407172
            ],
            [
              34.436615870286246,
              34.39473558714778
            ],
            [
              34.42960881038575,
              34.363257637151655
            ],
            [
              34.446378247992605,
              34.36078409407561
            ],
            [
              34.453385307893086,
              34.39226204407172
            ]
          ]
        ]
      },
      "properties": {
        "event_id": "ow-0862_1",
        "image_name": "ow-0862.jpg",
        "patch_name": "S1_20191022_034306_034446_VV_2",
        "start_time": "2019-10-22T03:43:06",
        "end_time": "2019-10-22T03:44:46",
        "sentinel_id": "S1A_IW_GRDH_1SDV_20191022T034331_20191022T034356_029566_035D93_9262.SAFE",
        "class_name": "oil",
        "confidence": 0.5628,
        "bbox_pixels": [
          551.93,
          246.73,
          630.35,
          421.55
        ],
        "centroid_lon": 34.441497,
        "centroid_lat": 34.37776,
        "estimated_area_km2": 8.2562,
        "status": "candidate_detection",
        "note": "AI-generated suspected oil-spill candidate; not verified."
      }
    },
    {
      "type": "Feature",
      "geometry": {
        "type": "Polygon",
        "coordinates": [
          [
            [
              34.5509823523965,
              31.858505543133937
            ],
            [
              34.55691274151583,
              31.85944417010138
            ],
            [
              34.55580068173712,
              31.864443604246656
            ],
            [
              34.54987029261779,
              31.86350497727921
            ],
            [
              34.5509823523965,
              31.858505543133937
            ]
          ]
        ]
      },
      "properties": {
        "event_id": "ow-0871_0",
        "image_name": "ow-0871.jpg",
        "patch_name": "S1_20191027_153951_154106_VV_0",
        "start_time": "2019-10-27T15:39:51",
        "end_time": "2019-10-27T15:41:06",
        "sentinel_id": "S1B_IW_GRDH_1SDV_20191027T154016_20191027T154041_018663_0232BF_6EB7.SAFE;S1B_IW_GRDH_1SDV_20191027T153951_20191027T154016_018663_0232BF_BE84.SAFE",
        "class_name": "oil",
        "confidence": 0.7074,
        "bbox_pixels": [
          333.34,
          366.06,
          361.86,
          393.79
        ],
        "centroid_lon": 34.553392,
        "centroid_lat": 31.861475,
        "estimated_area_km2": 0.4401,
        "status": "candidate_detection",
        "note": "AI-generated suspected oil-spill candidate; not verified."
      }
    },
    {
      "type": "Feature",
      "geometry": {
        "type": "Polygon",
        "coordinates": [
          [
            [
              34.53475950889315,
              31.889515130967354
            ],
            [
              34.54057805511973,
              31.89043605610223
            ],
            [
              34.53889274591839,
              31.89801262035519
            ],
            [
              34.53307419969181,
              31.897091695220315
            ],
            [
              34.53475950889315,
              31.889515130967354
            ]
          ]
        ]
      },
      "properties": {
        "event_id": "ow-0871_1",
        "image_name": "ow-0871.jpg",
        "patch_name": "S1_20191027_153951_154106_VV_0",
        "start_time": "2019-10-27T15:39:51",
        "end_time": "2019-10-27T15:41:06",
        "sentinel_id": "S1B_IW_GRDH_1SDV_20191027T154016_20191027T154041_018663_0232BF_6EB7.SAFE;S1B_IW_GRDH_1SDV_20191027T153951_20191027T154016_018663_0232BF_BE84.SAFE",
        "class_name": "oil",
        "confidence": 0.6642,
        "bbox_pixels": [
          290.01,
          545.99,
          318.0,
          588.02
        ],
        "centroid_lon": 34.536826,
        "centroid_lat": 31.893764,
        "estimated_area_km2": 0.6709,
        "status": "candidate_detection",
        "note": "AI-generated suspected oil-spill candidate; not verified."
      }
    },
    {
      "type": "Feature",
      "geometry": {
        "type": "Polygon",
        "coordinates": [
          [
            [
              34.57202754078948,
              31.834025035146308
            ],
            [
              34.5781610250789,
              31.834995806817886
            ],
            [
              34.57747240466096,
              31.83809160481049
            ],
            [
              34.57133892037153,
              31.83712083313892
            ],
            [
              34.57202754078948,
              31.834025035146308
            ]
          ]
        ]
      },
      "properties": {
        "event_id": "ow-0871_2",
        "image_name": "ow-0871.jpg",
        "patch_name": "S1_20191027_153951_154106_VV_0",
        "start_time": "2019-10-27T15:39:51",
        "end_time": "2019-10-27T15:41:06",
        "sentinel_id": "S1B_IW_GRDH_1SDV_20191027T154016_20191027T154041_018663_0232BF_6EB7.SAFE;S1B_IW_GRDH_1SDV_20191027T153951_20191027T154016_018663_0232BF_BE84.SAFE",
        "class_name": "oil",
        "confidence": 0.6038,
        "bbox_pixels": [
          405.81,
          217.02,
          435.31,
          234.2
        ],
        "centroid_lon": 34.57475,
        "centroid_lat": 31.836058,
        "estimated_area_km2": 0.2921,
        "status": "candidate_detection",
        "note": "AI-generated suspected oil-spill candidate; not verified."
      }
    },
    {
      "type": "Feature",
      "geometry": {
        "type": "Polygon",
        "coordinates": [
          [
            [
              34.57275679808979,
              31.803497660089874
            ],
            [
              34.57839098692355,
              31.804389406225347
            ],
            [
              34.577734944211834,
              31.80733874617679
            ],
            [
              34.572100755378074,
              31.806447000041306
            ],
            [
              34.57275679808979,
              31.803497660089874
            ]
          ]
        ]
      },
      "properties": {
        "event_id": "ow-0871_3",
        "image_name": "ow-0871.jpg",
        "patch_name": "S1_20191027_153951_154106_VV_0",
        "start_time": "2019-10-27T15:39:51",
        "end_time": "2019-10-27T15:41:06",
        "sentinel_id": "S1B_IW_GRDH_1SDV_20191027T154016_20191027T154041_018663_0232BF_6EB7.SAFE;S1B_IW_GRDH_1SDV_20191027T153951_20191027T154016_018663_0232BF_BE84.SAFE",
        "class_name": "oil",
        "confidence": 0.5151,
        "bbox_pixels": [
          377.65,
          52.82,
          404.75,
          69.18
        ],
        "centroid_lon": 34.575246,
        "centroid_lat": 31.805418,
        "estimated_area_km2": 0.2545,
        "status": "candidate_detection",
        "note": "AI-generated suspected oil-spill candidate; not verified."
      }
    },
    {
      "type": "Feature",
      "geometry": {
        "type": "Polygon",
        "coordinates": [
          [
            [
              30.332311853674412,
              31.519702841227947
            ],
            [
              30.335973299512315,
              31.520236467079236
            ],
            [
              30.33492055861257,
              31.525417521862167
            ],
            [
              30.33125911277467,
              31.524883896010877
            ],
            [
              30.332311853674412,
              31.519702841227947
            ]
          ]
        ]
      },
      "properties": {
        "event_id": "ow-0873_0",
        "image_name": "ow-0873.jpg",
        "patch_name": "S1_20191030_160414_160554_VV_2",
        "start_time": "2019-10-30T16:04:14",
        "end_time": "2019-10-30T16:05:54",
        "sentinel_id": "S1B_IW_GRDH_1SDV_20191030T160439_20191030T160504_018707_023425_6ED4.SAFE",
        "class_name": "oil",
        "confidence": 0.5581,
        "bbox_pixels": [
          464.5,
          137.14,
          482.12,
          165.87
        ],
        "centroid_lon": 30.333616,
        "centroid_lat": 31.52256,
        "estimated_area_km2": 0.2846,
        "status": "candidate_detection",
        "note": "AI-generated suspected oil-spill candidate; not verified."
      }
    },
    {
      "type": "Feature",
      "geometry": {
        "type": "Polygon",
        "coordinates": [
          [
            [
              30.234351621043288,
              31.513019427929656
            ],
            [
              30.237518314541717,
              31.51348094766495
            ],
            [
              30.235415591031938,
              31.52382948233309
            ],
            [
              30.23224889753351,
              31.523367962597796
            ],
            [
              30.234351621043288,
              31.513019427929656
            ]
          ]
        ]
      },
      "properties": {
        "event_id": "ow-0873_1",
        "image_name": "ow-0873.jpg",
        "patch_name": "S1_20191030_160414_160554_VV_2",
        "start_time": "2019-10-30T16:04:14",
        "end_time": "2019-10-30T16:05:54",
        "sentinel_id": "S1B_IW_GRDH_1SDV_20191030T160439_20191030T160504_018707_023425_6ED4.SAFE",
        "class_name": "oil",
        "confidence": 0.452,
        "bbox_pixels": [
          0.19,
          178.04,
          15.43,
          235.43
        ],
        "centroid_lon": 30.234884,
        "centroid_lat": 31.518424,
        "estimated_area_km2": 0.6018,
        "status": "candidate_detection",
        "note": "AI-generated suspected oil-spill candidate; not verified."
      }
    },
    {
      "type": "Feature",
      "geometry": {
        "type": "Polygon",
        "coordinates": [
          [
            [
              33.064256228911376,
              32.16118398872044
            ],
            [
              33.07537163641177,
              32.16288026925345
            ],
            [
              33.07176106185156,
              32.17985208063051
            ],
            [
              33.06064565435116,
              32.17815580009751
            ],
            [
              33.064256228911376,
              32.16118398872044
            ]
          ]
        ]
      },
      "properties": {
        "event_id": "ow-0889_0",
        "image_name": "ow-0889.jpg",
        "patch_name": "S1_20191101_154754_154934_VV_4",
        "start_time": "2019-11-01T15:47:54",
        "end_time": "2019-11-01T15:49:34",
        "sentinel_id": "S1B_IW_GRDH_1SDV_20191101T154819_20191101T154844_018736_023509_FDE8.SAFE",
        "class_name": "oil",
        "confidence": 0.9117,
        "bbox_pixels": [
          299.51,
          274.31,
          352.89,
          368.31
        ],
        "centroid_lon": 33.068009,
        "centroid_lat": 32.170518,
        "estimated_area_km2": 2.8836,
        "status": "candidate_detection",
        "note": "AI-generated suspected oil-spill candidate; not verified."
      }
    },
    {
      "type": "Feature",
      "geometry": {
        "type": "Polygon",
        "coordinates": [
          [
            [
              33.05559916988661,
              32.17477406675338
            ],
            [
              33.06732299975917,
              32.176563196336296
            ],
            [
              33.06611070256143,
              32.182261701942544
            ],
            [
              33.054386872688866,
              32.180472572359626
            ],
            [
              33.05559916988661,
              32.17477406675338
            ]
          ]
        ]
      },
      "properties": {
        "event_id": "ow-0889_1",
        "image_name": "ow-0889.jpg",
        "patch_name": "S1_20191101_154754_154934_VV_4",
        "start_time": "2019-11-01T15:47:54",
        "end_time": "2019-11-01T15:49:34",
        "sentinel_id": "S1B_IW_GRDH_1SDV_20191101T154819_20191101T154844_018736_023509_FDE8.SAFE",
        "class_name": "oil",
        "confidence": 0.6007,
        "bbox_pixels": [
          272.68,
          354.3,
          328.99,
          385.87
        ],
        "centroid_lon": 33.060855,
        "centroid_lat": 32.178518,
        "estimated_area_km2": 1.0159,
        "status": "candidate_detection",
        "note": "AI-generated suspected oil-spill candidate; not verified."
      }
    },
    {
      "type": "Feature",
      "geometry": {
        "type": "Polygon",
        "coordinates": [
          [
            [
              35.05744564230732,
              34.3590294235337
            ],
            [
              35.04234995009315,
              34.361328723762874
            ],
            [
              35.03645629102982,
              34.33561421566959
            ],
            [
              35.051551983243996,
              34.33331491544042
            ],
            [
              35.05744564230732,
              34.3590294235337
            ]
          ]
        ]
      },
      "properties": {
        "event_id": "ow-0892_0",
        "image_name": "ow-0892.jpg",
        "patch_name": "S1_20191103_034307_034447_VV_0",
        "start_time": "2019-11-03T03:43:07",
        "end_time": "2019-11-03T03:44:47",
        "sentinel_id": "S1A_IW_GRDH_1SDV_20191103T034332_20191103T034357_029741_0363B0_BB8A.SAFE",
        "class_name": "oil",
        "confidence": 0.8341,
        "bbox_pixels": [
          807.06,
          285.13,
          877.8,
          427.91
        ],
        "centroid_lon": 35.046951,
        "centroid_lat": 34.347322,
        "estimated_area_km2": 6.016,
        "status": "candidate_detection",
        "note": "AI-generated suspected oil-spill candidate; not verified."
      }
    },
    {
      "type": "Feature",
      "geometry": {
        "type": "Polygon",
        "coordinates": [
          [
            [
              35.138018700432305,
              34.3340761088812
            ],
            [
              35.12243953989033,
              34.33644904858455
            ],
            [
              35.11809299626438,
              34.31748472946693
            ],
            [
              35.133672156806355,
              34.31511178976358
            ],
            [
              35.138018700432305,
              34.3340761088812
            ]
          ]
        ]
      },
      "properties": {
        "event_id": "ow-0892_1",
        "image_name": "ow-0892.jpg",
        "patch_name": "S1_20191103_034307_034447_VV_0",
        "start_time": "2019-11-03T03:43:07",
        "end_time": "2019-11-03T03:44:47",
        "sentinel_id": "S1A_IW_GRDH_1SDV_20191103T034332_20191103T034357_029741_0363B0_BB8A.SAFE",
        "class_name": "oil",
        "confidence": 0.6984,
        "bbox_pixels": [
          416.34,
          353.17,
          489.35,
          458.47
        ],
        "centroid_lon": 35.128056,
        "centroid_lat": 34.32578,
        "estimated_area_km2": 4.3511,
        "status": "candidate_detection",
        "note": "AI-generated suspected oil-spill candidate; not verified."
      }
    },
    {
      "type": "Feature",
      "geometry": {
        "type": "Polygon",
        "coordinates": [
          [
            [
              35.15250934779321,
              34.37361068061134
            ],
            [
              35.14516033744663,
              34.37473004505879
            ],
            [
              35.14383303442195,
              34.36893891530331
            ],
            [
              35.15118204476854,
              34.36781955085587
            ],
            [
              35.15250934779321,
              34.37361068061134
            ]
          ]
        ]
      },
      "properties": {
        "event_id": "ow-0892_2",
        "image_name": "ow-0892.jpg",
        "patch_name": "S1_20191103_034307_034447_VV_0",
        "start_time": "2019-11-03T03:43:07",
        "end_time": "2019-11-03T03:44:47",
        "sentinel_id": "S1A_IW_GRDH_1SDV_20191103T034332_20191103T034357_029741_0363B0_BB8A.SAFE",
        "class_name": "oil",
        "confidence": 0.6487,
        "bbox_pixels": [
          391.76,
          129.21,
          426.2,
          161.37
        ],
        "centroid_lon": 35.148171,
        "centroid_lat": 34.371275,
        "estimated_area_km2": 0.6133,
        "status": "candidate_detection",
        "note": "AI-generated suspected oil-spill candidate; not verified."
      }
    },
    {
      "type": "Feature",
      "geometry": {
        "type": "Polygon",
        "coordinates": [
          [
            [
              35.205828926128476,
              34.385740644823706
            ],
            [
              35.18528778730413,
              34.38886936820626
            ],
            [
              35.15380033106922,
              34.25148706639864
            ],
            [
              35.174341469893555,
              34.24835834301608
            ],
            [
              35.205828926128476,
              34.385740644823706
            ]
          ]
        ]
      },
      "properties": {
        "event_id": "ow-0892_3",
        "image_name": "ow-0892.jpg",
        "patch_name": "S1_20191103_034307_034447_VV_0",
        "start_time": "2019-11-03T03:43:07",
        "end_time": "2019-11-03T03:44:47",
        "sentinel_id": "S1A_IW_GRDH_1SDV_20191103T034332_20191103T034357_029741_0363B0_BB8A.SAFE",
        "class_name": "oil",
        "confidence": 0.4917,
        "bbox_pixels": [
          162.92,
          20.56,
          259.18,
          783.38
        ],
        "centroid_lon": 35.179815,
        "centroid_lat": 34.318614,
        "estimated_area_km2": 74.8229,
        "status": "candidate_detection",
        "note": "AI-generated suspected oil-spill candidate; not verified."
      }
    },
    {
      "type": "Feature",
      "geometry": {
        "type": "Polygon",
        "coordinates": [
          [
            [
              34.465569919600654,
              34.06729034492488
            ],
            [
              34.24188805877724,
              34.1001652747008
            ],
            [
              34.237314277348084,
              34.07921846608256
            ],
            [
              34.46099613817149,
              34.046343536306644
            ],
            [
              34.465569919600654,
              34.06729034492488
            ]
          ]
        ]
      },
      "properties": {
        "event_id": "ow-0896_0",
        "image_name": "ow-0896.jpg",
        "patch_name": "S1_20191103_034307_034447_VV_9",
        "start_time": "2019-11-03T03:43:07",
        "end_time": "2019-11-03T03:44:47",
        "sentinel_id": "S1A_IW_GRDH_1SDV_20191103T034332_20191103T034357_029741_0363B0_BB8A.SAFE",
        "class_name": "oil",
        "confidence": 0.6004,
        "bbox_pixels": [
          27.44,
          0.0,
          1076.74,
          116.3
        ],
        "centroid_lon": 34.351442,
        "centroid_lat": 34.073254,
        "estimated_area_km2": 126.1028,
        "status": "candidate_detection",
        "note": "AI-generated suspected oil-spill candidate; not verified."
      }
    },
    {
      "type": "Feature",
      "geometry": {
        "type": "Polygon",
        "coordinates": [
          [
            [
              32.70580627311902,
              31.5072597408117
            ],
            [
              32.710033241572674,
              31.507925827342575
            ],
            [
              32.70933626164806,
              31.511111911746262
            ],
            [
              32.705109293194404,
              31.510445825215392
            ],
            [
              32.70580627311902,
              31.5072597408117
            ]
          ]
        ]
      },
      "properties": {
        "event_id": "ow-0906_0",
        "image_name": "ow-0906.jpg",
        "patch_name": "S1_20191107_154845_155025_VV_1",
        "start_time": "2019-11-07T15:48:45",
        "end_time": "2019-11-07T15:50:25",
        "sentinel_id": "S1A_IW_GRDH_1SDV_20191107T154845_20191107T154910_029807_03660E_0E71.SAFE",
        "class_name": "oil",
        "confidence": 0.6735,
        "bbox_pixels": [
          312.33,
          311.65,
          332.69,
          329.33
        ],
        "centroid_lon": 32.707571,
        "centroid_lat": 31.509186,
        "estimated_area_km2": 0.2004,
        "status": "candidate_detection",
        "note": "AI-generated suspected oil-spill candidate; not verified."
      }
    },
    {
      "type": "Feature",
      "geometry": {
        "type": "Polygon",
        "coordinates": [
          [
            [
              34.45771302066776,
              34.38798440784137
            ],
            [
              34.4495216288411,
              34.389195461203215
            ],
            [
              34.44710450600555,
              34.37819950592413
            ],
            [
              34.455295897832215,
              34.37698845256229
            ],
            [
              34.45771302066776,
              34.38798440784137
            ]
          ]
        ]
      },
      "properties": {
        "event_id": "ow-0913_0",
        "image_name": "ow-0913.jpg",
        "patch_name": "S1_20191109_034227_034407_VV_1",
        "start_time": "2019-11-09T03:42:27",
        "end_time": "2019-11-09T03:44:07",
        "sentinel_id": "S1B_IW_GRDH_1SDV_20191109T034252_20191109T034317_018845_0238A3_587D.SAFE",
        "class_name": "oil",
        "confidence": 0.8242,
        "bbox_pixels": [
          304.35,
          287.17,
          342.72,
          348.25
        ],
        "centroid_lon": 34.452409,
        "centroid_lat": 34.383092,
        "estimated_area_km2": 1.3244,
        "status": "candidate_detection",
        "note": "AI-generated suspected oil-spill candidate; not verified."
      }
    },
    {
      "type": "Feature",
      "geometry": {
        "type": "Polygon",
        "coordinates": [
          [
            [
              33.1591472747843,
              31.403005829133367
            ],
            [
              33.16473091302432,
              31.40387283748966
            ],
            [
              33.16420152963734,
              31.406343551519942
            ],
            [
              33.15861789139731,
              31.40547654316365
            ],
            [
              33.1591472747843,
              31.403005829133367
            ]
          ]
        ]
      },
      "properties": {
        "event_id": "ow-0917_0",
        "image_name": "ow-0917.jpg",
        "patch_name": "S1_20191113_154755_154935_VV_1",
        "start_time": "2019-11-13T15:47:55",
        "end_time": "2019-11-13T15:49:35",
        "sentinel_id": "S1B_IW_GRDH_1SDV_20191113T154820_20191113T154845_018911_023AAD_38BC.SAFE",
        "class_name": "oil",
        "confidence": 0.7202,
        "bbox_pixels": [
          547.4,
          401.11,
          574.41,
          414.81
        ],
        "centroid_lon": 33.161674,
        "centroid_lat": 31.404675,
        "estimated_area_km2": 0.2158,
        "status": "candidate_detection",
        "note": "AI-generated suspected oil-spill candidate; not verified."
      }
    },
    {
      "type": "Feature",
      "geometry": {
        "type": "Polygon",
        "coordinates": [
          [
            [
              33.067118359256604,
              31.356432316755352
            ],
            [
              33.06967120587782,
              31.356828714096615
            ],
            [
              33.069084110229745,
              31.359568780163066
            ],
            [
              33.06653126360852,
              31.3591723828218
            ],
            [
              33.067118359256604,
              31.356432316755352
            ]
          ]
        ]
      },
      "properties": {
        "event_id": "ow-0917_1",
        "image_name": "ow-0917.jpg",
        "patch_name": "S1_20191113_154755_154935_VV_1",
        "start_time": "2019-11-13T15:47:55",
        "end_time": "2019-11-13T15:49:35",
        "sentinel_id": "S1B_IW_GRDH_1SDV_20191113T154820_20191113T154845_018911_023AAD_38BC.SAFE",
        "class_name": "oil",
        "confidence": 0.6513,
        "bbox_pixels": [
          69.89,
          227.84,
          82.24,
          243.04
        ],
        "centroid_lon": 33.068101,
        "centroid_lat": 31.358001,
        "estimated_area_km2": 0.1042,
        "status": "candidate_detection",
        "note": "AI-generated suspected oil-spill candidate; not verified."
      }
    },
    {
      "type": "Feature",
      "geometry": {
        "type": "Polygon",
        "coordinates": [
          [
            [
              31.979088888402053,
              31.58937029703707
            ],
            [
              31.995186354100923,
              31.591997759891154
            ],
            [
              31.994216378112004,
              31.596290040548418
            ],
            [
              31.97811891241313,
              31.59366257769433
            ],
            [
              31.979088888402053,
              31.58937029703707
            ]
          ]
        ]
      },
      "properties": {
        "event_id": "ow-0935_0",
        "image_name": "ow-0935.jpg",
        "patch_name": "S1_20191119_154845_155025_VV_0",
        "start_time": "2019-11-19T15:48:45",
        "end_time": "2019-11-19T15:50:25",
        "sentinel_id": "S1A_IW_GRDH_1SDV_20191119T154845_20191119T154910_029982_036C1D_3DEB.SAFE",
        "class_name": "oil",
        "confidence": 0.8192,
        "bbox_pixels": [
          89.94,
          308.1,
          167.65,
          331.91
        ],
        "centroid_lon": 31.986653,
        "centroid_lat": 31.59283,
        "estimated_area_km2": 1.2466,
        "status": "candidate_detection",
        "note": "AI-generated suspected oil-spill candidate; not verified."
      }
    },
    {
      "type": "Feature",
      "geometry": {
        "type": "Polygon",
        "coordinates": [
          [
            [
              31.28887061992861,
              31.84381131661816
            ],
            [
              31.263580749676912,
              31.847541779472635
            ],
            [
              31.26261207639156,
              31.842833616880412
            ],
            [
              31.28790194664326,
              31.83910315402594
            ],
            [
              31.28887061992861,
              31.84381131661816
            ]
          ]
        ]
      },
      "properties": {
        "event_id": "ow-0940_0",
        "image_name": "ow-0940.jpg",
        "patch_name": "S1_20191126_035049_035228_VV_2",
        "start_time": "2019-11-26T03:50:49",
        "end_time": "2019-11-26T03:52:28",
        "sentinel_id": "S1B_IW_GRDH_1SDV_20191126T035139_20191126T035204_019093_024085_D62E.SAFE",
        "class_name": "oil",
        "confidence": 0.8362,
        "bbox_pixels": [
          265.71,
          306.15,
          387.03,
          332.29
        ],
        "centroid_lon": 31.275741,
        "centroid_lat": 31.843322,
        "estimated_area_km2": 2.3326,
        "status": "candidate_detection",
        "note": "AI-generated suspected oil-spill candidate; not verified."
      }
    },
    {
      "type": "Feature",
      "geometry": {
        "type": "Polygon",
        "coordinates": [
          [
            [
              30.216022965923678,
              31.568336697274553
            ],
            [
              30.202729163645976,
              31.570426982945534
            ],
            [
              30.198803670794774,
              31.552317789391104
            ],
            [
              30.212097473072475,
              31.550227503720123
            ],
            [
              30.216022965923678,
              31.568336697274553
            ]
          ]
        ]
      },
      "properties": {
        "event_id": "ow-0951_0",
        "image_name": "ow-0951.jpg",
        "patch_name": "S1_20191201_035859_040038_VV_2",
        "start_time": "2019-12-01T03:58:59",
        "end_time": "2019-12-01T04:00:38",
        "sentinel_id": "S1B_IW_GRDH_1SDV_20191201T035949_20191201T040014_019166_0242DD_8737.SAFE",
        "class_name": "oil",
        "confidence": 0.7868,
        "bbox_pixels": [
          280.24,
          266.38,
          344.49,
          366.85
        ],
        "centroid_lon": 30.207413,
        "centroid_lat": 31.560327,
        "estimated_area_km2": 3.6727,
        "status": "candidate_detection",
        "note": "AI-generated suspected oil-spill candidate; not verified."
      }
    },
    {
      "type": "Feature",
      "geometry": {
        "type": "Polygon",
        "coordinates": [
          [
            [
              30.22339953803654,
              31.517160614397728
            ],
            [
              30.21776329841916,
              31.518046843233115
            ],
            [
              30.216973600889286,
              31.514403788472844
            ],
            [
              30.222609840506664,
              31.51351755963746
            ],
            [
              30.22339953803654,
              31.517160614397728
            ]
          ]
        ]
      },
      "properties": {
        "event_id": "ow-0951_1",
        "image_name": "ow-0951.jpg",
        "patch_name": "S1_20191201_035859_040038_VV_2",
        "start_time": "2019-12-01T03:58:59",
        "end_time": "2019-12-01T04:00:38",
        "sentinel_id": "S1B_IW_GRDH_1SDV_20191201T035949_20191201T040014_019166_0242DD_8737.SAFE",
        "class_name": "oil",
        "confidence": 0.7045,
        "bbox_pixels": [
          193.91,
          534.72,
          221.16,
          554.94
        ],
        "centroid_lon": 30.220187,
        "centroid_lat": 31.515782,
        "estimated_area_km2": 0.3075,
        "status": "candidate_detection",
        "note": "AI-generated suspected oil-spill candidate; not verified."
      }
    },
    {
      "type": "Feature",
      "geometry": {
        "type": "Polygon",
        "coordinates": [
          [
            [
              33.13640142957026,
              33.61385284268698
            ],
            [
              33.15833773279286,
              33.61706329680346
            ],
            [
              33.1554342104788,
              33.63069434107233
            ],
            [
              33.1334979072562,
              33.62748388695586
            ],
            [
              33.13640142957026,
              33.61385284268698
            ]
          ]
        ]
      },
      "properties": {
        "event_id": "ow-0956_0",
        "image_name": "ow-0956.jpg",
        "patch_name": "S1_20191207_154754_154934_VV_2",
        "start_time": "2019-12-07T15:47:54",
        "end_time": "2019-12-07T15:49:34",
        "sentinel_id": "S1B_IW_GRDH_1SDV_20191207T154844_20191207T154909_019261_0245D7_E80A.SAFE",
        "class_name": "oil",
        "confidence": 0.8913,
        "bbox_pixels": [
          268.6,
          282.73,
          371.74,
          358.37
        ],
        "centroid_lon": 33.145918,
        "centroid_lat": 33.622274,
        "estimated_area_km2": 4.3169,
        "status": "candidate_detection",
        "note": "AI-generated suspected oil-spill candidate; not verified."
      }
    },
    {
      "type": "Feature",
      "geometry": {
        "type": "Polygon",
        "coordinates": [
          [
            [
              32.7778047728469,
              34.496574779614534
            ],
            [
              32.83788340735771,
              34.50535621117242
            ],
            [
              32.830358396112935,
              34.540236396265385
            ],
            [
              32.77027976160212,
              34.53145496470752
            ],
            [
              32.7778047728469,
              34.496574779614534
            ]
          ]
        ]
      },
      "properties": {
        "event_id": "ow-0957_0",
        "image_name": "ow-0957.jpg",
        "patch_name": "S1_20191207_154754_154934_VV_3",
        "start_time": "2019-12-07T15:47:54",
        "end_time": "2019-12-07T15:49:34",
        "sentinel_id": "S1B_IW_GRDH_1SDV_20191207T154909_20191207T154934_019261_0245D7_07B0.SAFE",
        "class_name": "oil",
        "confidence": 0.8828,
        "bbox_pixels": [
          193.37,
          217.34,
          473.97,
          410.93
        ],
        "centroid_lon": 32.804082,
        "centroid_lat": 34.518406,
        "estimated_area_km2": 30.138,
        "status": "candidate_detection",
        "note": "AI-generated suspected oil-spill candidate; not verified."
      }
    },
    {
      "type": "Feature",
      "geometry": {
        "type": "Polygon",
        "coordinates": [
          [
            [
              32.775214689996,
              34.52538740745068
            ],
            [
              32.782118328985845,
              34.52639648220385
            ],
            [
              32.78053697789835,
              34.53372641392548
            ],
            [
              32.7736333389085,
              34.532717339172315
            ],
            [
              32.775214689996,
              34.52538740745068
            ]
          ]
        ]
      },
      "properties": {
        "event_id": "ow-0957_1",
        "image_name": "ow-0957.jpg",
        "patch_name": "S1_20191207_154754_154934_VV_3",
        "start_time": "2019-12-07T15:47:54",
        "end_time": "2019-12-07T15:49:34",
        "sentinel_id": "S1B_IW_GRDH_1SDV_20191207T154909_20191207T154934_019261_0245D7_07B0.SAFE",
        "class_name": "oil",
        "confidence": 0.4976,
        "bbox_pixels": [
          209.79,
          374.4,
          242.03,
          415.09
        ],
        "centroid_lon": 32.777876,
        "centroid_lat": 34.529557,
        "estimated_area_km2": 0.7224,
        "status": "candidate_detection",
        "note": "AI-generated suspected oil-spill candidate; not verified."
      }
    },
    {
      "type": "Feature",
      "geometry": {
        "type": "Polygon",
        "coordinates": [
          [
            [
              32.346013004743114,
              34.70172782983552
            ],
            [
              32.26815431791008,
              34.712933077127005
            ],
            [
              32.261901000051864,
              34.68295084943411
            ],
            [
              32.33975968688489,
              34.67174560214262
            ],
            [
              32.346013004743114,
              34.70172782983552
            ]
          ]
        ]
      },
      "properties": {
        "event_id": "ow-0958_0",
        "image_name": "ow-0958.jpg",
        "patch_name": "S1_20191208_035048_035227_VV_1",
        "start_time": "2019-12-08T03:50:48",
        "end_time": "2019-12-08T03:52:27",
        "sentinel_id": "S1B_IW_GRDH_1SDV_20191208T035048_20191208T035113_019268_02460F_78B1.SAFE",
        "class_name": "oil",
        "confidence": 0.5391,
        "bbox_pixels": [
          139.82,
          360.59,
          501.13,
          527.0
        ],
        "centroid_lon": 32.303957,
        "centroid_lat": 34.692339,
        "estimated_area_km2": 35.2986,
        "status": "candidate_detection",
        "note": "AI-generated suspected oil-spill candidate; not verified."
      }
    },
    {
      "type": "Feature",
      "geometry": {
        "type": "Polygon",
        "coordinates": [
          [
            [
              30.024292211009513,
              31.783329820004532
            ],
            [
              30.195308682986372,
              31.808132688530346
            ],
            [
              30.177482625850413,
              31.896257436620676
            ],
            [
              30.00646615387351,
              31.87145456809486
            ],
            [
              30.024292211009513,
              31.783329820004532
            ]
          ]
        ]
      },
      "properties": {
        "event_id": "ow-0962_0",
        "image_name": "ow-0962.jpg",
        "patch_name": "S1_20191217_160413_160553_VV_0",
        "start_time": "2019-12-17T16:04:13",
        "end_time": "2019-12-17T16:05:53",
        "sentinel_id": "S1B_IW_GRDH_1SDV_20191217T160438_20191217T160503_019407_024A8B_74A1.SAFE",
        "class_name": "oil",
        "confidence": 0.8189,
        "bbox_pixels": [
          10.74,
          120.44,
          834.16,
          609.91
        ],
        "centroid_lon": 30.100887,
        "centroid_lat": 31.839794,
        "estimated_area_km2": 224.5036,
        "status": "candidate_detection",
        "note": "AI-generated suspected oil-spill candidate; not verified."
      }
    },
    {
      "type": "Feature",
      "geometry": {
        "type": "Polygon",
        "coordinates": [
          [
            [
              29.97237964760885,
              31.520419900006374
            ],
            [
              30.01076700498623,
              31.52602982794526
            ],
            [
              30.005260124202717,
              31.55306013601883
            ],
            [
              29.966872766825333,
              31.54745020807995
            ],
            [
              29.97237964760885,
              31.520419900006374
            ]
          ]
        ]
      },
      "properties": {
        "event_id": "ow-0965_0",
        "image_name": "ow-0965.jpg",
        "patch_name": "S1_20191217_160413_160553_VV_5",
        "start_time": "2019-12-17T16:04:13",
        "end_time": "2019-12-17T16:05:53",
        "sentinel_id": "S1B_IW_GRDH_1SDV_20191217T160438_20191217T160503_019407_024A8B_74A1.SAFE",
        "class_name": "oil",
        "confidence": 0.9595,
        "bbox_pixels": [
          152.99,
          204.08,
          337.79,
          354.2
        ],
        "centroid_lon": 29.98882,
        "centroid_lat": 31.53674,
        "estimated_area_km2": 15.1322,
        "status": "candidate_detection",
        "note": "AI-generated suspected oil-spill candidate; not verified."
      }
    },
    {
      "type": "Feature",
      "geometry": {
        "type": "Polygon",
        "coordinates": [
          [
            [
              30.01124389542907,
              31.493264594128203
            ],
            [
              30.01919777503237,
              31.494426973996415
            ],
            [
              30.015246447100814,
              31.513821911981882
            ],
            [
              30.00729256749752,
              31.51265953211368
            ],
            [
              30.01124389542907,
              31.493264594128203
            ]
          ]
        ]
      },
      "properties": {
        "event_id": "ow-0965_1",
        "image_name": "ow-0965.jpg",
        "patch_name": "S1_20191217_160413_160553_VV_5",
        "start_time": "2019-12-17T16:04:13",
        "end_time": "2019-12-17T16:05:53",
        "sentinel_id": "S1B_IW_GRDH_1SDV_20191217T160438_20191217T160503_019407_024A8B_74A1.SAFE",
        "class_name": "oil",
        "confidence": 0.8551,
        "bbox_pixels": [
          308.82,
          27.0,
          347.11,
          134.71
        ],
        "centroid_lon": 30.013245,
        "centroid_lat": 31.503543,
        "estimated_area_km2": 2.5858,
        "status": "candidate_detection",
        "note": "AI-generated suspected oil-spill candidate; not verified."
      }
    },
    {
      "type": "Feature",
      "geometry": {
        "type": "Polygon",
        "coordinates": [
          [
            [
              29.94902704258968,
              31.4791653231787
            ],
            [
              29.997227663161954,
              31.486209361281198
            ],
            [
              29.99135792335427,
              31.515020748625638
            ],
            [
              29.94315730278199,
              31.507976710523153
            ],
            [
              29.94902704258968,
              31.4791653231787
            ]
          ]
        ]
      },
      "properties": {
        "event_id": "ow-0965_2",
        "image_name": "ow-0965.jpg",
        "patch_name": "S1_20191217_160413_160553_VV_5",
        "start_time": "2019-12-17T16:04:13",
        "end_time": "2019-12-17T16:05:53",
        "sentinel_id": "S1B_IW_GRDH_1SDV_20191217T160438_20191217T160503_019407_024A8B_74A1.SAFE",
        "class_name": "oil",
        "confidence": 0.4491,
        "bbox_pixels": [
          4.53,
          0.0,
          236.57,
          160.01
        ],
        "centroid_lon": 29.970192,
        "centroid_lat": 31.497093,
        "estimated_area_km2": 20.4852,
        "status": "candidate_detection",
        "note": "AI-generated suspected oil-spill candidate; not verified."
      }
    },
    {
      "type": "Feature",
      "geometry": {
        "type": "Polygon",
        "coordinates": [
          [
            [
              31.107397474388073,
              31.68826974899979
            ],
            [
              31.111208790191,
              31.688857620841304
            ],
            [
              31.11004125224624,
              31.694313835632553
            ],
            [
              31.106229936443313,
              31.69372596379103
            ],
            [
              31.107397474388073,
              31.68826974899979
            ]
          ]
        ]
      },
      "properties": {
        "event_id": "ow-0969_0",
        "image_name": "ow-0969.jpg",
        "patch_name": "S1_20191218_155645_155825_VV_6",
        "start_time": "2019-12-18T15:56:45",
        "end_time": "2019-12-18T15:58:25",
        "sentinel_id": "S1A_IW_GRDH_1SDV_20191218T155710_20191218T155735_030405_037AC0_C384.SAFE",
        "class_name": "oil",
        "confidence": 0.6653,
        "bbox_pixels": [
          350.59,
          9.84,
          368.94,
          40.06
        ],
        "centroid_lon": 31.108719,
        "centroid_lat": 31.691292,
        "estimated_area_km2": 0.3173,
        "status": "candidate_detection",
        "note": "AI-generated suspected oil-spill candidate; not verified."
      }
    },
    {
      "type": "Feature",
      "geometry": {
        "type": "Polygon",
        "coordinates": [
          [
            [
              31.08194316563426,
              31.7325023196434
            ],
            [
              31.085088085593245,
              31.732987404056058
            ],
            [
              31.084569139460655,
              31.735412577111205
            ],
            [
              31.08142421950167,
              31.73492749269854
            ],
            [
              31.08194316563426,
              31.7325023196434
            ]
          ]
        ]
      },
      "properties": {
        "event_id": "ow-0969_1",
        "image_name": "ow-0969.jpg",
        "patch_name": "S1_20191218_155645_155825_VV_6",
        "start_time": "2019-12-18T15:56:45",
        "end_time": "2019-12-18T15:58:25",
        "sentinel_id": "S1A_IW_GRDH_1SDV_20191218T155710_20191218T155735_030405_037AC0_C384.SAFE",
        "class_name": "oil",
        "confidence": 0.6207,
        "bbox_pixels": [
          276.05,
          268.07,
          291.19,
          281.5
        ],
        "centroid_lon": 31.083256,
        "centroid_lat": 31.733957,
        "estimated_area_km2": 0.1124,
        "status": "candidate_detection",
        "note": "AI-generated suspected oil-spill candidate; not verified."
      }
    },
    {
      "type": "Feature",
      "geometry": {
        "type": "Polygon",
        "coordinates": [
          [
            [
              31.121642579959005,
              31.72737702809653
            ],
            [
              31.1273094445437,
              31.728251106837654
            ],
            [
              31.12535939898963,
              31.73736418743902
            ],
            [
              31.119692534404933,
              31.736490108697893
            ],
            [
              31.121642579959005,
              31.72737702809653
            ]
          ]
        ]
      },
      "properties": {
        "event_id": "ow-0969_2",
        "image_name": "ow-0969.jpg",
        "patch_name": "S1_20191218_155645_155825_VV_6",
        "start_time": "2019-12-18T15:56:45",
        "end_time": "2019-12-18T15:58:25",
        "sentinel_id": "S1A_IW_GRDH_1SDV_20191218T155710_20191218T155735_030405_037AC0_C384.SAFE",
        "class_name": "oil",
        "confidence": 0.5883,
        "bbox_pixels": [
          456.01,
          207.75,
          483.3,
          258.23
        ],
        "centroid_lon": 31.123501,
        "centroid_lat": 31.732371,
        "estimated_area_km2": 0.8018,
        "status": "candidate_detection",
        "note": "AI-generated suspected oil-spill candidate; not verified."
      }
    },
    {
      "type": "Feature",
      "geometry": {
        "type": "Polygon",
        "coordinates": [
          [
            [
              31.1298292812519,
              31.708531853485898
            ],
            [
              31.132301816986526,
              31.708913226799126
            ],
            [
              31.131224752908306,
              31.713946633191707
            ],
            [
              31.128752217173673,
              31.71356525987848
            ],
            [
              31.1298292812519,
              31.708531853485898
            ]
          ]
        ]
      },
      "properties": {
        "event_id": "ow-0969_3",
        "image_name": "ow-0969.jpg",
        "patch_name": "S1_20191218_155645_155825_VV_6",
        "start_time": "2019-12-18T15:56:45",
        "end_time": "2019-12-18T15:58:25",
        "sentinel_id": "S1A_IW_GRDH_1SDV_20191218T155710_20191218T155735_030405_037AC0_C384.SAFE",
        "class_name": "oil",
        "confidence": 0.5127,
        "bbox_pixels": [
          475.38,
          99.94,
          487.29,
          127.82
        ],
        "centroid_lon": 31.130527,
        "centroid_lat": 31.711239,
        "estimated_area_km2": 0.2026,
        "status": "candidate_detection",
        "note": "AI-generated suspected oil-spill candidate; not verified."
      }
    },
    {
      "type": "Feature",
      "geometry": {
        "type": "Polygon",
        "coordinates": [
          [
            [
              31.09135125349429,
              31.734321780289573
            ],
            [
              31.09337279764632,
              31.734633590946267
            ],
            [
              31.092471075201452,
              31.73884757933386
            ],
            [
              31.090449531049423,
              31.73853576867717
            ],
            [
              31.09135125349429,
              31.734321780289573
            ]
          ]
        ]
      },
      "properties": {
        "event_id": "ow-0969_4",
        "image_name": "ow-0969.jpg",
        "patch_name": "S1_20191218_155645_155825_VV_6",
        "start_time": "2019-12-18T15:56:45",
        "end_time": "2019-12-18T15:58:25",
        "sentinel_id": "S1A_IW_GRDH_1SDV_20191218T155710_20191218T155735_030405_037AC0_C384.SAFE",
        "class_name": "oil",
        "confidence": 0.4333,
        "bbox_pixels": [
          321.72,
          270.05,
          331.46,
          293.39
        ],
        "centroid_lon": 31.091911,
        "centroid_lat": 31.736585,
        "estimated_area_km2": 0.1394,
        "status": "candidate_detection",
        "note": "AI-generated suspected oil-spill candidate; not verified."
      }
    },
    {
      "type": "Feature",
      "geometry": {
        "type": "Polygon",
        "coordinates": [
          [
            [
              31.92473029100695,
              31.887092842618568
            ],
            [
              31.935702919649973,
              31.88870951869378
            ],
            [
              31.934343009758926,
              31.895341420117123
            ],
            [
              31.9233703811159,
              31.89372474404191
            ],
            [
              31.92473029100695,
              31.887092842618568
            ]
          ]
        ]
      },
      "properties": {
        "event_id": "ow-0970_0",
        "image_name": "ow-0970.jpg",
        "patch_name": "S1_20191218_155645_155825_VV_7",
        "start_time": "2019-12-18T15:56:45",
        "end_time": "2019-12-18T15:58:25",
        "sentinel_id": "S1A_IW_GRDH_1SDV_20191218T155710_20191218T155735_030405_037AC0_C384.SAFE",
        "class_name": "oil",
        "confidence": 0.8336,
        "bbox_pixels": [
          298.63,
          301.76,
          351.33,
          338.52
        ],
        "centroid_lon": 31.929537,
        "centroid_lat": 31.891217,
        "estimated_area_km2": 1.0703,
        "status": "candidate_detection",
        "note": "AI-generated suspected oil-spill candidate; not verified."
      }
    },
    {
      "type": "Feature",
      "geometry": {
        "type": "Polygon",
        "coordinates": [
          [
            [
              33.66281664295783,
              33.583077921259516
            ],
            [
              33.67156458893725,
              33.58432956097921
            ],
            [
              33.67061875810299,
              33.58892695974833
            ],
            [
              33.661870812123574,
              33.58767532002864
            ],
            [
              33.66281664295783,
              33.583077921259516
            ]
          ]
        ]
      },
      "properties": {
        "event_id": "ow-0974_0",
        "image_name": "ow-0974.jpg",
        "patch_name": "S1_20191219_154753_154933_VV_3",
        "start_time": "2019-12-19T15:47:53",
        "end_time": "2019-12-19T15:49:33",
        "sentinel_id": "S1B_IW_GRDH_1SDV_20191219T154843_20191219T154908_019436_024B6B_D265.SAFE",
        "class_name": "oil",
        "confidence": 0.8009,
        "bbox_pixels": [
          87.03,
          521.06,
          128.37,
          546.58
        ],
        "centroid_lon": 33.666718,
        "centroid_lat": 33.586002,
        "estimated_area_km2": 0.5853,
        "status": "candidate_detection",
        "note": "AI-generated suspected oil-spill candidate; not verified."
      }
    },
    {
      "type": "Feature",
      "geometry": {
        "type": "Polygon",
        "coordinates": [
          [
            [
              32.36627837632074,
              34.040822685731634
            ],
            [
              32.30924811107864,
              34.04924643689783
            ],
            [
              32.30712307792412,
              34.039455422843545
            ],
            [
              32.36415334316622,
              34.031031671677354
            ],
            [
              32.36627837632074,
              34.040822685731634
            ]
          ]
        ]
      },
      "properties": {
        "event_id": "ow-0978_0",
        "image_name": "ow-0978.jpg",
        "patch_name": "S1_20191220_035048_035227_VV_2",
        "start_time": "2019-12-20T03:50:48",
        "end_time": "2019-12-20T03:52:27",
        "sentinel_id": "S1B_IW_GRDH_1SDV_20191220T035113_20191220T035138_019443_024BA5_ABE1.SAFE",
        "class_name": "oil",
        "confidence": 0.8752,
        "bbox_pixels": [
          185.17,
          292.5,
          451.99,
          346.87
        ],
        "centroid_lon": 32.336701,
        "centroid_lat": 34.040139,
        "estimated_area_km2": 11.0645,
        "status": "candidate_detection",
        "note": "AI-generated suspected oil-spill candidate; not verified."
      }
    },
    {
      "type": "Feature",
      "geometry": {
        "type": "Polygon",
        "coordinates": [
          [
            [
              32.40837034453464,
              34.047314528242445
            ],
            [
              32.40167325191875,
              34.04830373356165
            ],
            [
              32.40048318891108,
              34.042820560930295
            ],
            [
              32.40718028152697,
              34.041831355611095
            ],
            [
              32.40837034453464,
              34.047314528242445
            ]
          ]
        ]
      },
      "properties": {
        "event_id": "ow-0978_1",
        "image_name": "ow-0978.jpg",
        "patch_name": "S1_20191220_035048_035227_VV_2",
        "start_time": "2019-12-20T03:50:48",
        "end_time": "2019-12-20T03:52:27",
        "sentinel_id": "S1B_IW_GRDH_1SDV_20191220T035113_20191220T035138_019443_024BA5_ABE1.SAFE",
        "class_name": "oil",
        "confidence": 0.7344,
        "bbox_pixels": [
          0.75,
          224.12,
          32.08,
          254.56
        ],
        "centroid_lon": 32.404427,
        "centroid_lat": 34.045068,
        "estimated_area_km2": 0.5242,
        "status": "candidate_detection",
        "note": "AI-generated suspected oil-spill candidate; not verified."
      }
    },
    {
      "type": "Feature",
      "geometry": {
        "type": "Polygon",
        "coordinates": [
          [
            [
              32.67534357413936,
              33.95588704527214
            ],
            [
              32.646747404277114,
              33.96017879543291
            ],
            [
              32.638750451489926,
              33.923874583259206
            ],
            [
              32.66734662135217,
              33.91958283309843
            ],
            [
              32.67534357413936,
              33.95588704527214
            ]
          ]
        ]
      },
      "properties": {
        "event_id": "ow-0979_0",
        "image_name": "ow-0979.jpg",
        "patch_name": "S1_20191220_035048_035227_VV_3",
        "start_time": "2019-12-20T03:50:48",
        "end_time": "2019-12-20T03:52:27",
        "sentinel_id": "S1B_IW_GRDH_1SDV_20191220T035113_20191220T035138_019443_024BA5_ABE1.SAFE",
        "class_name": "oil",
        "confidence": 0.8337,
        "bbox_pixels": [
          236.73,
          189.22,
          370.64,
          390.8
        ],
        "centroid_lon": 32.657047,
        "centroid_lat": 33.939881,
        "estimated_area_km2": 15.2725,
        "status": "candidate_detection",
        "note": "AI-generated suspected oil-spill candidate; not verified."
      }
    },
    {
      "type": "Feature",
      "geometry": {
        "type": "Polygon",
        "coordinates": [
          [
            [
              33.853918006716725,
              34.271454208931544
            ],
            [
              33.86361942186148,
              34.272949832928994
            ],
            [
              33.862272421736975,
              34.27889510799909
            ],
            [
              33.85257100659223,
              34.277399484001634
            ],
            [
              33.853918006716725,
              34.271454208931544
            ]
          ]
        ]
      },
      "properties": {
        "event_id": "ow-0982_0",
        "image_name": "ow-0982.jpg",
        "patch_name": "S1_20191220_154015_154155_VV_4",
        "start_time": "2019-12-20T15:40:15",
        "end_time": "2019-12-20T15:41:55",
        "sentinel_id": "S1A_IW_GRDH_1SDV_20191220T154130_20191220T154155_030434_037BB3_2D8A.SAFE",
        "class_name": "oil",
        "confidence": 0.7922,
        "bbox_pixels": [
          288.51,
          318.27,
          333.85,
          351.27
        ],
        "centroid_lon": 33.858095,
        "centroid_lat": 34.275175,
        "estimated_area_km2": 0.8418,
        "status": "candidate_detection",
        "note": "AI-generated suspected oil-spill candidate; not verified."
      }
    },
    {
      "type": "Feature",
      "geometry": {
        "type": "Polygon",
        "coordinates": [
          [
            [
              33.86369579899864,
              34.26773631309145
            ],
            [
              33.86886293144871,
              34.26853290690534
            ],
            [
              33.86757254172273,
              34.274228319792876
            ],
            [
              33.862405409272654,
              34.27343172597899
            ],
            [
              33.86369579899864,
              34.26773631309145
            ]
          ]
        ]
      },
      "properties": {
        "event_id": "ow-0982_1",
        "image_name": "ow-0982.jpg",
        "patch_name": "S1_20191220_154015_154155_VV_4",
        "start_time": "2019-12-20T15:40:15",
        "end_time": "2019-12-20T15:41:55",
        "sentinel_id": "S1A_IW_GRDH_1SDV_20191220T154130_20191220T154155_030434_037BB3_2D8A.SAFE",
        "class_name": "oil",
        "confidence": 0.7851,
        "bbox_pixels": [
          328.86,
          290.24,
          353.01,
          321.86
        ],
        "centroid_lon": 33.865634,
        "centroid_lat": 34.270982,
        "estimated_area_km2": 0.4293,
        "status": "candidate_detection",
        "note": "AI-generated suspected oil-spill candidate; not verified."
      }
    },
    {
      "type": "Feature",
      "geometry": {
        "type": "Polygon",
        "coordinates": [
          [
            [
              34.18602371861887,
              34.36219517423055
            ],
            [
              34.18260174155509,
              34.36268754267118
            ],
            [
              34.181484749672094,
              34.35755535267072
            ],
            [
              34.184906726735875,
              34.35706298423009
            ],
            [
              34.18602371861887,
              34.36219517423055
            ]
          ]
        ]
      },
      "properties": {
        "event_id": "ow-0983_0",
        "image_name": "ow-0983.jpg",
        "patch_name": "S1_20191221_034305_034445_VV_3",
        "start_time": "2019-12-21T03:43:05",
        "end_time": "2019-12-21T03:44:45",
        "sentinel_id": "S1A_IW_GRDH_1SDV_20191221T034330_20191221T034355_030441_037BF3_5BD0.SAFE",
        "class_name": "oil",
        "confidence": 0.711,
        "bbox_pixels": [
          215.05,
          587.55,
          231.03,
          616.06
        ],
        "centroid_lon": 34.183754,
        "centroid_lat": 34.359875,
        "estimated_area_km2": 0.2612,
        "status": "candidate_detection",
        "note": "AI-generated suspected oil-spill candidate; not verified."
      }
    },
    {
      "type": "Feature",
      "geometry": {
        "type": "Polygon",
        "coordinates": [
          [
            [
              34.1679759971045,
              34.46936239957987
            ],
            [
              34.162610513769295,
              34.47013440787034
            ],
            [
              34.161189712315995,
              34.46360631834502
            ],
            [
              34.16655519565119,
              34.46283431005456
            ],
            [
              34.1679759971045,
              34.46936239957987
            ]
          ]
        ]
      },
      "properties": {
        "event_id": "ow-0983_1",
        "image_name": "ow-0983.jpg",
        "patch_name": "S1_20191221_034305_034445_VV_3",
        "start_time": "2019-12-21T03:43:05",
        "end_time": "2019-12-21T03:44:45",
        "sentinel_id": "S1A_IW_GRDH_1SDV_20191221T034330_20191221T034355_030441_037BF3_5BD0.SAFE",
        "class_name": "oil",
        "confidence": 0.6809,
        "bbox_pixels": [
          402.39,
          24.31,
          427.44,
          60.57
        ],
        "centroid_lon": 34.164583,
        "centroid_lat": 34.466484,
        "estimated_area_km2": 0.5061,
        "status": "candidate_detection",
        "note": "AI-generated suspected oil-spill candidate; not verified."
      }
    },
    {
      "type": "Feature",
      "geometry": {
        "type": "Polygon",
        "coordinates": [
          [
            [
              34.310334136624306,
              34.325432966871176
            ],
            [
              34.253771270770926,
              34.333707481103545
            ],
            [
              34.24510518758519,
              34.294487650674206
            ],
            [
              34.30166805343856,
              34.286213136441845
            ],
            [
              34.310334136624306,
              34.325432966871176
            ]
          ]
        ]
      },
      "properties": {
        "event_id": "ow-0984_0",
        "image_name": "ow-0984.jpg",
        "patch_name": "S1_20191221_034305_034445_VV_5",
        "start_time": "2019-12-21T03:43:05",
        "end_time": "2019-12-21T03:44:45",
        "sentinel_id": "S1A_IW_GRDH_1SDV_20191221T034330_20191221T034355_030441_037BF3_5BD0.SAFE",
        "class_name": "oil",
        "confidence": 0.9707,
        "bbox_pixels": [
          269.18,
          183.15,
          533.58,
          400.97
        ],
        "centroid_lon": 34.27772,
        "centroid_lat": 34.30996,
        "estimated_area_km2": 31.7109,
        "status": "candidate_detection",
        "note": "AI-generated suspected oil-spill candidate; not verified."
      }
    },
    {
      "type": "Feature",
      "geometry": {
        "type": "Polygon",
        "coordinates": [
          [
            [
              34.439014491424274,
              34.21872912835873
            ],
            [
              34.38632358264954,
              34.22643721860477
            ],
            [
              34.38323636256822,
              34.21246548010508
            ],
            [
              34.43592727134295,
              34.20475738985904
            ],
            [
              34.439014491424274,
              34.21872912835873
            ]
          ]
        ]
      },
      "properties": {
        "event_id": "ow-0986_0",
        "image_name": "ow-0986.jpg",
        "patch_name": "S1_20191221_034305_034445_VV_7",
        "start_time": "2019-12-21T03:43:05",
        "end_time": "2019-12-21T03:44:45",
        "sentinel_id": "S1A_IW_GRDH_1SDV_20191221T034330_20191221T034355_030441_037BF3_5BD0.SAFE",
        "class_name": "oil",
        "confidence": 0.8703,
        "bbox_pixels": [
          219.74,
          275.95,
          466.04,
          353.55
        ],
        "centroid_lon": 34.411125,
        "centroid_lat": 34.215597,
        "estimated_area_km2": 12.3918,
        "status": "candidate_detection",
        "note": "AI-generated suspected oil-spill candidate; not verified."
      }
    },
    {
      "type": "Feature",
      "geometry": {
        "type": "Polygon",
        "coordinates": [
          [
            [
              32.823288649244006,
              31.29093533319186
            ],
            [
              32.8114426750043,
              31.292670884922977
            ],
            [
              32.810029879725896,
              31.285769511825507
            ],
            [
              32.821875853965594,
              31.284033960094394
            ],
            [
              32.823288649244006,
              31.29093533319186
            ]
          ]
        ]
      },
      "properties": {
        "event_id": "ow-0989_0",
        "image_name": "ow-0989.jpg",
        "patch_name": "S1_20191221_034305_034445_VV_17",
        "start_time": "2019-12-21T03:43:05",
        "end_time": "2019-12-21T03:44:45",
        "sentinel_id": "S1A_IW_GRDH_1SDV_20191221T034420_20191221T034445_030441_037BF3_B34A.SAFE",
        "class_name": "oil",
        "confidence": 0.6611,
        "bbox_pixels": [
          292.67,
          302.96,
          349.82,
          341.27
        ],
        "centroid_lon": 32.816659,
        "centroid_lat": 31.288352,
        "estimated_area_km2": 1.2127,
        "status": "candidate_detection",
        "note": "AI-generated suspected oil-spill candidate; not verified."
      }
    }
  ]
}